wikipedia_title,wikipedia_url,question_original,question,question_type,answer,evidence,evidence_section_id,evidence_section_title,dataset_name,dataset_category_id,wikipedia_url_used_in_train,encyclopedic_vqa_split,dataset_image_ids,data_id
Edificio España,https://en.wikipedia.org/wiki/Edificio_Espa%C3%B1a,How many levels does this building have?,How many levels does this building have?,Numerical,27,0,0,0,infoseek,0,0,0,oven_04958423,infoseek_val_00000019
Galerie Vivienne,https://en.wikipedia.org/wiki/Galerie_Vivienne,In which year did this building officially open?,In which year did this building officially open?,Time,1826,0,0,0,infoseek,0,0,0,oven_04955767,infoseek_val_00000023
Lloyd's building,https://en.wikipedia.org/wiki/Lloyd%27s_building,Whom was this building officially opened by?,Whom was this building officially opened by?,String,Elizabeth II,0,0,0,infoseek,0,0,0,oven_04955437,infoseek_val_00000061
Pasta,https://en.wikipedia.org/wiki/Pasta,What is the course type of this food?,What is the course type of this food?,String,first course,0,0,0,infoseek,0,0,0,oven_05002717,infoseek_val_00000106
Variometer,https://en.wikipedia.org/wiki/Variometer,In which year was this object invented or discovered?,In which year was this object invented or discovered?,Time,1929,0,0,0,infoseek,0,0,0,oven_04998454,infoseek_val_00000122
Sewu,https://en.wikipedia.org/wiki/Sewu,What is the location of this building?,What is the location of this building?,String,Klaten|Central Java,0,0,0,infoseek,0,0,0,oven_04952974,infoseek_val_00000137
Plains leopard frog,https://en.wikipedia.org/wiki/Plains_leopard_frog,What is the closest upper taxonomy of this animal?,What is the closest upper taxonomy of this animal?,String,Lithobates,0,0,0,infoseek,0,0,0,oven_04967801,infoseek_val_00000142
Lloyd's building,https://en.wikipedia.org/wiki/Lloyd%27s_building,On what date did this building officially open?,On what date did this building officially open?,Time,1986 11 18,0,0,0,infoseek,0,0,0,oven_04955439,infoseek_val_00000163
Rye,https://en.wikipedia.org/wiki/Rye,What is the closest parent taxonomy of this plant?,What is the closest parent taxonomy of this plant?,String,Secale,0,0,0,infoseek,0,0,0,oven_05003178,infoseek_val_00000174
Coprosma lucida,https://en.wikipedia.org/wiki/Coprosma_lucida,Which place is this plant endemic to?,Which place is this plant endemic to?,String,New Zealand,0,0,0,infoseek,0,0,0,oven_04962958,infoseek_val_00000221
De Havilland,https://en.wikipedia.org/wiki/De_Havilland,What is the parent organization of this aircraft?,What is the parent organization of this aircraft?,String,Hawker Siddeley,0,0,0,infoseek,0,0,0,oven_04950475,infoseek_val_00000232
Dahlia 'Bishop of Llandaff',https://en.wikipedia.org/wiki/Dahlia_%27Bishop_of_Llandaff%27,What is the height of this plant in metre?,What is the height of this plant in metre?,Numerical,1.1,0,0,0,infoseek,0,0,0,oven_04959050,infoseek_val_00000241
St. Peter's Basilica,https://en.wikipedia.org/wiki/St._Peter%27s_Basilica,What is the length of this building in metre?,What is the length of this building in metre?,Numerical,220,0,0,0,infoseek,0,0,0,oven_04957803,infoseek_val_00000253
"Albert Bridge, London","https://en.wikipedia.org/wiki/Albert_Bridge,_London",What is the location of this bridge?,What is the location of this bridge?,String,Battersea,0,0,0,infoseek,0,0,0,oven_04957629,infoseek_val_00000256
Kākā,https://en.wikipedia.org/wiki/New_Zealand_kaka,"What is the conservation status of this bird? (The status is assigned by the international union for conservation of nature. Choose one among Endangered,Least Concern,Critically Endangered,extinct species,extinct in the wild,Vulnerable,Near Threatened,Data Deficient)","What is the conservation status of this bird? (The status is assigned by the international union for conservation of nature. Choose one among Endangered,Least Concern,Critically Endangered,extinct species,extinct in the wild,Vulnerable,Near Threatened,Data Deficient)",String,Endangered,0,0,0,infoseek,0,0,0,oven_04962483,infoseek_val_00000263
Nizhny Novgorod Kremlin,https://en.wikipedia.org/wiki/Nizhny_Novgorod_Kremlin,What is the location of this building?,What is the location of this building?,String,Nizhny Novgorod,0,0,0,infoseek,0,0,0,oven_04958190,infoseek_val_00000334
Kessock Bridge,https://en.wikipedia.org/wiki/Kessock_Bridge,What is the length of this bridge in metre?,What is the length of this bridge in metre?,Numerical,1056,0,0,0,infoseek,0,0,0,oven_04956102,infoseek_val_00000342
Kohekohe,https://en.wikipedia.org/wiki/Kohekohe,What is the closest parent taxonomy of this plant?,What is the closest parent taxonomy of this plant?,String,Dysoxylum,0,0,0,infoseek,0,0,0,oven_04962537,infoseek_val_00000356
Lake Lucerne,https://en.wikipedia.org/wiki/Lake_Lucerne,What is the height of this lake in terms of metre above sea level?,What is the height of this lake in terms of metre above sea level?,Numerical,434,0,0,0,infoseek,0,0,0,oven_04955079,infoseek_val_00000357
Mayonnaise,https://en.wikipedia.org/wiki/Mayonnaise,What is this food named after?,What is this food named after?,String,Mahon,0,0,0,infoseek,0,0,0,oven_05002457,infoseek_val_00000360
Bren light machine gun,https://en.wikipedia.org/wiki/Bren_light_machine_gun,the equipment in the image participated in which conflict?,the equipment in the image participated in which conflict?,String,World War II|Korean War,0,0,0,infoseek,0,0,0,oven_04984365,infoseek_val_00000364
Brazil nut,https://en.wikipedia.org/wiki/Brazil_nut,Which geographic area is this plant found?,Which geographic area is this plant found?,String,Brazil,0,0,0,infoseek,0,0,0,oven_05002077,infoseek_val_00000365
Hotel del Coronado,https://en.wikipedia.org/wiki/Hotel_del_Coronado,In which year did this building officially open?,In which year did this building officially open?,Time,1888,0,0,0,infoseek,0,0,0,oven_04956616,infoseek_val_00000402
Cathedral of Talin,https://en.wikipedia.org/wiki/Cathedral_of_Talin,What country does this building belong to?,What country does this building belong to?,String,Armenia,0,0,0,infoseek,0,0,0,oven_04955894,infoseek_val_00000410
Dead Sea,https://en.wikipedia.org/wiki/Dead_Sea,What is the length of this lake in kilometre?,What is the length of this lake in kilometre?,Numerical,67,0,0,0,infoseek,0,0,0,oven_04957496,infoseek_val_00000444
Mill Colonnade,https://en.wikipedia.org/wiki/Mill_Colonnade,What country does this place belong to?,What country does this place belong to?,String,Czech Republic,0,0,0,infoseek,0,0,0,oven_04955132,infoseek_val_00000475
Serra dos Órgãos,https://en.wikipedia.org/wiki/Serra_dos_%C3%93rg%C3%A3os,What country does this mountain belong to?,What country does this mountain belong to?,String,Brazil,0,0,0,infoseek,0,0,0,oven_04953861,infoseek_val_00000488
Northern fulmar,https://en.wikipedia.org/wiki/Northern_fulmar,"What is the conservation status of this bird? (The status is assigned by the international union for conservation of nature. Choose one among Endangered,Least Concern,Critically Endangered,extinct species,extinct in the wild,Vulnerable,Near Threatened,Data Deficient)","What is the conservation status of this bird? (The status is assigned by the international union for conservation of nature. Choose one among Endangered,Least Concern,Critically Endangered,extinct species,extinct in the wild,Vulnerable,Near Threatened,Data Deficient)",String,Least Concern,0,0,0,infoseek,0,0,0,oven_04967237,infoseek_val_00000516
Place de la Concorde,https://en.wikipedia.org/wiki/Place_de_la_Concorde,What is the location of this building?,What is the location of this building?,String,8th arrondissement of Paris,0,0,0,infoseek,0,0,0,oven_04956340,infoseek_val_00000536
Alpaca,https://en.wikipedia.org/wiki/Alpaca,What is the closest upper taxonomy of this animal?,What is the closest upper taxonomy of this animal?,String,Vicugna,0,0,0,infoseek,0,0,0,oven_04981566,infoseek_val_00000540
Amrum Lighthouse,https://en.wikipedia.org/wiki/Amrum_Lighthouse,Which body of water is this building located in or next to?,Which body of water is this building located in or next to?,String,North Sea,0,0,0,infoseek,0,0,0,oven_04957671,infoseek_val_00000589
United States Botanic Garden,https://en.wikipedia.org/wiki/United_States_Botanic_Garden,What is the location of this garden?,What is the location of this garden?,String,National Mall|Southwest,0,0,0,infoseek,0,0,0,oven_04953788,infoseek_val_00000599
Wood sandpiper,https://en.wikipedia.org/wiki/Wood_sandpiper,"What is the conservation status of this bird? (The status is assigned by the international union for conservation of nature. Choose one among Endangered,Least Concern,Critically Endangered,extinct species,extinct in the wild,Vulnerable,Near Threatened,Data Deficient)","What is the conservation status of this bird? (The status is assigned by the international union for conservation of nature. Choose one among Endangered,Least Concern,Critically Endangered,extinct species,extinct in the wild,Vulnerable,Near Threatened,Data Deficient)",String,Least Concern,0,0,0,infoseek,0,0,0,oven_04968084,infoseek_val_00000621
Blyde River Canyon,https://en.wikipedia.org/wiki/Blyde_River_Canyon,What country does this place belong to?,What country does this place belong to?,String,South Africa,0,0,0,infoseek,0,0,0,oven_04951031,infoseek_val_00000667
White-bellied sea eagle,https://en.wikipedia.org/wiki/White-bellied_sea_eagle,How many offspring can this bird produce at the same time?,How many offspring can this bird produce at the same time?,Numerical,2,0,0,0,infoseek,0,0,0,oven_04962196,infoseek_val_00000684
Nervi,https://en.wikipedia.org/wiki/Nervi,Which city or region does this place locate in?,Which city or region does this place locate in?,String,Genoa,0,0,0,infoseek,0,0,0,oven_04951526,infoseek_val_00000729
Gray fox,https://en.wikipedia.org/wiki/Gray_fox,How many offspring can this animal produce at the same time?,How many offspring can this animal produce at the same time?,Numerical,3.8,0,0,0,infoseek,0,0,0,oven_04972324,infoseek_val_00000783
"Albert Bridge, London","https://en.wikipedia.org/wiki/Albert_Bridge,_London",What is the length in metre is the bridge in the image?,What is the length in metre is the bridge in the image?,Numerical,217,0,0,0,infoseek,0,0,0,oven_04957625,infoseek_val_00000834
Stylophorum diphyllum,https://en.wikipedia.org/wiki/Stylophorum_diphyllum,What is the closest parent taxonomy of this plant?,What is the closest parent taxonomy of this plant?,String,Stylophorum,0,0,0,infoseek,0,0,0,oven_04966162,infoseek_val_00000853
Necromanteion of Acheron,https://en.wikipedia.org/wiki/Necromanteion_of_Acheron,Which culture is associated with this place?,Which culture is associated with this place?,String,Ancient Greece,0,0,0,infoseek,0,0,0,oven_04955301,infoseek_val_00000986
"Savannah Historic District (Savannah, Georgia)","https://en.wikipedia.org/wiki/Savannah_Historic_District_(Savannah,_Georgia)",What country does this place belong to?,What country does this place belong to?,String,United States of America,0,0,0,infoseek,0,0,0,oven_04958069,infoseek_val_00000995
Minar-e-Pakistan,https://en.wikipedia.org/wiki/Minar-e-Pakistan,What country does this place belong to?,What country does this place belong to?,String,Pakistan,0,0,0,infoseek,0,0,0,oven_04951999,infoseek_val_00001015
Packera obovata,https://en.wikipedia.org/wiki/Packera_obovata,What is the closest upper taxonomy of this plant?,What is the closest upper taxonomy of this plant?,String,Packera,0,0,0,infoseek,0,0,0,oven_04968454,infoseek_val_00001037
Pangong Tso,https://en.wikipedia.org/wiki/Pangong_Tso,What country does this lake belong to?,What country does this lake belong to?,String,India,0,0,0,infoseek,0,0,0,oven_04951345,infoseek_val_00001040
Lake Suwa,https://en.wikipedia.org/wiki/Lake_Suwa,Which city or region does this lake locate in?,Which city or region does this lake locate in?,String,Nagano Prefecture,0,0,0,infoseek,0,0,0,oven_04951915,infoseek_val_00001063
Camden Lock,https://en.wikipedia.org/wiki/Camden_Lock,Which city or region does this place locate in?,Which city or region does this place locate in?,String,London Borough of Camden,0,0,0,infoseek,0,0,0,oven_04951404,infoseek_val_00001068
Great spotted woodpecker,https://en.wikipedia.org/wiki/Great_spotted_woodpecker,How heavy does this bird typically grow up to in terms of gram?,How heavy does this bird typically grow up to in terms of gram?,Numerical,89,0,0,0,infoseek,0,0,0,oven_04969263,infoseek_val_00001125
Stonehenge,https://en.wikipedia.org/wiki/Stonehenge,Who is the owner of this building?,Who is the owner of this building?,String,National Trust,0,0,0,infoseek,0,0,0,oven_04954736,infoseek_val_00001145
Erebuni Fortress,https://en.wikipedia.org/wiki/Erebuni_Fortress,What country does this building belong to?,What country does this building belong to?,String,Armenia,0,0,0,infoseek,0,0,0,oven_04951248,infoseek_val_00001286
Loch Ard Gorge,https://en.wikipedia.org/wiki/Loch_Ard_Gorge,Which city or region does this place locate in?,Which city or region does this place locate in?,String,Victoria,0,0,0,infoseek,0,0,0,oven_04952536,infoseek_val_00001317
Venta Rapid,https://en.wikipedia.org/wiki/Venta_Rapid,Which city or region does this place locate in?,Which city or region does this place locate in?,String,Kuldīga,0,0,0,infoseek,0,0,0,oven_04956529,infoseek_val_00001323
Libocedrus bidwillii,https://en.wikipedia.org/wiki/Libocedrus_bidwillii,"What is the conservation status of this plant? (The status is assigned by the international union for conservation of nature. Choose one among Endangered,Least Concern,Critically Endangered,extinct species,extinct in the wild,Vulnerable,Near Threatened,Data Deficient)","What is the conservation status of this plant? (The status is assigned by the international union for conservation of nature. Choose one among Endangered,Least Concern,Critically Endangered,extinct species,extinct in the wild,Vulnerable,Near Threatened,Data Deficient)",String,Near Threatened,0,0,0,infoseek,0,0,0,oven_05004965,infoseek_val_00001354
Canadian National Vimy Memorial,https://en.wikipedia.org/wiki/Canadian_National_Vimy_Memorial,Who was this building unveiled by?,Who was this building unveiled by?,String,Edward VIII,0,0,0,infoseek,0,0,0,oven_04951799,infoseek_val_00001385
Ingleborough,https://en.wikipedia.org/wiki/Ingleborough,Which city or region does this mountain locate in?,Which city or region does this mountain locate in?,String,Ingleton|Clapham cum Newby,0,0,0,infoseek,0,0,0,oven_04954684,infoseek_val_00001398
Eriophyllum lanatum,https://en.wikipedia.org/wiki/Eriophyllum_lanatum,What is the closest parent taxonomy of this plant?,What is the closest parent taxonomy of this plant?,String,Eriophyllum,0,0,0,infoseek,0,0,0,oven_04969555,infoseek_val_00001415
Serra da Estrela,https://en.wikipedia.org/wiki/Serra_da_Estrela,How wide is the mountain in the image? answer in kilometre,How wide is the mountain in the image? answer in kilometre,Numerical,30,0,0,0,infoseek,0,0,0,oven_04958200,infoseek_val_00001459
Great kiskadee,https://en.wikipedia.org/wiki/Great_kiskadee,What is the length of the incubation period (in day) of this bird's egg?,What is the length of the incubation period (in day) of this bird's egg?,Numerical,16,0,0,0,infoseek,0,0,0,oven_04963595,infoseek_val_00001473
Bothrops asper,https://en.wikipedia.org/wiki/Bothrops_asper,What is the closest upper taxonomy of this animal?,What is the closest upper taxonomy of this animal?,String,Bothrops,0,0,0,infoseek,0,0,0,oven_04961950,infoseek_val_00001488
Sydney Town Hall,https://en.wikipedia.org/wiki/Sydney_Town_Hall,Who is the owner of this building?,Who is the owner of this building?,String,City of Sydney,0,0,0,infoseek,0,0,0,oven_04953350,infoseek_val_00001521
Palace of Westminster,https://en.wikipedia.org/wiki/Palace_of_Westminster,What is the architectural style of this building?,What is the architectural style of this building?,String,Perpendicular Gothic|English Gothic architecture|Gothic Revival,0,0,0,infoseek,0,0,0,oven_04954187,infoseek_val_00001524
Transamerica Pyramid,https://en.wikipedia.org/wiki/Transamerica_Pyramid,In which year did this building officially open?,In which year did this building officially open?,Time,1972,0,0,0,infoseek,0,0,0,oven_04956917,infoseek_val_00001566
Ludwigia octovalvis,https://en.wikipedia.org/wiki/Ludwigia_octovalvis,"What is the conservation status of this plant? (The status is assigned by the international union for conservation of nature. Choose one among Endangered,Least Concern,Critically Endangered,extinct species,extinct in the wild,Vulnerable,Near Threatened,Data Deficient)","What is the conservation status of this plant? (The status is assigned by the international union for conservation of nature. Choose one among Endangered,Least Concern,Critically Endangered,extinct species,extinct in the wild,Vulnerable,Near Threatened,Data Deficient)",String,Least Concern,0,0,0,infoseek,0,0,0,oven_04966473,infoseek_val_00001571
Yellow-billed magpie,https://en.wikipedia.org/wiki/Yellow-billed_magpie,What is the litter size of this bird?,What is the litter size of this bird?,Numerical,6.3,0,0,0,infoseek,0,0,0,oven_04962279,infoseek_val_00001648
Plansee,https://en.wikipedia.org/wiki/Plansee,How many metre is the vertical depth of the lake?,How many metre is the vertical depth of the lake?,Numerical,78,0,0,0,infoseek,0,0,0,oven_04955242,infoseek_val_00001675
Molokini,https://en.wikipedia.org/wiki/Molokini,Which city or region does this place locate in?,Which city or region does this place locate in?,String,Maui County,0,0,0,infoseek,0,0,0,oven_04955281,infoseek_val_00001699
Picea sitchensis,https://en.wikipedia.org/wiki/Picea_sitchensis,where is this plant originally invented or found?,where is this plant originally invented or found?,String,West Coast of the United States,0,0,0,infoseek,0,0,0,oven_04971045,infoseek_val_00001776
Ministry of Foreign Affairs of Russia main building,https://en.wikipedia.org/wiki/Ministry_of_Foreign_Affairs_of_Russia_main_building,How many elevators does this have?,How many elevators does this have?,Numerical,28,0,0,0,infoseek,0,0,0,oven_04957766,infoseek_val_00001785
Buddleja davidii,https://en.wikipedia.org/wiki/Buddleja_davidii,What is the closest upper taxonomy of this plant?,What is the closest upper taxonomy of this plant?,String,Buddleja,0,0,0,infoseek,0,0,0,oven_04963435,infoseek_val_00001809
Chevrolet Malibu,https://en.wikipedia.org/wiki/Chevrolet_Malibu,Which company manufactures this vehicle?,Which company manufactures this vehicle?,String,General Motors,0,0,0,infoseek,0,0,0,oven_04950650,infoseek_val_00001811
Boeing 707,https://en.wikipedia.org/wiki/Boeing_707,What is the total quantity of produced items for this type of aircraft?,What is the total quantity of produced items for this type of aircraft?,Numerical,1010,0,0,0,infoseek,0,0,0,oven_00000238,infoseek_val_00001819
Schiefe Ebene,https://en.wikipedia.org/wiki/Schiefe_Ebene,Which city or region does this building locate in?,Which city or region does this building locate in?,String,Neuenmarkt|Kulmbach,0,0,0,infoseek,0,0,0,oven_04958252,infoseek_val_00001837
Het Steen,https://en.wikipedia.org/wiki/Het_Steen,Which city or region does this building locate in?,Which city or region does this building locate in?,String,Antwerp,0,0,0,infoseek,0,0,0,oven_04952113,infoseek_val_00001870
George Washington Bridge,https://en.wikipedia.org/wiki/George_Washington_Bridge,What country does this bridge belong to?,What country does this bridge belong to?,String,United States of America,0,0,0,infoseek,0,0,0,oven_04954126,infoseek_val_00001880
Sidalcea oregana,https://en.wikipedia.org/wiki/Sidalcea_oregana,What is the closest upper taxonomy of this plant?,What is the closest upper taxonomy of this plant?,String,Sidalcea,0,0,0,infoseek,0,0,0,oven_04965128,infoseek_val_00001888
Ipomopsis aggregata,https://en.wikipedia.org/wiki/Ipomopsis_aggregata,What is the basionym of this plant?,What is the basionym of this plant?,String,Cantua aggregata,0,0,0,infoseek,0,0,0,oven_04971399,infoseek_val_00001890
Church of St. John the Baptist (Nizhny Novgorod),https://en.wikipedia.org/wiki/Church_of_St._John_the_Baptist_(Nizhny_Novgorod),Which city or region does this building locate in?,Which city or region does this building locate in?,String,Nizhny Novgorod,0,0,0,infoseek,0,0,0,oven_04950908,infoseek_val_00001910
Metropol Parasol,https://en.wikipedia.org/wiki/Metropol_Parasol,Which city or region does this place locate in?,Which city or region does this place locate in?,String,Seville,0,0,0,infoseek,0,0,0,oven_04957647,infoseek_val_00001945
Immaculate Conception Parish Church (Balayan),https://en.wikipedia.org/wiki/Immaculate_Conception_Parish_Church_(Balayan),Which city or region does this building locate in?,Which city or region does this building locate in?,String,Balayan,0,0,0,infoseek,0,0,0,oven_04952333,infoseek_val_00001980
Kea,https://en.wikipedia.org/wiki/Kea,What is the weight of a female of this bird in gram?,What is the weight of a female of this bird in gram?,Numerical,779,0,0,0,infoseek,0,0,0,oven_04971095,infoseek_val_00001981
Sympetrum illotum,https://en.wikipedia.org/wiki/Sympetrum_illotum,What is the closest parent taxonomy of this insect?,What is the closest parent taxonomy of this insect?,String,Sympetrum,0,0,0,infoseek,0,0,0,oven_04965746,infoseek_val_00002065
Juscelino Kubitschek bridge,https://en.wikipedia.org/wiki/Juscelino_Kubitschek_bridge,In which year did this bridge officially open?,In which year did this bridge officially open?,Time,2002,0,0,0,infoseek,0,0,0,oven_04956869,infoseek_val_00002150
Blue-black grassquit,https://en.wikipedia.org/wiki/Blue-black_grassquit,What is the closest parent taxonomy of this bird?,What is the closest parent taxonomy of this bird?,String,Volatinia,0,0,0,infoseek,0,0,0,oven_04967851,infoseek_val_00002191
Serra da Estrela,https://en.wikipedia.org/wiki/Serra_da_Estrela,What country does this mountain belong to?,What country does this mountain belong to?,String,Portugal,0,0,0,infoseek,0,0,0,oven_04958232,infoseek_val_00002209
Ludlow Castle,https://en.wikipedia.org/wiki/Ludlow_Castle,Which city or region does this building locate in?,Which city or region does this building locate in?,String,Ludlow,0,0,0,infoseek,0,0,0,oven_04953213,infoseek_val_00002223
Shoebill,https://en.wikipedia.org/wiki/Shoebill,What is the closest parent taxonomy of this bird?,What is the closest parent taxonomy of this bird?,String,Balaeniceps,0,0,0,infoseek,0,0,0,oven_04977637,infoseek_val_00002228
Bonnethead,https://en.wikipedia.org/wiki/Bonnethead,"What is the conservation status of this fish? (The status is assigned by the international union for conservation of nature. Choose one among Endangered,Least Concern,Critically Endangered,extinct species,extinct in the wild,Vulnerable,Near Threatened,Data Deficient)","What is the conservation status of this fish? (The status is assigned by the international union for conservation of nature. Choose one among Endangered,Least Concern,Critically Endangered,extinct species,extinct in the wild,Vulnerable,Near Threatened,Data Deficient)",String,Endangered,0,0,0,infoseek,0,0,0,oven_04974791,infoseek_val_00002233
Zentrum Paul Klee,https://en.wikipedia.org/wiki/Zentrum_Paul_Klee,What country does this building belong to?,What country does this building belong to?,String,Switzerland,0,0,0,infoseek,0,0,0,oven_04953166,infoseek_val_00002331
Museum of the City of Skopje,https://en.wikipedia.org/wiki/Museum_of_the_City_of_Skopje,Which city or region does this building locate in?,Which city or region does this building locate in?,String,Skopje,0,0,0,infoseek,0,0,0,oven_04957966,infoseek_val_00002369
Lake Sils,https://en.wikipedia.org/wiki/Lake_Sils,What is the area in square kilometre occupied by this lake?,What is the area in square kilometre occupied by this lake?,Numerical,4.10,0,0,0,infoseek,0,0,0,oven_04953035,infoseek_val_00002370
Kivikko,https://en.wikipedia.org/wiki/Kivikko,What is the location of this place?,What is the location of this place?,String,Mellunkylä,0,0,0,infoseek,0,0,0,oven_04950941,infoseek_val_00002390
Jigsaw puzzle,https://en.wikipedia.org/wiki/Jigsaw_puzzle,Who is the discoverer or inventor of this game?,Who is the discoverer or inventor of this game?,String,John Spilsbury,0,0,0,infoseek,0,0,0,oven_04990585,infoseek_val_00002408
Hengistbury Head,https://en.wikipedia.org/wiki/Hengistbury_Head,Which historic county does this building belong to?,Which historic county does this building belong to?,String,Hampshire,0,0,0,infoseek,0,0,0,oven_04955360,infoseek_val_00002413
Red panda,https://en.wikipedia.org/wiki/Red_panda,"What is the conservation status of this animal? (The status is assigned by the international union for conservation of nature. Choose one among Endangered,Least Concern,Critically Endangered,extinct species,extinct in the wild,Vulnerable,Near Threatened,Data Deficient)","What is the conservation status of this animal? (The status is assigned by the international union for conservation of nature. Choose one among Endangered,Least Concern,Critically Endangered,extinct species,extinct in the wild,Vulnerable,Near Threatened,Data Deficient)",String,Endangered,0,0,0,infoseek,0,0,0,oven_04982054,infoseek_val_00002455
Sloth bear,https://en.wikipedia.org/wiki/Sloth_bear,What is the closest upper taxonomy of this animal?,What is the closest upper taxonomy of this animal?,String,Melursus,0,0,0,infoseek,0,0,0,oven_04980004,infoseek_val_00002489
Shell Centre,https://en.wikipedia.org/wiki/Shell_Centre,What is the height of this building in metre?,What is the height of this building in metre?,Numerical,107,0,0,0,infoseek,0,0,0,oven_04957300,infoseek_val_00002502
Markovi Kuli,https://en.wikipedia.org/wiki/Markovi_Kuli,What country does this place belong to?,What country does this place belong to?,String,North Macedonia,0,0,0,infoseek,0,0,0,oven_04957549,infoseek_val_00002592
Huangshan,https://en.wikipedia.org/wiki/Huangshan,What is the sea level in metre of this mountain?,What is the sea level in metre of this mountain?,Numerical,1864,0,0,0,infoseek,0,0,0,oven_04951847,infoseek_val_00002756
Château de Dampierre,https://en.wikipedia.org/wiki/Ch%C3%A2teau_de_Dampierre,What country does this building belong to?,What country does this building belong to?,String,France,0,0,0,infoseek,0,0,0,oven_04953961,infoseek_val_00002757
Eurasian curlew,https://en.wikipedia.org/wiki/Eurasian_curlew,how many metre is the wingspan of this bird?,how many metre is the wingspan of this bird?,Numerical,0.97,0,0,0,infoseek,0,0,0,oven_04970664,infoseek_val_00002773
Radiology Associates Field at Jackie Robinson Ballpark,https://en.wikipedia.org/wiki/Radiology_Associates_Field_at_Jackie_Robinson_Ballpark,Who occupies this building?,Who occupies this building?,String,Daytona Tortugas,0,0,0,infoseek,0,0,0,oven_04951217,infoseek_val_00002779
Pyatnytska Church (Chernihiv),https://en.wikipedia.org/wiki/Pyatnytska_Church_(Chernihiv),What country does this building belong to?,What country does this building belong to?,String,Ukraine,0,0,0,infoseek,0,0,0,oven_04957131,infoseek_val_00002786
Fort Bourtange,https://en.wikipedia.org/wiki/Fort_Bourtange,In which year was this building first mentioned in writing?,In which year was this building first mentioned in writing?,Time,1593,0,0,0,infoseek,0,0,0,oven_04957179,infoseek_val_00002815
Oudegracht,https://en.wikipedia.org/wiki/Oudegracht,Which city or region does this street locate in?,Which city or region does this street locate in?,String,Utrecht,0,0,0,infoseek,0,0,0,oven_04956271,infoseek_val_00002816
Edificio España,https://en.wikipedia.org/wiki/Edificio_Espa%C3%B1a,What country does this building belong to?,What country does this building belong to?,String,Spain,0,0,0,infoseek,0,0,0,oven_04958418,infoseek_val_00002820
Monserrate,https://en.wikipedia.org/wiki/Monserrate,Which city or region does this mountain locate in?,Which city or region does this mountain locate in?,String,Bogotá,0,0,0,infoseek,0,0,0,oven_04953153,infoseek_val_00002873
Southern white rhinoceros,https://en.wikipedia.org/wiki/Southern_white_rhinoceros,"What is the conservation status of this animal? (The status is assigned by the international union for conservation of nature. Choose one among Endangered,Least Concern,Critically Endangered,extinct species,extinct in the wild,Vulnerable,Near Threatened,Data Deficient)","What is the conservation status of this animal? (The status is assigned by the international union for conservation of nature. Choose one among Endangered,Least Concern,Critically Endangered,extinct species,extinct in the wild,Vulnerable,Near Threatened,Data Deficient)",String,Near Threatened,0,0,0,infoseek,0,0,0,oven_04971501,infoseek_val_00002894
Laurelia novae-zelandiae,https://en.wikipedia.org/wiki/Laurelia_novae-zelandiae,What is the closest upper taxonomy of this plant?,What is the closest upper taxonomy of this plant?,String,Laurelia,0,0,0,infoseek,0,0,0,oven_04962680,infoseek_val_00002915
Ćelije Monastery,https://en.wikipedia.org/wiki/%C4%86elije_Monastery,What country does this building belong to?,What country does this building belong to?,String,Serbia,0,0,0,infoseek,0,0,0,oven_04951596,infoseek_val_00002934
Jackson Ward,https://en.wikipedia.org/wiki/Jackson_Ward,What is the architectural style of this place?,What is the architectural style of this place?,String,Greek Revival architecture,0,0,0,infoseek,0,0,0,oven_04954327,infoseek_val_00002961
Pūriri moth,https://en.wikipedia.org/wiki/Puriri_moth,Which place is this insect endemic to?,Which place is this insect endemic to?,String,New Zealand,0,0,0,infoseek,0,0,0,oven_04962548,infoseek_val_00002977
Steam locomotive,https://en.wikipedia.org/wiki/Steam_locomotive,What is the source of energy of this vehicle?,What is the source of energy of this vehicle?,String,coal,0,0,0,infoseek,0,0,0,oven_04997111,infoseek_val_00002982
Symphyotrichum cordifolium,https://en.wikipedia.org/wiki/Symphyotrichum_cordifolium,What is the closest upper taxonomy of this plant?,What is the closest upper taxonomy of this plant?,String,Symphyotrichum,0,0,0,infoseek,0,0,0,oven_04966968,infoseek_val_00002985
House sparrow,https://en.wikipedia.org/wiki/House_sparrow,"What is the conservation status of this bird? (The status is assigned by the international union for conservation of nature. Choose one among Endangered,Least Concern,Critically Endangered,extinct species,extinct in the wild,Vulnerable,Near Threatened,Data Deficient)","What is the conservation status of this bird? (The status is assigned by the international union for conservation of nature. Choose one among Endangered,Least Concern,Critically Endangered,extinct species,extinct in the wild,Vulnerable,Near Threatened,Data Deficient)",String,Least Concern,0,0,0,infoseek,0,0,0,oven_04968817,infoseek_val_00003013
Grayson Highlands State Park,https://en.wikipedia.org/wiki/Grayson_Highlands_State_Park,What country does this park belong to?,What country does this park belong to?,String,United States of America,0,0,0,infoseek,0,0,0,oven_04952307,infoseek_val_00003027
Banjosa Lake,https://en.wikipedia.org/wiki/Banjosa_Lake,What country does this lake belong to?,What country does this lake belong to?,String,Pakistan,0,0,0,infoseek,0,0,0,oven_04954085,infoseek_val_00003066
South Island oystercatcher,https://en.wikipedia.org/wiki/South_Island_oystercatcher,What is the closest parent taxonomy of this bird?,What is the closest parent taxonomy of this bird?,String,Haematopus,0,0,0,infoseek,0,0,0,oven_04961612,infoseek_val_00003100
Azadi Tower,https://en.wikipedia.org/wiki/Azadi_Tower,On what date did this building officially open?,On what date did this building officially open?,Time,1971 10 16,0,0,0,infoseek,0,0,0,oven_04956243,infoseek_val_00003128
Affenpinscher,https://en.wikipedia.org/wiki/Affenpinscher,What is the minimum height of this animal in centimetre?,What is the minimum height of this animal in centimetre?,Numerical,25,0,0,0,infoseek,0,0,0,oven_04979491,infoseek_val_00003179
Pidzamochok Castle,https://en.wikipedia.org/wiki/Pidzamochok_Castle,Which city or region does this building locate in?,Which city or region does this building locate in?,String,Pidzamochok,0,0,0,infoseek,0,0,0,oven_04953024,infoseek_val_00003276
Dents du Midi,https://en.wikipedia.org/wiki/Dents_du_Midi,Which continent does this mountain belong to?,Which continent does this mountain belong to?,String,Europe,0,0,0,infoseek,0,0,0,oven_04955943,infoseek_val_00003307
Fokker 70,https://en.wikipedia.org/wiki/Fokker_70,what is the date this vehicle took the first flight?,what is the date this vehicle took the first flight?,Time,1993 4 4,0,0,0,infoseek,0,0,0,oven_04950522,infoseek_val_00003331
Fenway Park,https://en.wikipedia.org/wiki/Fenway_Park,Which continent does this building belong to?,Which continent does this building belong to?,String,North America,0,0,0,infoseek,0,0,0,oven_04951066,infoseek_val_00003332
Proboscis monkey,https://en.wikipedia.org/wiki/Proboscis_monkey,What is the closest parent taxonomy of this animal?,What is the closest parent taxonomy of this animal?,String,Nasalis,0,0,0,infoseek,0,0,0,oven_04981809,infoseek_val_00003367
Leopard,https://en.wikipedia.org/wiki/Leopard,"What is the conservation status of this animal? (The status is assigned by the international union for conservation of nature. Choose one among Endangered,Least Concern,Critically Endangered,extinct species,extinct in the wild,Vulnerable,Near Threatened,Data Deficient)","What is the conservation status of this animal? (The status is assigned by the international union for conservation of nature. Choose one among Endangered,Least Concern,Critically Endangered,extinct species,extinct in the wild,Vulnerable,Near Threatened,Data Deficient)",String,Vulnerable,0,0,0,infoseek,0,0,0,oven_04972163,infoseek_val_00003481
Schwerin Castle,https://en.wikipedia.org/wiki/Schwerin_Castle,Who is the architect of this building?,Who is the architect of this building?,String,Georg Adolph Demmler,0,0,0,infoseek,0,0,0,oven_04957954,infoseek_val_00003506
Beaver,https://en.wikipedia.org/wiki/Beaver,What is the closest parent taxonomy of this animal?,What is the closest parent taxonomy of this animal?,String,Castoridae,0,0,0,infoseek,0,0,0,oven_04981012,infoseek_val_00003552
Aurochs,https://en.wikipedia.org/wiki/Aurochs,How heavy does this animal typically grow up to in terms of kilogram?,How heavy does this animal typically grow up to in terms of kilogram?,Numerical,1500,0,0,0,infoseek,0,0,0,oven_04981368,infoseek_val_00003565
Al Bidya Mosque,https://en.wikipedia.org/wiki/Al_Bidya_Mosque,What country does this facility belong to?,What country does this facility belong to?,String,United Arab Emirates,0,0,0,infoseek,0,0,0,oven_04956174,infoseek_val_00003637
Suzdal Kremlin,https://en.wikipedia.org/wiki/Suzdal_Kremlin,Which city or region does this building locate in?,Which city or region does this building locate in?,String,Suzdal,0,0,0,infoseek,0,0,0,oven_04958409,infoseek_val_00003798
Tel Hazor,https://en.wikipedia.org/wiki/Tel_Hazor,Who led the archaeological investigation at this place?,Who led the archaeological investigation at this place?,String,John Garstang,0,0,0,infoseek,0,0,0,oven_04954713,infoseek_val_00003803
Charlecote Park,https://en.wikipedia.org/wiki/Charlecote_Park,Which historic county does this place belong to?,Which historic county does this place belong to?,String,Warwickshire,0,0,0,infoseek,0,0,0,oven_04957906,infoseek_val_00003818
Common brushtail possum,https://en.wikipedia.org/wiki/Common_brushtail_possum,Which place is this animal endemic to?,Which place is this animal endemic to?,String,Australia,0,0,0,infoseek,0,0,0,oven_04964064,infoseek_val_00003836
Gargoti Museum,https://en.wikipedia.org/wiki/Gargoti_Museum,What is the location of this building?,What is the location of this building?,String,Sinnar,0,0,0,infoseek,0,0,0,oven_04958899,infoseek_val_00003889
Impala,https://en.wikipedia.org/wiki/Impala,"What is the conservation status of this animal? (The status is assigned by the international union for conservation of nature. Choose one among Endangered,Least Concern,Critically Endangered,extinct species,extinct in the wild,Vulnerable,Near Threatened,Data Deficient)","What is the conservation status of this animal? (The status is assigned by the international union for conservation of nature. Choose one among Endangered,Least Concern,Critically Endangered,extinct species,extinct in the wild,Vulnerable,Near Threatened,Data Deficient)",String,Least Concern,0,0,0,infoseek,0,0,0,oven_04967658,infoseek_val_00003902
Staffordshire Bull Terrier,https://en.wikipedia.org/wiki/Staffordshire_Bull_Terrier,What is the country of origin of this animal?,What is the country of origin of this animal?,String,England,0,0,0,infoseek,0,0,0,oven_04978432,infoseek_val_00003920
Mehrauli Archaeological Park,https://en.wikipedia.org/wiki/Mehrauli_Archaeological_Park,What country does this park belong to?,What country does this park belong to?,String,India,0,0,0,infoseek,0,0,0,oven_04958310,infoseek_val_00004060
Nissan NV (North America),https://en.wikipedia.org/wiki/Nissan_NV_(North_America),What is the brand of this vehicle?,What is the brand of this vehicle?,String,Nissan,0,0,0,infoseek,0,0,0,oven_04950879,infoseek_val_00004061
Least weasel,https://en.wikipedia.org/wiki/Least_weasel,where do you usually find this animal?,where do you usually find this animal?,String,forest,0,0,0,infoseek,0,0,0,oven_04969969,infoseek_val_00004256
Crotalus viridis,https://en.wikipedia.org/wiki/Crotalus_viridis,What is the closest parent taxonomy of this animal?,What is the closest parent taxonomy of this animal?,String,Crotalus,0,0,0,infoseek,0,0,0,oven_04962070,infoseek_val_00004287
Rila National Park,https://en.wikipedia.org/wiki/Rila_National_Park,What country does this park belong to?,What country does this park belong to?,String,Bulgaria,0,0,0,infoseek,0,0,0,oven_04953921,infoseek_val_00004300
Clevedon Pier,https://en.wikipedia.org/wiki/Clevedon_Pier,Which historic county does this facility belong to?,Which historic county does this facility belong to?,String,Somerset,0,0,0,infoseek,0,0,0,oven_04956299,infoseek_val_00004304
Castle Howard,https://en.wikipedia.org/wiki/Castle_Howard,Who designed this building?,Who designed this building?,String,John Vanbrugh,0,0,0,infoseek,0,0,0,oven_04956732,infoseek_val_00004308
Salève,https://en.wikipedia.org/wiki/Sal%C3%A8ve,which mountain range is this mountain belong to?,which mountain range is this mountain belong to?,String,French Prealps,0,0,0,infoseek,0,0,0,oven_04955828,infoseek_val_00004350
Rhizophora mangle,https://en.wikipedia.org/wiki/Rhizophora_mangle,where is this plant originally discovered?,where is this plant originally discovered?,String,Brazil,0,0,0,infoseek,0,0,0,oven_04961217,infoseek_val_00004358
Curling,https://en.wikipedia.org/wiki/Curling,Which country does this sport come from?,Which country does this sport come from?,String,Scotland,0,0,0,infoseek,0,0,0,oven_04961155,infoseek_val_00004399
Caspian tern,https://en.wikipedia.org/wiki/Caspian_tern,how many centimetre is the wingspan of this bird?,how many centimetre is the wingspan of this bird?,Numerical,127.0-140.0,0,0,0,infoseek,0,0,0,oven_04964700,infoseek_val_00004448
Caesarea Maritima,https://en.wikipedia.org/wiki/Caesarea_Maritima,which notable activity has been held at the city presented in the image?,which notable activity has been held at the city presented in the image?,String,Siege of Caesarea,0,0,0,infoseek,0,0,0,oven_04953101,infoseek_val_00004460
Palau Nacional,https://en.wikipedia.org/wiki/Palau_Nacional,Who designed this building?,Who designed this building?,String,Eugeni Pere Cendoya|Enric Catà,0,0,0,infoseek,0,0,0,oven_04952569,infoseek_val_00004468
"Frauenkirche, Nuremberg","https://en.wikipedia.org/wiki/Frauenkirche,_Nuremberg",What is this building named after?,What is this building named after?,String,Virgin Mary,0,0,0,infoseek,0,0,0,oven_04956001,infoseek_val_00004471
White-breasted nuthatch,https://en.wikipedia.org/wiki/White-breasted_nuthatch,What is the closest parent taxonomy of this bird?,What is the closest parent taxonomy of this bird?,String,Sitta,0,0,0,infoseek,0,0,0,oven_04961498,infoseek_val_00004479
Boeing,https://en.wikipedia.org/wiki/Boeing,What is this organization named after?,What is this organization named after?,String,William Boeing,0,0,0,infoseek,0,0,0,oven_04950346,infoseek_val_00004509
Packera aurea,https://en.wikipedia.org/wiki/Packera_aurea,What is the basionym of this plant?,What is the basionym of this plant?,String,Senecio aureus,0,0,0,infoseek,0,0,0,oven_04968912,infoseek_val_00004517
Couch's kingbird,https://en.wikipedia.org/wiki/Couch%27s_kingbird,"What is the conservation status of this bird? (The status is assigned by the international union for conservation of nature. Choose one among Endangered,Least Concern,Critically Endangered,extinct species,extinct in the wild,Vulnerable,Near Threatened,Data Deficient)","What is the conservation status of this bird? (The status is assigned by the international union for conservation of nature. Choose one among Endangered,Least Concern,Critically Endangered,extinct species,extinct in the wild,Vulnerable,Near Threatened,Data Deficient)",String,Least Concern,0,0,0,infoseek,0,0,0,oven_04970290,infoseek_val_00004529
Anacamptis pyramidalis,https://en.wikipedia.org/wiki/Anacamptis_pyramidalis,What is the closest upper taxonomy of this plant?,What is the closest upper taxonomy of this plant?,String,Anacamptis,0,0,0,infoseek,0,0,0,oven_04971762,infoseek_val_00004557
Nationaal Militair Museum,https://en.wikipedia.org/wiki/Nationaal_Militair_Museum,In which year did this building officially open?,In which year did this building officially open?,Time,2014,0,0,0,infoseek,0,0,0,oven_04956197,infoseek_val_00004597
Border Collie,https://en.wikipedia.org/wiki/Border_Collie,What is the height of this animal in centimetre?,What is the height of this animal in centimetre?,Numerical,53,0,0,0,infoseek,0,0,0,oven_04979158,infoseek_val_00004619
Komondor,https://en.wikipedia.org/wiki/Komondor,What is the minimum weight of a female of this animal in kilogram?,What is the minimum weight of a female of this animal in kilogram?,Numerical,40,0,0,0,infoseek,0,0,0,oven_04979093,infoseek_val_00004632
Place de la Comédie,https://en.wikipedia.org/wiki/Place_de_la_Com%C3%A9die,Which city or region does this building locate in?,Which city or region does this building locate in?,String,Montpellier,0,0,0,infoseek,0,0,0,oven_04959047,infoseek_val_00004700
National Mall,https://en.wikipedia.org/wiki/National_Mall,who/what operates this park?,who/what operates this park?,String,National Mall and Memorial Parks,0,0,0,infoseek,0,0,0,oven_04952657,infoseek_val_00004705
Stutthof concentration camp,https://en.wikipedia.org/wiki/Stutthof_concentration_camp,Which city or region does this building locate in?,Which city or region does this building locate in?,String,Sztutowo,0,0,0,infoseek,0,0,0,oven_04958477,infoseek_val_00004753
Boeing 707,https://en.wikipedia.org/wiki/Boeing_707,who/what operates this aircraft?,who/what operates this aircraft?,String,Lufthansa|Trans World Airlines|Sabena|Continental Airlines|American Airlines|Air France|British Airways|Pan Am,0,0,0,infoseek,0,0,0,oven_00001102,infoseek_val_00004761
Jvari Monastery,https://en.wikipedia.org/wiki/Jvari_Monastery,Which diocese does this building belong to?,Which diocese does this building belong to?,String,Georgian Orthodox Church,0,0,0,infoseek,0,0,0,oven_04955529,infoseek_val_00004810
Château de Loches,https://en.wikipedia.org/wiki/Ch%C3%A2teau_de_Loches,Who is the owner of this building?,Who is the owner of this building?,String,"Fulk III, Count of Anjou|Loches",0,0,0,infoseek,0,0,0,oven_04953250,infoseek_val_00004863
River Farm,https://en.wikipedia.org/wiki/River_Farm,What country does this facility belong to?,What country does this facility belong to?,String,United States of America,0,0,0,infoseek,0,0,0,oven_04952755,infoseek_val_00004882
Preobrazhensky Metro Bridge,https://en.wikipedia.org/wiki/Preobrazhensky_Metro_Bridge,What is the length in metre is the building in the image?,What is the length in metre is the building in the image?,Numerical,330,0,0,0,infoseek,0,0,0,oven_04955045,infoseek_val_00004933
Lake Brienz,https://en.wikipedia.org/wiki/Lake_Brienz,What place inflows lake?,What place inflows lake?,String,Aare|Lütschine,0,0,0,infoseek,0,0,0,oven_04953426,infoseek_val_00004937
Hôtel de Soubise,https://en.wikipedia.org/wiki/H%C3%B4tel_de_Soubise,Which street is this building located at?,Which street is this building located at?,String,rue des Francs-Bourgeois,0,0,0,infoseek,0,0,0,oven_04953939,infoseek_val_00004946
Ring of Brodgar,https://en.wikipedia.org/wiki/Ring_of_Brodgar,Which historic period or era did this place occur?,Which historic period or era did this place occur?,String,Neolithic,0,0,0,infoseek,0,0,0,oven_04956353,infoseek_val_00004977
Danish pastry,https://en.wikipedia.org/wiki/Danish_pastry,What type of cuisine is this food?,What type of cuisine is this food?,String,Danish cuisine,0,0,0,infoseek,0,0,0,oven_05000998,infoseek_val_00005021
Aruchavank,https://en.wikipedia.org/wiki/Aruchavank,Who commissioned this building?,Who commissioned this building?,String,Grigor I Mamikonian,0,0,0,infoseek,0,0,0,oven_04958604,infoseek_val_00005029
Central Balkan National Park,https://en.wikipedia.org/wiki/Central_Balkan_National_Park,What country does this park belong to?,What country does this park belong to?,String,Bulgaria,0,0,0,infoseek,0,0,0,oven_04954367,infoseek_val_00005052
Ringed kingfisher,https://en.wikipedia.org/wiki/Ringed_kingfisher,"What is the conservation status of this bird? (The status is assigned by the international union for conservation of nature. Choose one among Endangered,Least Concern,Critically Endangered,extinct species,extinct in the wild,Vulnerable,Near Threatened,Data Deficient)","What is the conservation status of this bird? (The status is assigned by the international union for conservation of nature. Choose one among Endangered,Least Concern,Critically Endangered,extinct species,extinct in the wild,Vulnerable,Near Threatened,Data Deficient)",String,Least Concern,0,0,0,infoseek,0,0,0,oven_04964392,infoseek_val_00005054
Common goldeneye,https://en.wikipedia.org/wiki/Common_goldeneye,What is the closest parent taxonomy of this bird?,What is the closest parent taxonomy of this bird?,String,Bucephala,0,0,0,infoseek,0,0,0,oven_04972279,infoseek_val_00005066
Angrignon Park,https://en.wikipedia.org/wiki/Angrignon_Park,What is this park named after?,What is this park named after?,String,Jean-Baptiste Angrignon,0,0,0,infoseek,0,0,0,oven_04951105,infoseek_val_00005092
St. Francis of Assisi Parish Church (General Trias),https://en.wikipedia.org/wiki/St._Francis_of_Assisi_Parish_Church_(General_Trias),What is this building named after?,What is this building named after?,String,Francis of Assisi,0,0,0,infoseek,0,0,0,oven_04952476,infoseek_val_00005098
Great kiskadee,https://en.wikipedia.org/wiki/Great_kiskadee,What is the closest upper taxonomy of this bird?,What is the closest upper taxonomy of this bird?,String,Pitangus,0,0,0,infoseek,0,0,0,oven_04963547,infoseek_val_00005160
Nowy Wiśnicz Castle,https://en.wikipedia.org/wiki/Nowy_Wi%C5%9Bnicz_Castle,What country does this building belong to?,What country does this building belong to?,String,Poland,0,0,0,infoseek,0,0,0,oven_04954552,infoseek_val_00005167
Redhead (bird),https://en.wikipedia.org/wiki/Redhead_(bird),What is the closest upper taxonomy of this bird?,What is the closest upper taxonomy of this bird?,String,Aythya,0,0,0,infoseek,0,0,0,oven_04964542,infoseek_val_00005204
Pont de Bir-Hakeim,https://en.wikipedia.org/wiki/Pont_de_Bir-Hakeim,What is the location of this bridge?,What is the location of this bridge?,String,Paris,0,0,0,infoseek,0,0,0,oven_04954637,infoseek_val_00005218
Arctic fox,https://en.wikipedia.org/wiki/Arctic_fox,What is the closest parent taxonomy of this animal?,What is the closest parent taxonomy of this animal?,String,Vulpes,0,0,0,infoseek,0,0,0,oven_04979692,infoseek_val_00005222
Aghjots Vank,https://en.wikipedia.org/wiki/Aghjots_Vank,Which city or region does this building locate in?,Which city or region does this building locate in?,String,Ararat Province,0,0,0,infoseek,0,0,0,oven_04958971,infoseek_val_00005281
Slieve League,https://en.wikipedia.org/wiki/Slieve_League,Which historic county does this mountain belong to?,Which historic county does this mountain belong to?,String,County Donegal,0,0,0,infoseek,0,0,0,oven_04957662,infoseek_val_00005298
Landwasser Viaduct,https://en.wikipedia.org/wiki/Landwasser_Viaduct,What is the height of this river in metre?,What is the height of this river in metre?,Numerical,65,0,0,0,infoseek,0,0,0,oven_04958396,infoseek_val_00005315
Pseudacris sierra,https://en.wikipedia.org/wiki/Pseudacris_sierra,Where is this animal native to?,Where is this animal native to?,String,United States of America,0,0,0,infoseek,0,0,0,oven_04973027,infoseek_val_00005348
Trifle,https://en.wikipedia.org/wiki/Trifle,Which country does this food come from?,Which country does this food come from?,String,England,0,0,0,infoseek,0,0,0,oven_05000523,infoseek_val_00005357
Sacred Heart Cathedral (Guangzhou),https://en.wikipedia.org/wiki/Sacred_Heart_Cathedral_(Guangzhou),Which diocese does this building belong to?,Which diocese does this building belong to?,String,Roman Catholic Archdiocese of Guangzhou,0,0,0,infoseek,0,0,0,oven_04955325,infoseek_val_00005392
McDonnell Douglas DC-10,https://en.wikipedia.org/wiki/McDonnell_Douglas_DC-10,what was the date this aircraft enter into service?,what was the date this aircraft enter into service?,Time,1971 8 5,0,0,0,infoseek,0,0,0,oven_04950418,infoseek_val_00005430
McLaren 12C,https://en.wikipedia.org/wiki/McLaren_12C,How many kilogram does this vehicle weigh?,How many kilogram does this vehicle weigh?,Numerical,1302,0,0,0,infoseek,0,0,0,oven_04950783,infoseek_val_00005441
Amrum Lighthouse,https://en.wikipedia.org/wiki/Amrum_Lighthouse,What is the height (in metre) of the lamp at this building?,What is the height (in metre) of the lamp at this building?,Numerical,63,0,0,0,infoseek,0,0,0,oven_04957686,infoseek_val_00005459
Wild boar,https://en.wikipedia.org/wiki/Wild_boar,Which location has this animal invaded?,Which location has this animal invaded?,String,Australia,0,0,0,infoseek,0,0,0,oven_04963188,infoseek_val_00005469
Library of Celsus,https://en.wikipedia.org/wiki/Library_of_Celsus,What country does this facility belong to?,What country does this facility belong to?,String,Turkey,0,0,0,infoseek,0,0,0,oven_04957441,infoseek_val_00005496
Rocchetta Mattei,https://en.wikipedia.org/wiki/Rocchetta_Mattei,Who commissioned this building?,Who commissioned this building?,String,Cesare Mattei,0,0,0,infoseek,0,0,0,oven_04955413,infoseek_val_00005550
Sand martin,https://en.wikipedia.org/wiki/Sand_martin,"What is the conservation status of this bird? (The status is assigned by the international union for conservation of nature. Choose one among Endangered,Least Concern,Critically Endangered,extinct species,extinct in the wild,Vulnerable,Near Threatened,Data Deficient)","What is the conservation status of this bird? (The status is assigned by the international union for conservation of nature. Choose one among Endangered,Least Concern,Critically Endangered,extinct species,extinct in the wild,Vulnerable,Near Threatened,Data Deficient)",String,Least Concern,0,0,0,infoseek,0,0,0,oven_04966763,infoseek_val_00005586
Cinnabar,https://en.wikipedia.org/wiki/Cinnabar,Which crystal system does this material have?,Which crystal system does this material have?,String,trigonal crystal system,0,0,0,infoseek,0,0,0,oven_04980822,infoseek_val_00005669
Dashtadem Fortress,https://en.wikipedia.org/wiki/Dashtadem_Fortress,What country does this building belong to?,What country does this building belong to?,String,Armenia,0,0,0,infoseek,0,0,0,oven_04958840,infoseek_val_00005821
Wdzydze Lake,https://en.wikipedia.org/wiki/Wdzydze_Lake,What place is the lake outflow to?,What place is the lake outflow to?,String,Wda,0,0,0,infoseek,0,0,0,oven_04957083,infoseek_val_00005822
"St. John's Church, Kolkata","https://en.wikipedia.org/wiki/St._John%27s_Church,_Kolkata",What country does this building belong to?,What country does this building belong to?,String,India,0,0,0,infoseek,0,0,0,oven_04958814,infoseek_val_00005926
Preobrazhensky Metro Bridge,https://en.wikipedia.org/wiki/Preobrazhensky_Metro_Bridge,what has this building crossed over?,what has this building crossed over?,String,Yauza,0,0,0,infoseek,0,0,0,oven_04955035,infoseek_val_00005949
Zentrum Paul Klee,https://en.wikipedia.org/wiki/Zentrum_Paul_Klee,In which year did this building officially open?,In which year did this building officially open?,Time,2005,0,0,0,infoseek,0,0,0,oven_04953161,infoseek_val_00005956
"Passeig de Lluís Companys, Barcelona","https://en.wikipedia.org/wiki/Passeig_de_Llu%C3%ADs_Companys,_Barcelona",What is the architectural style of this street?,What is the architectural style of this street?,String,eclectic architecture,0,0,0,infoseek,0,0,0,oven_04956125,infoseek_val_00005957
White-tailed deer,https://en.wikipedia.org/wiki/White-tailed_deer,How many offspring can this animal produce at the same time?,How many offspring can this animal produce at the same time?,Numerical,1.0-3.0,0,0,0,infoseek,0,0,0,oven_04967577,infoseek_val_00005987
Roseate spoonbill,https://en.wikipedia.org/wiki/Roseate_spoonbill,What is the closest parent taxonomy of this bird?,What is the closest parent taxonomy of this bird?,String,Platalea,0,0,0,infoseek,0,0,0,oven_04973530,infoseek_val_00006055
Mount Emei,https://en.wikipedia.org/wiki/Mount_Emei,What is the sea level in metre of this mountain?,What is the sea level in metre of this mountain?,Numerical,3099,0,0,0,infoseek,0,0,0,oven_04952162,infoseek_val_00006070
Château de Sully-sur-Loire,https://en.wikipedia.org/wiki/Ch%C3%A2teau_de_Sully-sur-Loire,Which city or region does this building locate in?,Which city or region does this building locate in?,String,Sully-sur-Loire,0,0,0,infoseek,0,0,0,oven_04957424,infoseek_val_00006151
Double-crested cormorant,https://en.wikipedia.org/wiki/Double-crested_cormorant,how many centimetre is the wingspan of this bird?,how many centimetre is the wingspan of this bird?,Numerical,114.0-137.0,0,0,0,infoseek,0,0,0,oven_04973089,infoseek_val_00006161
European herring gull,https://en.wikipedia.org/wiki/European_herring_gull,how many metre is the wingspan of this bird?,how many metre is the wingspan of this bird?,Numerical,1.34,0,0,0,infoseek,0,0,0,oven_04973891,infoseek_val_00006176
Rolls-Royce Museum,https://en.wikipedia.org/wiki/Rolls-Royce_Museum,Which city or region does this building locate in?,Which city or region does this building locate in?,String,Vorarlberg,0,0,0,infoseek,0,0,0,oven_04953370,infoseek_val_00006193
Orangery Palace,https://en.wikipedia.org/wiki/Orangery_Palace,Who commissioned this building?,Who commissioned this building?,String,Frederick William IV of Prussia,0,0,0,infoseek,0,0,0,oven_04958640,infoseek_val_00006200
Little blue heron,https://en.wikipedia.org/wiki/Little_blue_heron,What is the closest parent taxonomy of this bird?,What is the closest parent taxonomy of this bird?,String,Egretta,0,0,0,infoseek,0,0,0,oven_04972539,infoseek_val_00006212
Hermann Castle,https://en.wikipedia.org/wiki/Hermann_Castle,What country does this building belong to?,What country does this building belong to?,String,Estonia,0,0,0,infoseek,0,0,0,oven_04952877,infoseek_val_00006280
Gastrophryne carolinensis,https://en.wikipedia.org/wiki/Gastrophryne_carolinensis,Where is this animal native to?,Where is this animal native to?,String,United States of America,0,0,0,infoseek,0,0,0,oven_04967823,infoseek_val_00006343
Minalungao National Park,https://en.wikipedia.org/wiki/Minalungao_National_Park,Which city or region does this place locate in?,Which city or region does this place locate in?,String,Nueva Ecija|General Tinio,0,0,0,infoseek,0,0,0,oven_04951931,infoseek_val_00006383
Triteleia ixioides,https://en.wikipedia.org/wiki/Triteleia_ixioides,What is the basionym of this plant?,What is the basionym of this plant?,String,Ornithogalum ixioides,0,0,0,infoseek,0,0,0,oven_04963347,infoseek_val_00006404
Polish Baltic Philharmonic,https://en.wikipedia.org/wiki/Polish_Baltic_Philharmonic,What country does this building belong to?,What country does this building belong to?,String,Poland,0,0,0,infoseek,0,0,0,oven_04951541,infoseek_val_00006424
Bagel,https://en.wikipedia.org/wiki/Bagel,Which culture is associated with this food?,Which culture is associated with this food?,String,Ashkenazi Jews,0,0,0,infoseek,0,0,0,oven_05001052,infoseek_val_00006479
Taurus Mountains,https://en.wikipedia.org/wiki/Taurus_Mountains,What country does this mountain belong to?,What country does this mountain belong to?,String,Turkey,0,0,0,infoseek,0,0,0,oven_04957747,infoseek_val_00006486
Persian cat,https://en.wikipedia.org/wiki/Persian_cat,What is the country of origin of this object?,What is the country of origin of this object?,String,Iran,0,0,0,infoseek,0,0,0,oven_04979811,infoseek_val_00006495
Ingleborough,https://en.wikipedia.org/wiki/Ingleborough,What is the height of this mountain in terms of metre above sea level?,What is the height of this mountain in terms of metre above sea level?,Numerical,723,0,0,0,infoseek,0,0,0,oven_04954675,infoseek_val_00006500
Bren light machine gun,https://en.wikipedia.org/wiki/Bren_light_machine_gun,In which year was this equipment retired from operational service?,In which year was this equipment retired from operational service?,Time,2006,0,0,0,infoseek,0,0,0,oven_04984347,infoseek_val_00006516
Securigera varia,https://en.wikipedia.org/wiki/Securigera_varia,What is the closest parent taxonomy of this plant?,What is the closest parent taxonomy of this plant?,String,Securigera,0,0,0,infoseek,0,0,0,oven_04970503,infoseek_val_00006520
Great horned owl,https://en.wikipedia.org/wiki/Great_horned_owl,"What is the conservation status of this bird? (The status is assigned by the international union for conservation of nature. Choose one among Endangered,Least Concern,Critically Endangered,extinct species,extinct in the wild,Vulnerable,Near Threatened,Data Deficient)","What is the conservation status of this bird? (The status is assigned by the international union for conservation of nature. Choose one among Endangered,Least Concern,Critically Endangered,extinct species,extinct in the wild,Vulnerable,Near Threatened,Data Deficient)",String,Least Concern,0,0,0,infoseek,0,0,0,oven_04962019,infoseek_val_00006521
Church of the Assumption of the Virgin Mary (Most),https://en.wikipedia.org/wiki/Church_of_the_Assumption_of_the_Virgin_Mary_(Most),What is this building named after?,What is this building named after?,String,Assumption of Mary,0,0,0,infoseek,0,0,0,oven_04955652,infoseek_val_00006528
Statue of Giordano Bruno,https://en.wikipedia.org/wiki/Statue_of_Giordano_Bruno,What country does this building belong to?,What country does this building belong to?,String,Italy,0,0,0,infoseek,0,0,0,oven_04956516,infoseek_val_00006550
Ctenucha virginica,https://en.wikipedia.org/wiki/Ctenucha_virginica,What is the length of the wingspan in millimetre of this insect?,What is the length of the wingspan in millimetre of this insect?,Numerical,45,0,0,0,infoseek,0,0,0,oven_04965996,infoseek_val_00006573
Fürstenzug,https://en.wikipedia.org/wiki/F%C3%BCrstenzug,How many parts does this place consist of (tile)?,How many parts does this place consist of (tile)?,Numerical,23000,0,0,0,infoseek,0,0,0,oven_04954831,infoseek_val_00006608
Broad-tailed hummingbird,https://en.wikipedia.org/wiki/Broad-tailed_hummingbird,What is the closest upper taxonomy of this bird?,What is the closest upper taxonomy of this bird?,String,Selasphorus,0,0,0,infoseek,0,0,0,oven_04965846,infoseek_val_00006615
Little blue heron,https://en.wikipedia.org/wiki/Little_blue_heron,how many centimetre is the wingspan of this bird?,how many centimetre is the wingspan of this bird?,Numerical,95.0-106.0,0,0,0,infoseek,0,0,0,oven_04972536,infoseek_val_00006650
Chainsaw,https://en.wikipedia.org/wiki/Chainsaw,What is the source of energy of this equipment?,What is the source of energy of this equipment?,String,gasoline,0,0,0,infoseek,0,0,0,oven_04985602,infoseek_val_00006702
Preobrazhensky Metro Bridge,https://en.wikipedia.org/wiki/Preobrazhensky_Metro_Bridge,On what date did this building officially open?,On what date did this building officially open?,Time,1965 12 31,0,0,0,infoseek,0,0,0,oven_04955042,infoseek_val_00006712
Náchod,https://en.wikipedia.org/wiki/N%C3%A1chod,In which year was this town first mentioned in writing?,In which year was this town first mentioned in writing?,Time,1254,0,0,0,infoseek,0,0,0,oven_04956800,infoseek_val_00006719
Richmond Castle,https://en.wikipedia.org/wiki/Richmond_Castle,who/what operates this building?,who/what operates this building?,String,English Heritage,0,0,0,infoseek,0,0,0,oven_04952669,infoseek_val_00006740
St. Bernard (dog),https://en.wikipedia.org/wiki/St._Bernard_(dog),Where are animal initially formed?,Where are animal initially formed?,String,Switzerland,0,0,0,infoseek,0,0,0,oven_04979361,infoseek_val_00006813
Song thrush,https://en.wikipedia.org/wiki/Song_thrush,What is the closest parent taxonomy of this bird?,What is the closest parent taxonomy of this bird?,String,Turdus,0,0,0,infoseek,0,0,0,oven_04971972,infoseek_val_00006826
Mammillaria plumosa,https://en.wikipedia.org/wiki/Mammillaria_plumosa,What is the closest upper taxonomy of this plant?,What is the closest upper taxonomy of this plant?,String,Mammillaria,0,0,0,infoseek,0,0,0,oven_05005410,infoseek_val_00006909
Mount Roraima,https://en.wikipedia.org/wiki/Mount_Roraima,What is the area in square kilometre occupied by this place?,What is the area in square kilometre occupied by this place?,Numerical,50,0,0,0,infoseek,0,0,0,oven_04953191,infoseek_val_00006920
Peking duck,https://en.wikipedia.org/wiki/Peking_duck,What is this food named after?,What is this food named after?,String,Beijing,0,0,0,infoseek,0,0,0,oven_04959218,infoseek_val_00006935
Sigismund's Column,https://en.wikipedia.org/wiki/Sigismund%27s_Column,What is the location of this building?,What is the location of this building?,String,Castle Square,0,0,0,infoseek,0,0,0,oven_04957035,infoseek_val_00006950
Asian elephant,https://en.wikipedia.org/wiki/Asian_elephant,What is the highest observed lifespan of this animal?,What is the highest observed lifespan of this animal?,Numerical,65.5,0,0,0,infoseek,0,0,0,oven_04970875,infoseek_val_00006972
Fontaines de la Concorde,https://en.wikipedia.org/wiki/Fontaines_de_la_Concorde,What country does this building belong to?,What country does this building belong to?,String,France,0,0,0,infoseek,0,0,0,oven_04958867,infoseek_val_00006984
Amalienborg,https://en.wikipedia.org/wiki/Amalienborg,Who occupies this building?,Who occupies this building?,String,Danish royal family,0,0,0,infoseek,0,0,0,oven_04951959,infoseek_val_00007081
Stirling Castle,https://en.wikipedia.org/wiki/Stirling_Castle,the building in the image participated in which conflict?,the building in the image participated in which conflict?,String,Siege of Stirling Castle (1304),0,0,0,infoseek,0,0,0,oven_04955212,infoseek_val_00007112
Cheetah,https://en.wikipedia.org/wiki/Cheetah,"What is the conservation status of this animal? (The status is assigned by the international union for conservation of nature. Choose one among Endangered,Least Concern,Critically Endangered,extinct species,extinct in the wild,Vulnerable,Near Threatened,Data Deficient)","What is the conservation status of this animal? (The status is assigned by the international union for conservation of nature. Choose one among Endangered,Least Concern,Critically Endangered,extinct species,extinct in the wild,Vulnerable,Near Threatened,Data Deficient)",String,Vulnerable,0,0,0,infoseek,0,0,0,oven_04971845,infoseek_val_00007141
Mshatta Facade,https://en.wikipedia.org/wiki/Mshatta_Facade,What is the location of this building?,What is the location of this building?,String,Pergamon Museum,0,0,0,infoseek,0,0,0,oven_04957210,infoseek_val_00007203
Submarine sandwich,https://en.wikipedia.org/wiki/Submarine_sandwich,What is the country of origin of this food?,What is the country of origin of this food?,String,United States of America,0,0,0,infoseek,0,0,0,oven_05001154,infoseek_val_00007222
Anhinga,https://en.wikipedia.org/wiki/Anhinga,Which geographic area is this bird found?,Which geographic area is this bird found?,String,Brazil,0,0,0,infoseek,0,0,0,oven_04973478,infoseek_val_00007237
Cornettes de Bise,https://en.wikipedia.org/wiki/Cornettes_de_Bise,What is the height of this mountain in terms of metre above sea level?,What is the height of this mountain in terms of metre above sea level?,Numerical,2432,0,0,0,infoseek,0,0,0,oven_04953012,infoseek_val_00007253
Atlantic horseshoe crab,https://en.wikipedia.org/wiki/Atlantic_horseshoe_crab,"What is the conservation status of this animal? (The status is assigned by the international union for conservation of nature. Choose one among Endangered,Least Concern,Critically Endangered,extinct species,extinct in the wild,Vulnerable,Near Threatened,Data Deficient)","What is the conservation status of this animal? (The status is assigned by the international union for conservation of nature. Choose one among Endangered,Least Concern,Critically Endangered,extinct species,extinct in the wild,Vulnerable,Near Threatened,Data Deficient)",String,Vulnerable,0,0,0,infoseek,0,0,0,oven_04966504,infoseek_val_00007269
Ben Nevis,https://en.wikipedia.org/wiki/Ben_Nevis,What is the location of this mountain?,What is the location of this mountain?,String,Scottish Highlands,0,0,0,infoseek,0,0,0,oven_04955198,infoseek_val_00007313
Commerzbank Tower,https://en.wikipedia.org/wiki/Commerzbank_Tower,How many levels does this building have?,How many levels does this building have?,Numerical,56,0,0,0,infoseek,0,0,0,oven_04955748,infoseek_val_00007321
Milwaukee Art Museum,https://en.wikipedia.org/wiki/Milwaukee_Art_Museum,Who designed this building?,Who designed this building?,String,Eero Saarinen|Santiago Calatrava,0,0,0,infoseek,0,0,0,oven_04954959,infoseek_val_00007358
Weimaraner,https://en.wikipedia.org/wiki/Weimaraner,What is the maximum height of a male of this animal in centimetre?,What is the maximum height of a male of this animal in centimetre?,Numerical,70,0,0,0,infoseek,0,0,0,oven_04978372,infoseek_val_00007370
Fontaine Louvois,https://en.wikipedia.org/wiki/Fontaine_Louvois,What is the street address of this building?,What is the street address of this building?,String,rue de Richelieu,0,0,0,infoseek,0,0,0,oven_04956848,infoseek_val_00007374
Hetaerina titia,https://en.wikipedia.org/wiki/Hetaerina_titia,"What is the conservation status of this insect? (The status is assigned by the international union for conservation of nature. Choose one among Endangered,Least Concern,Critically Endangered,extinct species,extinct in the wild,Vulnerable,Near Threatened,Data Deficient)","What is the conservation status of this insect? (The status is assigned by the international union for conservation of nature. Choose one among Endangered,Least Concern,Critically Endangered,extinct species,extinct in the wild,Vulnerable,Near Threatened,Data Deficient)",String,Least Concern,0,0,0,infoseek,0,0,0,oven_04968283,infoseek_val_00007375
Scottish Terrier,https://en.wikipedia.org/wiki/Scottish_Terrier,What is the maximum height of this animal in centimetre?,What is the maximum height of this animal in centimetre?,Numerical,28,0,0,0,infoseek,0,0,0,oven_04978847,infoseek_val_00007398
Neamț Citadel,https://en.wikipedia.org/wiki/Neam%C8%9B_Citadel,What country does this building belong to?,What country does this building belong to?,String,Romania,0,0,0,infoseek,0,0,0,oven_04951865,infoseek_val_00007461
Nyssa sylvatica,https://en.wikipedia.org/wiki/Nyssa_sylvatica,What is the closest upper taxonomy of this plant?,What is the closest upper taxonomy of this plant?,String,Nyssa,0,0,0,infoseek,0,0,0,oven_04963045,infoseek_val_00007464
McDonnell Douglas MD-11,https://en.wikipedia.org/wiki/McDonnell_Douglas_MD-11,what was the date this aircraft enter into service?,what was the date this aircraft enter into service?,Time,1990 12 20,0,0,0,infoseek,0,0,0,oven_04950551,infoseek_val_00007476
Hooded crow,https://en.wikipedia.org/wiki/Hooded_crow,What is the closest parent taxonomy of this bird?,What is the closest parent taxonomy of this bird?,String,Corvus,0,0,0,infoseek,0,0,0,oven_04966099,infoseek_val_00007496
Vakil Mosque,https://en.wikipedia.org/wiki/Vakil_Mosque,Who commissioned this facility?,Who commissioned this facility?,String,Karim Khan,0,0,0,infoseek,0,0,0,oven_04951898,infoseek_val_00007504
Space Needle,https://en.wikipedia.org/wiki/Space_Needle,What country does this building belong to?,What country does this building belong to?,String,United States of America,0,0,0,infoseek,0,0,0,oven_04955590,infoseek_val_00007505
Pont de Bir-Hakeim,https://en.wikipedia.org/wiki/Pont_de_Bir-Hakeim,What is the length in metre is the bridge in the image?,What is the length in metre is the bridge in the image?,Numerical,237,0,0,0,infoseek,0,0,0,oven_04954643,infoseek_val_00007514
Wat Yannawa,https://en.wikipedia.org/wiki/Wat_Yannawa,What country does this building belong to?,What country does this building belong to?,String,Thailand,0,0,0,infoseek,0,0,0,oven_04953131,infoseek_val_00007549
American wigeon,https://en.wikipedia.org/wiki/American_wigeon,"What is the conservation status of this bird? (The status is assigned by the international union for conservation of nature. Choose one among Endangered,Least Concern,Critically Endangered,extinct species,extinct in the wild,Vulnerable,Near Threatened,Data Deficient)","What is the conservation status of this bird? (The status is assigned by the international union for conservation of nature. Choose one among Endangered,Least Concern,Critically Endangered,extinct species,extinct in the wild,Vulnerable,Near Threatened,Data Deficient)",String,Least Concern,0,0,0,infoseek,0,0,0,oven_04965007,infoseek_val_00007550
Juscelino Kubitschek bridge,https://en.wikipedia.org/wiki/Juscelino_Kubitschek_bridge,What is the length in metre is the bridge in the image?,What is the length in metre is the bridge in the image?,Numerical,1200,0,0,0,infoseek,0,0,0,oven_04956855,infoseek_val_00007574
Bezděz Castle,https://en.wikipedia.org/wiki/Bezd%C4%9Bz_Castle,Which city or region does this building locate in?,Which city or region does this building locate in?,String,Bezděz,0,0,0,infoseek,0,0,0,oven_04956623,infoseek_val_00007607
Corokia cotoneaster,https://en.wikipedia.org/wiki/Corokia_cotoneaster,Which place is this plant endemic to?,Which place is this plant endemic to?,String,New Zealand,0,0,0,infoseek,0,0,0,oven_04962696,infoseek_val_00007658
Zubizuri,https://en.wikipedia.org/wiki/Zubizuri,In which year did this bridge officially open?,In which year did this bridge officially open?,Time,1997,0,0,0,infoseek,0,0,0,oven_04957358,infoseek_val_00007665
Musée des Beaux-Arts de Rouen,https://en.wikipedia.org/wiki/Mus%C3%A9e_des_Beaux-Arts_de_Rouen,What country does this building belong to?,What country does this building belong to?,String,France,0,0,0,infoseek,0,0,0,oven_04958152,infoseek_val_00007676
Rhine Falls,https://en.wikipedia.org/wiki/Rhine_Falls,What is the height of this river in metre?,What is the height of this river in metre?,Numerical,23,0,0,0,infoseek,0,0,0,oven_04952814,infoseek_val_00007690
Vysokopetrovsky Monastery,https://en.wikipedia.org/wiki/Vysokopetrovsky_Monastery,Which diocese does this building belong to?,Which diocese does this building belong to?,String,Russian Orthodox Church,0,0,0,infoseek,0,0,0,oven_04954990,infoseek_val_00007751
Dandie Dinmont Terrier,https://en.wikipedia.org/wiki/Dandie_Dinmont_Terrier,What is the minimum weight of this animal in kilogram?,What is the minimum weight of this animal in kilogram?,Numerical,8,0,0,0,infoseek,0,0,0,oven_04978632,infoseek_val_00007770
Leptotes cassius,https://en.wikipedia.org/wiki/Leptotes_cassius,What is the closest upper taxonomy of this insect?,What is the closest upper taxonomy of this insect?,String,Leptotes,0,0,0,infoseek,0,0,0,oven_04971537,infoseek_val_00007789
Mount Rainier National Park,https://en.wikipedia.org/wiki/Mount_Rainier_National_Park,which mountain range is this park belong to?,which mountain range is this park belong to?,String,Cascade Range,0,0,0,infoseek,0,0,0,oven_04954469,infoseek_val_00007813
Biokovo,https://en.wikipedia.org/wiki/Biokovo,Which city or region does this mountain locate in?,Which city or region does this mountain locate in?,String,Dalmatia,0,0,0,infoseek,0,0,0,oven_04957095,infoseek_val_00007829
Gurudongmar Lake,https://en.wikipedia.org/wiki/Gurudongmar_Lake,What country does this lake belong to?,What country does this lake belong to?,String,India,0,0,0,infoseek,0,0,0,oven_04950919,infoseek_val_00007864
Woodhouse's toad,https://en.wikipedia.org/wiki/Woodhouse%27s_toad,"What is the conservation status of this animal? (The status is assigned by the international union for conservation of nature. Choose one among Endangered,Least Concern,Critically Endangered,extinct species,extinct in the wild,Vulnerable,Near Threatened,Data Deficient)","What is the conservation status of this animal? (The status is assigned by the international union for conservation of nature. Choose one among Endangered,Least Concern,Critically Endangered,extinct species,extinct in the wild,Vulnerable,Near Threatened,Data Deficient)",String,Least Concern,0,0,0,infoseek,0,0,0,oven_04963002,infoseek_val_00007879
Amanita velosa,https://en.wikipedia.org/wiki/Amanita_velosa,What is the closest upper taxonomy of this plant?,What is the closest upper taxonomy of this plant?,String,Amanita,0,0,0,infoseek,0,0,0,oven_04962347,infoseek_val_00007905
Baphuon,https://en.wikipedia.org/wiki/Baphuon,Who found this building?,Who found this building?,String,Udayadityavarman II,0,0,0,infoseek,0,0,0,oven_04951426,infoseek_val_00007939
Burrowing owl,https://en.wikipedia.org/wiki/Burrowing_owl,"What is the conservation status of this bird? (The status is assigned by the international union for conservation of nature. Choose one among Endangered,Least Concern,Critically Endangered,extinct species,extinct in the wild,Vulnerable,Near Threatened,Data Deficient)","What is the conservation status of this bird? (The status is assigned by the international union for conservation of nature. Choose one among Endangered,Least Concern,Critically Endangered,extinct species,extinct in the wild,Vulnerable,Near Threatened,Data Deficient)",String,Least Concern,0,0,0,infoseek,0,0,0,oven_04970095,infoseek_val_00007954
Texas toad,https://en.wikipedia.org/wiki/Texas_toad,What is the closest upper taxonomy of this animal?,What is the closest upper taxonomy of this animal?,String,Anaxyrus,0,0,0,infoseek,0,0,0,oven_04968000,infoseek_val_00007966
Swadhinata Stambha,https://en.wikipedia.org/wiki/Swadhinata_Stambha,Who designed this building?,Who designed this building?,String,Marina Tabassum,0,0,0,infoseek,0,0,0,oven_04951505,infoseek_val_00007983
Landwasser Viaduct,https://en.wikipedia.org/wiki/Landwasser_Viaduct,Which city or region does this river locate in?,Which city or region does this river locate in?,String,Grisons|Schmitten|Filisur,0,0,0,infoseek,0,0,0,oven_04958395,infoseek_val_00008009
Goldfish,https://en.wikipedia.org/wiki/Goldfish,What is the closest upper taxonomy of this fish?,What is the closest upper taxonomy of this fish?,String,Carassius,0,0,0,infoseek,0,0,0,oven_04965098,infoseek_val_00008014
Ananta Samakhom Throne Hall,https://en.wikipedia.org/wiki/Ananta_Samakhom_Throne_Hall,Who designed this place?,Who designed this place?,String,Mario Tamagno,0,0,0,infoseek,0,0,0,oven_04957825,infoseek_val_00008015
Dunvegan Castle,https://en.wikipedia.org/wiki/Dunvegan_Castle,Which body of water is this building located in or next to?,Which body of water is this building located in or next to?,String,Loch Dunvegan,0,0,0,infoseek,0,0,0,oven_04952779,infoseek_val_00008039
BMW 1 Series (E87),https://en.wikipedia.org/wiki/BMW_1_Series_(E87),What is the immediately prior item that this vehicle follows in a series?,What is the immediately prior item that this vehicle follows in a series?,String,BMW Compact,0,0,0,infoseek,0,0,0,oven_04950776,infoseek_val_00008118
Tyne Cot,https://en.wikipedia.org/wiki/Tyne_Cot,Who is the architect of this facility?,Who is the architect of this facility?,String,Herbert Baker,0,0,0,infoseek,0,0,0,oven_04958384,infoseek_val_00008130
Sunflower seed,https://en.wikipedia.org/wiki/Sunflower_seed,What is the source that produces this food?,What is the source that produces this food?,String,common sunflower,0,0,0,infoseek,0,0,0,oven_05002111,infoseek_val_00008198
Netball,https://en.wikipedia.org/wiki/Netball,Who is the discoverer or inventor of this sport?,Who is the discoverer or inventor of this sport?,String,Martina Bergman-Österberg,0,0,0,infoseek,0,0,0,oven_04974451,infoseek_val_00008225
Bellardia trixago,https://en.wikipedia.org/wiki/Bellardia_trixago,What is the basionym of this plant?,What is the basionym of this plant?,String,Bartsia trixago,0,0,0,infoseek,0,0,0,oven_04970023,infoseek_val_00008232
Bronzed cowbird,https://en.wikipedia.org/wiki/Bronzed_cowbird,What is the weight of a male of this bird in gram?,What is the weight of a male of this bird in gram?,Numerical,68.9,0,0,0,infoseek,0,0,0,oven_04964598,infoseek_val_00008238
Northern jacana,https://en.wikipedia.org/wiki/Northern_jacana,What is the length of the incubation period (in day) of this bird's egg?,What is the length of the incubation period (in day) of this bird's egg?,Numerical,28,0,0,0,infoseek,0,0,0,oven_04962231,infoseek_val_00008278
Southern ground hornbill,https://en.wikipedia.org/wiki/Southern_ground_hornbill,What is the closest parent taxonomy of this bird?,What is the closest parent taxonomy of this bird?,String,ground hornbills,0,0,0,infoseek,0,0,0,oven_04973514,infoseek_val_00008308
Església de Sant Miquel d'Engolasters,https://en.wikipedia.org/wiki/Esgl%C3%A9sia_de_Sant_Miquel_d%27Engolasters,What country does this building belong to?,What country does this building belong to?,String,Andorra,0,0,0,infoseek,0,0,0,oven_04958693,infoseek_val_00008321
Musée d'Art et d'Histoire (Neuchâtel),https://en.wikipedia.org/wiki/Mus%C3%A9e_d%27Art_et_d%27Histoire_(Neuch%C3%A2tel),Which city or region does this building locate in?,Which city or region does this building locate in?,String,Canton of Neuchâtel|Neuchâtel,0,0,0,infoseek,0,0,0,oven_04952682,infoseek_val_00008373
Nuremberg Castle,https://en.wikipedia.org/wiki/Nuremberg_Castle,What country does this building belong to?,What country does this building belong to?,String,Germany,0,0,0,infoseek,0,0,0,oven_04950998,infoseek_val_00008377
Kinský Palace (Prague),https://en.wikipedia.org/wiki/Kinsk%C3%BD_Palace_(Prague),Which street is this building located at?,Which street is this building located at?,String,Old Town Square,0,0,0,infoseek,0,0,0,oven_04952956,infoseek_val_00008459
Beechcraft,https://en.wikipedia.org/wiki/Beechcraft,Who found this aircraft?,Who found this aircraft?,String,Ted A. Wells,0,0,0,infoseek,0,0,0,oven_04950493,infoseek_val_00008491
Bass Rock,https://en.wikipedia.org/wiki/Bass_Rock,Which city or region does this island locate in?,Which city or region does this island locate in?,String,East Lothian,0,0,0,infoseek,0,0,0,oven_04957067,infoseek_val_00008598
Eagle Talon,https://en.wikipedia.org/wiki/Eagle_Talon,Which company manufactures this vehicle?,Which company manufactures this vehicle?,String,Eagle,0,0,0,infoseek,0,0,0,oven_04950884,infoseek_val_00008599
Pigeon guillemot,https://en.wikipedia.org/wiki/Pigeon_guillemot,"What is the conservation status of this bird? (The status is assigned by the international union for conservation of nature. Choose one among Endangered,Least Concern,Critically Endangered,extinct species,extinct in the wild,Vulnerable,Near Threatened,Data Deficient)","What is the conservation status of this bird? (The status is assigned by the international union for conservation of nature. Choose one among Endangered,Least Concern,Critically Endangered,extinct species,extinct in the wild,Vulnerable,Near Threatened,Data Deficient)",String,Least Concern,0,0,0,infoseek,0,0,0,oven_04963616,infoseek_val_00008618
Zbarazh Castle,https://en.wikipedia.org/wiki/Zbarazh_Castle,What country does this building belong to?,What country does this building belong to?,String,Ukraine,0,0,0,infoseek,0,0,0,oven_04957578,infoseek_val_00008660
Romanija,https://en.wikipedia.org/wiki/Romanija,What country does this place belong to?,What country does this place belong to?,String,Bosnia and Herzegovina,0,0,0,infoseek,0,0,0,oven_04956757,infoseek_val_00008663
Beloselsky-Belozersky Palace,https://en.wikipedia.org/wiki/Beloselsky-Belozersky_Palace,What country does this building belong to?,What country does this building belong to?,String,Russia,0,0,0,infoseek,0,0,0,oven_04955640,infoseek_val_00008764
Sequoiadendron giganteum,https://en.wikipedia.org/wiki/Sequoiadendron_giganteum,What is the highest observed lifespan of this plant?,What is the highest observed lifespan of this plant?,Numerical,3266,0,0,0,infoseek,0,0,0,oven_04970531,infoseek_val_00008771
Pasajul Macca-Vilacrosse,https://en.wikipedia.org/wiki/Pasajul_Macca-Vilacrosse,Which city or region does this building locate in?,Which city or region does this building locate in?,String,Bucharest,0,0,0,infoseek,0,0,0,oven_04958081,infoseek_val_00008807
Kosava Castle,https://en.wikipedia.org/wiki/Kosava_Castle,Which city or region does this building locate in?,Which city or region does this building locate in?,String,Kosava,0,0,0,infoseek,0,0,0,oven_04958026,infoseek_val_00008890
Dicksonia squarrosa,https://en.wikipedia.org/wiki/Dicksonia_squarrosa,Which place is this plant endemic to?,Which place is this plant endemic to?,String,New Zealand,0,0,0,infoseek,0,0,0,oven_04972771,infoseek_val_00008905
Zubizuri,https://en.wikipedia.org/wiki/Zubizuri,Who designed this bridge?,Who designed this bridge?,String,Santiago Calatrava,0,0,0,infoseek,0,0,0,oven_04957368,infoseek_val_00008908
Split Rock Lighthouse,https://en.wikipedia.org/wiki/Split_Rock_Lighthouse,Which body of water is this building located in or next to?,Which body of water is this building located in or next to?,String,Lake Superior,0,0,0,infoseek,0,0,0,oven_04955721,infoseek_val_00008959
Crotalus mitchellii,https://en.wikipedia.org/wiki/Crotalus_mitchellii,What is the closest parent taxonomy of this animal?,What is the closest parent taxonomy of this animal?,String,Crotalus,0,0,0,infoseek,0,0,0,oven_04971252,infoseek_val_00008974
Roskilde Cathedral,https://en.wikipedia.org/wiki/Roskilde_Cathedral,Which city or region does this building locate in?,Which city or region does this building locate in?,String,Roskilde Municipality,0,0,0,infoseek,0,0,0,oven_04955793,infoseek_val_00009033
Pomegranate,https://en.wikipedia.org/wiki/Pomegranate,What is the closest upper taxonomy of this plant?,What is the closest upper taxonomy of this plant?,String,Punica,0,0,0,infoseek,0,0,0,oven_04961700,infoseek_val_00009047
Dingo,https://en.wikipedia.org/wiki/Dingo,How many days does the gestation of this animal take?,How many days does the gestation of this animal take?,Numerical,63,0,0,0,infoseek,0,0,0,oven_04979635,infoseek_val_00009062
African wild dog,https://en.wikipedia.org/wiki/African_wild_dog,What is the closest parent taxonomy of this animal?,What is the closest parent taxonomy of this animal?,String,Lycaon,0,0,0,infoseek,0,0,0,oven_04962820,infoseek_val_00009066
National Railway Museum of Pietrarsa,https://en.wikipedia.org/wiki/National_Railway_Museum_of_Pietrarsa,Which city or region does this building locate in?,Which city or region does this building locate in?,String,Naples,0,0,0,infoseek,0,0,0,oven_04951774,infoseek_val_00009073
Banteay Kdei,https://en.wikipedia.org/wiki/Banteay_Kdei,Which city or region does this building locate in?,Which city or region does this building locate in?,String,Angkor Thom,0,0,0,infoseek,0,0,0,oven_04951694,infoseek_val_00009099
Volvo XC90,https://en.wikipedia.org/wiki/Volvo_XC90,What is the brand of this vehicle?,What is the brand of this vehicle?,String,Volvo Cars,0,0,0,infoseek,0,0,0,oven_04950834,infoseek_val_00009103
Pied crow,https://en.wikipedia.org/wiki/Pied_crow,how many day is the egg incubation period of this bird?,how many day is the egg incubation period of this bird?,Numerical,18,0,0,0,infoseek,0,0,0,oven_04965216,infoseek_val_00009150
Rhine Falls,https://en.wikipedia.org/wiki/Rhine_Falls,What country does this river belong to?,What country does this river belong to?,String,Switzerland,0,0,0,infoseek,0,0,0,oven_04952793,infoseek_val_00009218
Kākā,https://en.wikipedia.org/wiki/New_Zealand_kaka,What is the weight of a male of this bird in gram?,What is the weight of a male of this bird in gram?,Numerical,458,0,0,0,infoseek,0,0,0,oven_04962488,infoseek_val_00009229
Aurochs,https://en.wikipedia.org/wiki/Aurochs,"What is the conservation status of this animal? (The status is assigned by the international union for conservation of nature. Choose one among Endangered,Least Concern,Critically Endangered,extinct species,extinct in the wild,Vulnerable,Near Threatened,Data Deficient)","What is the conservation status of this animal? (The status is assigned by the international union for conservation of nature. Choose one among Endangered,Least Concern,Critically Endangered,extinct species,extinct in the wild,Vulnerable,Near Threatened,Data Deficient)",String,extinct species,0,0,0,infoseek,0,0,0,oven_04981387,infoseek_val_00009256
Dead Sea,https://en.wikipedia.org/wiki/Dead_Sea,What country does this lake belong to?,What country does this lake belong to?,String,Jordan|Israel|Palestinian National Authority,0,0,0,infoseek,0,0,0,oven_04957534,infoseek_val_00009273
Dirleton Castle,https://en.wikipedia.org/wiki/Dirleton_Castle,Which historic county does this building belong to?,Which historic county does this building belong to?,String,East Lothian,0,0,0,infoseek,0,0,0,oven_04957000,infoseek_val_00009361
Yellow-billed cardinal,https://en.wikipedia.org/wiki/Yellow-billed_cardinal,What is the closest upper taxonomy of this bird?,What is the closest upper taxonomy of this bird?,String,Paroaria,0,0,0,infoseek,0,0,0,oven_04966442,infoseek_val_00009438
Pretzel,https://en.wikipedia.org/wiki/Pretzel,What is the country of origin of this food?,What is the country of origin of this food?,String,Germany,0,0,0,infoseek,0,0,0,oven_05001111,infoseek_val_00009496
Jaguar,https://en.wikipedia.org/wiki/Jaguar,"What is the conservation status of this animal? (The status is assigned by the international union for conservation of nature. Choose one among Endangered,Least Concern,Critically Endangered,extinct species,extinct in the wild,Vulnerable,Near Threatened,Data Deficient)","What is the conservation status of this animal? (The status is assigned by the international union for conservation of nature. Choose one among Endangered,Least Concern,Critically Endangered,extinct species,extinct in the wild,Vulnerable,Near Threatened,Data Deficient)",String,Near Threatened,0,0,0,infoseek,0,0,0,oven_04971631,infoseek_val_00009580
Cappuccino,https://en.wikipedia.org/wiki/Cappuccino,What is this drink named after?,What is this drink named after?,String,Order of Friars Minor Capuchin,0,0,0,infoseek,0,0,0,oven_05003535,infoseek_val_00009638
Opossum,https://en.wikipedia.org/wiki/Opossum,What is the period of lactation of this animal in day?,What is the period of lactation of this animal in day?,Numerical,70.0-100.0,0,0,0,infoseek,0,0,0,oven_04976925,infoseek_val_00009640
White stork,https://en.wikipedia.org/wiki/White_stork,What is the closest upper taxonomy of this bird?,What is the closest upper taxonomy of this bird?,String,Ciconia,0,0,0,infoseek,0,0,0,oven_04965808,infoseek_val_00009652
Least chipmunk,https://en.wikipedia.org/wiki/Least_chipmunk,How many days does the gestation of this animal take?,How many days does the gestation of this animal take?,Numerical,28.0-30.0,0,0,0,infoseek,0,0,0,oven_04971498,infoseek_val_00009658
Phoebis sennae,https://en.wikipedia.org/wiki/Phoebis_sennae,where is this insect originally discovered?,where is this insect originally discovered?,String,Brazil,0,0,0,infoseek,0,0,0,oven_04964897,infoseek_val_00009663
Hofje van Mevrouw van Aerden,https://en.wikipedia.org/wiki/Hofje_van_Mevrouw_van_Aerden,Which city or region does this building locate in?,Which city or region does this building locate in?,String,Leerdam,0,0,0,infoseek,0,0,0,oven_04954879,infoseek_val_00009682
Autun Cathedral,https://en.wikipedia.org/wiki/Autun_Cathedral,What is this building named after?,What is this building named after?,String,Lazarus of Bethany,0,0,0,infoseek,0,0,0,oven_04958008,infoseek_val_00009697
Yellow-eyed penguin,https://en.wikipedia.org/wiki/Yellow-eyed_penguin,Which place is this bird endemic to?,Which place is this bird endemic to?,String,New Zealand,0,0,0,infoseek,0,0,0,oven_04970524,infoseek_val_00009707
Pembroke Castle,https://en.wikipedia.org/wiki/Pembroke_Castle,What country does this building belong to?,What country does this building belong to?,String,United Kingdom,0,0,0,infoseek,0,0,0,oven_04954540,infoseek_val_00009709
Maryland State Fair,https://en.wikipedia.org/wiki/Maryland_State_Fair,Which city or region does this event locate in?,Which city or region does this event locate in?,String,Baltimore County,0,0,0,infoseek,0,0,0,oven_04952238,infoseek_val_00009711
Komondor,https://en.wikipedia.org/wiki/Komondor,Which country does this animal come from?,Which country does this animal come from?,String,Hungary,0,0,0,infoseek,0,0,0,oven_04979078,infoseek_val_00009733
Náchod,https://en.wikipedia.org/wiki/N%C3%A1chod,Which city or region does this town locate in?,Which city or region does this town locate in?,String,Náchod District,0,0,0,infoseek,0,0,0,oven_04956802,infoseek_val_00009746
Mount Roraima,https://en.wikipedia.org/wiki/Mount_Roraima,Which continent does this place belong to?,Which continent does this place belong to?,String,South America,0,0,0,infoseek,0,0,0,oven_04953197,infoseek_val_00009831
Hotel del Coronado,https://en.wikipedia.org/wiki/Hotel_del_Coronado,What is the architectural style of this building?,What is the architectural style of this building?,String,Victorian architecture,0,0,0,infoseek,0,0,0,oven_04956611,infoseek_val_00009846
Couch's kingbird,https://en.wikipedia.org/wiki/Couch%27s_kingbird,What is the litter size of this bird?,What is the litter size of this bird?,Numerical,3.5,0,0,0,infoseek,0,0,0,oven_04970297,infoseek_val_00009881
Château de Courances,https://en.wikipedia.org/wiki/Ch%C3%A2teau_de_Courances,Which city or region does this building locate in?,Which city or region does this building locate in?,String,Courances,0,0,0,infoseek,0,0,0,oven_04953051,infoseek_val_00009885
Heat engine,https://en.wikipedia.org/wiki/Heat_engine,What is the objective of this object?,What is the objective of this object?,String,energy transformation,0,0,0,infoseek,0,0,0,oven_04990049,infoseek_val_00009917
Agrasen Ki Baoli,https://en.wikipedia.org/wiki/Agrasen_Ki_Baoli,Which city or region does this place locate in?,Which city or region does this place locate in?,String,New Delhi district,0,0,0,infoseek,0,0,0,oven_04954244,infoseek_val_00009935
Cero (fish),https://en.wikipedia.org/wiki/Cero_(fish),Which geographic area is this fish found?,Which geographic area is this fish found?,String,Brazil,0,0,0,infoseek,0,0,0,oven_04982661,infoseek_val_00009943
Varied bunting,https://en.wikipedia.org/wiki/Varied_bunting,how many day is the egg incubation period of this bird?,how many day is the egg incubation period of this bird?,Numerical,14,0,0,0,infoseek,0,0,0,oven_04966069,infoseek_val_00010045
Gournia,https://en.wikipedia.org/wiki/Gournia,Which city or region does this building locate in?,Which city or region does this building locate in?,String,Ierapetra Municipality,0,0,0,infoseek,0,0,0,oven_04952517,infoseek_val_00010095
Jell-O,https://en.wikipedia.org/wiki/Jell-O,Who is the owner of this food?,Who is the owner of this food?,String,Kraft Heinz,0,0,0,infoseek,0,0,0,oven_05000577,infoseek_val_00010103
Volkswagen Golf Mk3,https://en.wikipedia.org/wiki/Volkswagen_Golf_Mk3,What is the immediately prior item that this vehicle follows in a series?,What is the immediately prior item that this vehicle follows in a series?,String,Volkswagen Golf Mk2,0,0,0,infoseek,0,0,0,oven_04950706,infoseek_val_00010121
Mentha pulegium,https://en.wikipedia.org/wiki/Mentha_pulegium,What is the closest parent taxonomy of this plant?,What is the closest parent taxonomy of this plant?,String,Mentha,0,0,0,infoseek,0,0,0,oven_04966247,infoseek_val_00010168
McCord Museum,https://en.wikipedia.org/wiki/McCord_Museum,What is this building named after?,What is this building named after?,String,David Ross McCord,0,0,0,infoseek,0,0,0,oven_04955056,infoseek_val_00010212
Samadhi of Ranjit Singh,https://en.wikipedia.org/wiki/Samadhi_of_Ranjit_Singh,What country does this building belong to?,What country does this building belong to?,String,Pakistan,0,0,0,infoseek,0,0,0,oven_04958668,infoseek_val_00010216
Angora rabbit,https://en.wikipedia.org/wiki/Angora_rabbit,Which country does this animal come from?,Which country does this animal come from?,String,Turkey,0,0,0,infoseek,0,0,0,oven_04980938,infoseek_val_00010249
El Cap de Barcelona,https://en.wikipedia.org/wiki/El_Cap_de_Barcelona,building is a symbol of which evolutionary movement?,building is a symbol of which evolutionary movement?,String,pop art,0,0,0,infoseek,0,0,0,oven_04954143,infoseek_val_00010250
George Washington Bridge,https://en.wikipedia.org/wiki/George_Washington_Bridge,What is the length of this bridge in metre?,What is the length of this bridge in metre?,Numerical,1450,0,0,0,infoseek,0,0,0,oven_04954118,infoseek_val_00010303
Kea,https://en.wikipedia.org/wiki/Kea,What is the closest parent taxonomy of this bird?,What is the closest parent taxonomy of this bird?,String,Nestor,0,0,0,infoseek,0,0,0,oven_04971055,infoseek_val_00010311
Telephone,https://en.wikipedia.org/wiki/Telephone,In which year was this item invented or discovered?,In which year was this item invented or discovered?,Time,1876,0,0,0,infoseek,0,0,0,oven_04997835,infoseek_val_00010355
Seven Wonders of the Ancient World,https://en.wikipedia.org/wiki/Seven_Wonders_of_the_Ancient_World,What country does this object belong to?,What country does this object belong to?,String,Babylon|Ancient Egypt,0,0,0,infoseek,0,0,0,oven_04995920,infoseek_val_00010367
Norwegian Elkhound,https://en.wikipedia.org/wiki/Norwegian_Elkhound,What is the height of a male of this animal in centimetre?,What is the height of a male of this animal in centimetre?,Numerical,52,0,0,0,infoseek,0,0,0,oven_04978332,infoseek_val_00010460
Wire Fox Terrier,https://en.wikipedia.org/wiki/Wire_Fox_Terrier,How heavy does this animal typically grow up to in terms of kilogram?,How heavy does this animal typically grow up to in terms of kilogram?,Numerical,8.25,0,0,0,infoseek,0,0,0,oven_04978478,infoseek_val_00010484
"Sant Pere, Camprodon","https://en.wikipedia.org/wiki/Sant_Pere,_Camprodon",Which city or region does this building locate in?,Which city or region does this building locate in?,String,Camprodon,0,0,0,infoseek,0,0,0,oven_04952139,infoseek_val_00010573
McLaren 12C,https://en.wikipedia.org/wiki/McLaren_12C,Which company manufactures this vehicle?,Which company manufactures this vehicle?,String,McLaren Automotive,0,0,0,infoseek,0,0,0,oven_04950786,infoseek_val_00010591
Pomelo,https://en.wikipedia.org/wiki/Pomelo,What is the closest upper taxonomy of this plant?,What is the closest upper taxonomy of this plant?,String,Citrus,0,0,0,infoseek,0,0,0,oven_05001839,infoseek_val_00010670
Common goldeneye,https://en.wikipedia.org/wiki/Common_goldeneye,how many metre is the wingspan of this bird?,how many metre is the wingspan of this bird?,Numerical,0.7,0,0,0,infoseek,0,0,0,oven_04972285,infoseek_val_00010698
Ileodictyon cibarium,https://en.wikipedia.org/wiki/Ileodictyon_cibarium,What is the hymenium type of this plant?,What is the hymenium type of this plant?,String,gleba,0,0,0,infoseek,0,0,0,oven_04962649,infoseek_val_00010705
Gordon Setter,https://en.wikipedia.org/wiki/Gordon_Setter,What is the height of a male of this animal in centimetre?,What is the height of a male of this animal in centimetre?,Numerical,66,0,0,0,infoseek,0,0,0,oven_04978949,infoseek_val_00010768
Red-footed booby,https://en.wikipedia.org/wiki/Red-footed_booby,What is the closest upper taxonomy of this bird?,What is the closest upper taxonomy of this bird?,String,Sula,0,0,0,infoseek,0,0,0,oven_04971522,infoseek_val_00010811
Lycomorpha pholus,https://en.wikipedia.org/wiki/Lycomorpha_pholus,how many millimetre is the wingspan of this insect?,how many millimetre is the wingspan of this insect?,Numerical,25.0-32.0,0,0,0,infoseek,0,0,0,oven_04966370,infoseek_val_00010855
Asian elephant,https://en.wikipedia.org/wiki/Asian_elephant,What is the closest parent taxonomy of this animal?,What is the closest parent taxonomy of this animal?,String,Elephas,0,0,0,infoseek,0,0,0,oven_04970874,infoseek_val_00010936
Hoatzin,https://en.wikipedia.org/wiki/Hoatzin,What is the closest parent taxonomy of this bird?,What is the closest parent taxonomy of this bird?,String,Opisthocomus,0,0,0,infoseek,0,0,0,oven_04972239,infoseek_val_00010981
Holyrood Abbey,https://en.wikipedia.org/wiki/Holyrood_Abbey,What country does this building belong to?,What country does this building belong to?,String,United Kingdom,0,0,0,infoseek,0,0,0,oven_04953878,infoseek_val_00010988
"Bürkliplatz, Zürich","https://en.wikipedia.org/wiki/B%C3%BCrkliplatz,_Z%C3%BCrich",What country does this building belong to?,What country does this building belong to?,String,Switzerland,0,0,0,infoseek,0,0,0,oven_04957794,infoseek_val_00011066
Great Dane,https://en.wikipedia.org/wiki/Great_Dane,What is the average life expectancy of this animal in year?,What is the average life expectancy of this animal in year?,Numerical,9,0,0,0,infoseek,0,0,0,oven_04979318,infoseek_val_00011116
BMW M6,https://en.wikipedia.org/wiki/BMW_M6,Which company manufactures this vehicle?,Which company manufactures this vehicle?,String,BMW,0,0,0,infoseek,0,0,0,oven_04950663,infoseek_val_00011181
Glaucopsyche lygdamus,https://en.wikipedia.org/wiki/Glaucopsyche_lygdamus,What is the length of the wingspan in millimetre of this insect?,What is the length of the wingspan in millimetre of this insect?,Numerical,18.0-28.0,0,0,0,infoseek,0,0,0,oven_04961328,infoseek_val_00011184
African elephant,https://en.wikipedia.org/wiki/African_elephant,What is the closest upper taxonomy of this animal?,What is the closest upper taxonomy of this animal?,String,Elephantidae,0,0,0,infoseek,0,0,0,oven_04982035,infoseek_val_00011199
Kazan,https://en.wikipedia.org/wiki/Kazan,What is the area in square kilometre occupied by this city?,What is the area in square kilometre occupied by this city?,Numerical,425.3,0,0,0,infoseek,0,0,0,oven_04953289,infoseek_val_00011203
Paper mulberry,https://en.wikipedia.org/wiki/Paper_mulberry,What is the closest upper taxonomy of this plant?,What is the closest upper taxonomy of this plant?,String,Broussonetia,0,0,0,infoseek,0,0,0,oven_04967466,infoseek_val_00011215
Transamerica Pyramid,https://en.wikipedia.org/wiki/Transamerica_Pyramid,Which street is this building located at?,Which street is this building located at?,String,Montgomery Street,0,0,0,infoseek,0,0,0,oven_04956916,infoseek_val_00011301
Eremalche rotundifolia,https://en.wikipedia.org/wiki/Eremalche_rotundifolia,Where is this plant native to?,Where is this plant native to?,String,United States of America,0,0,0,infoseek,0,0,0,oven_04972628,infoseek_val_00011309
Welsh Corgi,https://en.wikipedia.org/wiki/Welsh_Corgi,Which country does this object come from?,Which country does this object come from?,String,United Kingdom,0,0,0,infoseek,0,0,0,oven_04979519,infoseek_val_00011421
Lake Brienz,https://en.wikipedia.org/wiki/Lake_Brienz,How wide is the lake in the image? answer in kilometre,How wide is the lake in the image? answer in kilometre,Numerical,2.8,0,0,0,infoseek,0,0,0,oven_04953410,infoseek_val_00011427
Transamerica Pyramid,https://en.wikipedia.org/wiki/Transamerica_Pyramid,What is the height of this building in metre?,What is the height of this building in metre?,Numerical,260,0,0,0,infoseek,0,0,0,oven_04956921,infoseek_val_00011428
High Moselle Bridge,https://en.wikipedia.org/wiki/High_Moselle_Bridge,what has this bridge crossed over?,what has this bridge crossed over?,String,Moselle,0,0,0,infoseek,0,0,0,oven_04954894,infoseek_val_00011450
Fresnel lens,https://en.wikipedia.org/wiki/Fresnel_lens,Who is the discoverer or inventor of this object?,Who is the discoverer or inventor of this object?,String,Augustin-Jean Fresnel,0,0,0,infoseek,0,0,0,oven_04988822,infoseek_val_00011491
Handball,https://en.wikipedia.org/wiki/Handball,Which government has executive power of this sport?,Which government has executive power of this sport?,String,International Handball Federation,0,0,0,infoseek,0,0,0,oven_04974435,infoseek_val_00011508
Botanical Museum Greifswald,https://en.wikipedia.org/wiki/Botanical_Museum_Greifswald,Which city or region does this building locate in?,Which city or region does this building locate in?,String,Greifswald,0,0,0,infoseek,0,0,0,oven_04954173,infoseek_val_00011534
Histria (ancient city),https://en.wikipedia.org/wiki/Histria_(ancient_city),What is the location of this place?,What is the location of this place?,String,Istria|Dobruja,0,0,0,infoseek,0,0,0,oven_04958467,infoseek_val_00011535
George Washington Bridge,https://en.wikipedia.org/wiki/George_Washington_Bridge,On what date did this bridge officially open?,On what date did this bridge officially open?,Time,1931 10 24,0,0,0,infoseek,0,0,0,oven_04954113,infoseek_val_00011615
Fokker 70,https://en.wikipedia.org/wiki/Fokker_70,What is the height of this vehicle in metre?,What is the height of this vehicle in metre?,Numerical,8.51,0,0,0,infoseek,0,0,0,oven_04950522,infoseek_val_00011618
Ministry of Foreign Affairs of Russia main building,https://en.wikipedia.org/wiki/Ministry_of_Foreign_Affairs_of_Russia_main_building,What is the architectural style of this building?,What is the architectural style of this building?,String,Stalinist architecture,0,0,0,infoseek,0,0,0,oven_04957768,infoseek_val_00011628
Concord grape,https://en.wikipedia.org/wiki/Concord_grape,What is the source that produces this plant?,What is the source that produces this plant?,String,Vitis labrusca,0,0,0,infoseek,0,0,0,oven_05001946,infoseek_val_00011633
Nelahozeves,https://en.wikipedia.org/wiki/Nelahozeves,What country does this village belong to?,What country does this village belong to?,String,Czech Republic,0,0,0,infoseek,0,0,0,oven_04953229,infoseek_val_00011645
Gwanghwamun,https://en.wikipedia.org/wiki/Gwanghwamun,Which city or region does this building locate in?,Which city or region does this building locate in?,String,Seoul,0,0,0,infoseek,0,0,0,oven_04958713,infoseek_val_00011683
Byland Abbey,https://en.wikipedia.org/wiki/Byland_Abbey,Which protected area is this building usually located in?,Which protected area is this building usually located in?,String,North York Moors,0,0,0,infoseek,0,0,0,oven_04951566,infoseek_val_00011711
Bat ray,https://en.wikipedia.org/wiki/Bat_ray,What is the closest upper taxonomy of this animal?,What is the closest upper taxonomy of this animal?,String,Myliobatis,0,0,0,infoseek,0,0,0,oven_04966453,infoseek_val_00011762
Mandarin duck,https://en.wikipedia.org/wiki/Mandarin_duck,how many centimetre is the wingspan of this bird?,how many centimetre is the wingspan of this bird?,Numerical,71,0,0,0,infoseek,0,0,0,oven_04967362,infoseek_val_00011789
Azadi Tower,https://en.wikipedia.org/wiki/Azadi_Tower,What is the height of this building in metre?,What is the height of this building in metre?,Numerical,45,0,0,0,infoseek,0,0,0,oven_04956244,infoseek_val_00011796
Izmaylovo District,https://en.wikipedia.org/wiki/Izmaylovo_District,What is this place named after?,What is this place named after?,String,Izmaylovo,0,0,0,infoseek,0,0,0,oven_04955029,infoseek_val_00011806
Huis Ten Bosch (theme park),https://en.wikipedia.org/wiki/Huis_Ten_Bosch_(theme_park),Which country does this park come from?,Which country does this park come from?,String,Japan,0,0,0,infoseek,0,0,0,oven_04955958,infoseek_val_00011825
Dolomites,https://en.wikipedia.org/wiki/Dolomites,where is the highest point of this mountain?,where is the highest point of this mountain?,String,Marmolada,0,0,0,infoseek,0,0,0,oven_04955115,infoseek_val_00011830
Nationaal Militair Museum,https://en.wikipedia.org/wiki/Nationaal_Militair_Museum,What country does this building belong to?,What country does this building belong to?,String,Netherlands,0,0,0,infoseek,0,0,0,oven_04956189,infoseek_val_00011861
Yellow-billed magpie,https://en.wikipedia.org/wiki/Yellow-billed_magpie,"What is the conservation status of this bird? (The status is assigned by the international union for conservation of nature. Choose one among Endangered,Least Concern,Critically Endangered,extinct species,extinct in the wild,Vulnerable,Near Threatened,Data Deficient)","What is the conservation status of this bird? (The status is assigned by the international union for conservation of nature. Choose one among Endangered,Least Concern,Critically Endangered,extinct species,extinct in the wild,Vulnerable,Near Threatened,Data Deficient)",String,Vulnerable,0,0,0,infoseek,0,0,0,oven_04962270,infoseek_val_00011870
Indotyphlops braminus,https://en.wikipedia.org/wiki/Indotyphlops_braminus,What is the closest upper taxonomy of this animal?,What is the closest upper taxonomy of this animal?,String,Ramphotyphlops,0,0,0,infoseek,0,0,0,oven_04964069,infoseek_val_00011989
Varied bunting,https://en.wikipedia.org/wiki/Varied_bunting,What is the closest upper taxonomy of this bird?,What is the closest upper taxonomy of this bird?,String,Passerina,0,0,0,infoseek,0,0,0,oven_04966066,infoseek_val_00012034
Vecrīga,https://en.wikipedia.org/wiki/Vecr%C4%ABga,Which city or region does this place locate in?,Which city or region does this place locate in?,String,Riga,0,0,0,infoseek,0,0,0,oven_04955383,infoseek_val_00012036
Pyrrosia eleagnifolia,https://en.wikipedia.org/wiki/Pyrrosia_eleagnifolia,Where is this plant native to?,Where is this plant native to?,String,New Zealand,0,0,0,infoseek,0,0,0,oven_04962715,infoseek_val_00012048
Santa María del Naranco,https://en.wikipedia.org/wiki/Santa_Mar%C3%ADa_del_Naranco,Who commissioned this building?,Who commissioned this building?,String,Ramiro I of Asturias,0,0,0,infoseek,0,0,0,oven_04956388,infoseek_val_00012056
National Flag Memorial (Argentina),https://en.wikipedia.org/wiki/National_Flag_Memorial_(Argentina),Who is the architect of this building?,Who is the architect of this building?,String,Ángel Guido,0,0,0,infoseek,0,0,0,oven_04954418,infoseek_val_00012085
Audi V8,https://en.wikipedia.org/wiki/Audi_V8,What is the brand of this vehicle?,What is the brand of this vehicle?,String,Audi,0,0,0,infoseek,0,0,0,oven_04950806,infoseek_val_00012095
Royal Crescent,https://en.wikipedia.org/wiki/Royal_Crescent,What is the architectural style of this city?,What is the architectural style of this city?,String,Georgian architecture,0,0,0,infoseek,0,0,0,oven_04954775,infoseek_val_00012105
Fürstenzug,https://en.wikipedia.org/wiki/F%C3%BCrstenzug,Which city or region does this place locate in?,Which city or region does this place locate in?,String,Dresden,0,0,0,infoseek,0,0,0,oven_04954858,infoseek_val_00012107
Kilkenny Castle,https://en.wikipedia.org/wiki/Kilkenny_Castle,Which city or region does this building locate in?,Which city or region does this building locate in?,String,Kilkenny,0,0,0,infoseek,0,0,0,oven_04951616,infoseek_val_00012138
Southern ground hornbill,https://en.wikipedia.org/wiki/Southern_ground_hornbill,how many day is the egg incubation period of this bird?,how many day is the egg incubation period of this bird?,Numerical,40,0,0,0,infoseek,0,0,0,oven_04973514,infoseek_val_00012178
Staffordshire Bull Terrier,https://en.wikipedia.org/wiki/Staffordshire_Bull_Terrier,What is the maximum weight of a male of this animal in kilogram?,What is the maximum weight of a male of this animal in kilogram?,Numerical,17,0,0,0,infoseek,0,0,0,oven_04978405,infoseek_val_00012187
European green lizard,https://en.wikipedia.org/wiki/European_green_lizard,What is the closest parent taxonomy of this animal?,What is the closest parent taxonomy of this animal?,String,Lacerta,0,0,0,infoseek,0,0,0,oven_04975909,infoseek_val_00012217
East Side Gallery,https://en.wikipedia.org/wiki/East_Side_Gallery,What is the location of this building?,What is the location of this building?,String,Friedrichshain,0,0,0,infoseek,0,0,0,oven_04952727,infoseek_val_00012262
Schloss Dyck,https://en.wikipedia.org/wiki/Schloss_Dyck,What country does this building belong to?,What country does this building belong to?,String,Germany,0,0,0,infoseek,0,0,0,oven_04953854,infoseek_val_00012277
North River (Hudson River),https://en.wikipedia.org/wiki/North_River_(Hudson_River),Which city or region does this river locate in?,Which city or region does this river locate in?,String,New York,0,0,0,infoseek,0,0,0,oven_04951707,infoseek_val_00012302
Yogurt,https://en.wikipedia.org/wiki/Yogurt,Which class of biological feature is this food produced by?,Which class of biological feature is this food produced by?,String,Lactobacillus delbrueckii subsp. bulgaricus,0,0,0,infoseek,0,0,0,oven_05002524,infoseek_val_00012342
Long-tailed skipper,https://en.wikipedia.org/wiki/Long-tailed_skipper,What is the closest parent taxonomy of this insect?,What is the closest parent taxonomy of this insect?,String,Urbanus,0,0,0,infoseek,0,0,0,oven_04972977,infoseek_val_00012359
Aztec sun stone,https://en.wikipedia.org/wiki/Aztec_sun_stone,What is the location of this building?,What is the location of this building?,String,National Museum of Anthropology|Mexico City Metropolitan Cathedral,0,0,0,infoseek,0,0,0,oven_04954293,infoseek_val_00012381
"Everton Park, Queensland","https://en.wikipedia.org/wiki/Everton_Park,_Queensland",What country does this place belong to?,What country does this place belong to?,String,Australia,0,0,0,infoseek,0,0,0,oven_04954517,infoseek_val_00012411
Kessock Bridge,https://en.wikipedia.org/wiki/Kessock_Bridge,what has this bridge crossed over?,what has this bridge crossed over?,String,Beauly Firth,0,0,0,infoseek,0,0,0,oven_04956096,infoseek_val_00012469
Lestes disjunctus,https://en.wikipedia.org/wiki/Lestes_disjunctus,"What is the conservation status of this insect? (The status is assigned by the international union for conservation of nature. Choose one among Endangered,Least Concern,Critically Endangered,extinct species,extinct in the wild,Vulnerable,Near Threatened,Data Deficient)","What is the conservation status of this insect? (The status is assigned by the international union for conservation of nature. Choose one among Endangered,Least Concern,Critically Endangered,extinct species,extinct in the wild,Vulnerable,Near Threatened,Data Deficient)",String,Least Concern,0,0,0,infoseek,0,0,0,oven_04967638,infoseek_val_00012484
West Norwood Cemetery,https://en.wikipedia.org/wiki/West_Norwood_Cemetery,Which city or region does this facility locate in?,Which city or region does this facility locate in?,String,London,0,0,0,infoseek,0,0,0,oven_04955668,infoseek_val_00012492
Rundāle Palace,https://en.wikipedia.org/wiki/Rund%C4%81le_Palace,What is the architectural style of this building?,What is the architectural style of this building?,String,baroque architecture|Baroque,0,0,0,infoseek,0,0,0,oven_04958747,infoseek_val_00012496
Trekroner Fort,https://en.wikipedia.org/wiki/Trekroner_Fort,What country does this building belong to?,What country does this building belong to?,String,Denmark,0,0,0,infoseek,0,0,0,oven_04956898,infoseek_val_00012498
Descent of the Ganges (Mahabalipuram),https://en.wikipedia.org/wiki/Descent_of_the_Ganges_(Mahabalipuram),What country does this place belong to?,What country does this place belong to?,String,India,0,0,0,infoseek,0,0,0,oven_04955403,infoseek_val_00012512
Steam locomotive,https://en.wikipedia.org/wiki/Steam_locomotive,In which year was this vehicle invented or discovered?,In which year was this vehicle invented or discovered?,Time,1814,0,0,0,infoseek,0,0,0,oven_04997122,infoseek_val_00012520
Groundhog,https://en.wikipedia.org/wiki/Groundhog,What is the closest parent taxonomy of this animal?,What is the closest parent taxonomy of this animal?,String,Marmota,0,0,0,infoseek,0,0,0,oven_04966317,infoseek_val_00012523
Orpington,https://en.wikipedia.org/wiki/Orpington,Which city or region does this town locate in?,Which city or region does this town locate in?,String,London Borough of Bromley,0,0,0,infoseek,0,0,0,oven_04976530,infoseek_val_00012527
Peyote,https://en.wikipedia.org/wiki/Peyote,What is the basionym of this plant?,What is the basionym of this plant?,String,Echinocactus williamsii,0,0,0,infoseek,0,0,0,oven_04965832,infoseek_val_00012528
Chevrolet Camaro (fifth generation),https://en.wikipedia.org/wiki/Chevrolet_Camaro_(fifth_generation),What is the brand of this vehicle?,What is the brand of this vehicle?,String,Chevrolet,0,0,0,infoseek,0,0,0,oven_04950740,infoseek_val_00012633
Moszna Castle,https://en.wikipedia.org/wiki/Moszna_Castle,Which city or region does this building locate in?,Which city or region does this building locate in?,String,Moszna,0,0,0,infoseek,0,0,0,oven_04951146,infoseek_val_00012646
Shrine Mont,https://en.wikipedia.org/wiki/Shrine_Mont,Which city or region does this diocese locate in?,Which city or region does this diocese locate in?,String,Virginia,0,0,0,infoseek,0,0,0,oven_04958941,infoseek_val_00012654
Kailashnath Mahadev Statue,https://en.wikipedia.org/wiki/Kailashnath_Mahadev_Statue,What country does this building belong to?,What country does this building belong to?,String,Nepal,0,0,0,infoseek,0,0,0,oven_04957458,infoseek_val_00012685
Purple sandpiper,https://en.wikipedia.org/wiki/Purple_sandpiper,What is the closest upper taxonomy of this bird?,What is the closest upper taxonomy of this bird?,String,Calidris,0,0,0,infoseek,0,0,0,oven_04970170,infoseek_val_00012714
Longan,https://en.wikipedia.org/wiki/Longan,"What is the conservation status of this plant? (The status is assigned by the international union for conservation of nature. Choose one among Endangered,Least Concern,Critically Endangered,extinct species,extinct in the wild,Vulnerable,Near Threatened,Data Deficient)","What is the conservation status of this plant? (The status is assigned by the international union for conservation of nature. Choose one among Endangered,Least Concern,Critically Endangered,extinct species,extinct in the wild,Vulnerable,Near Threatened,Data Deficient)",String,Near Threatened,0,0,0,infoseek,0,0,0,oven_05007749,infoseek_val_00012715
Caltha palustris,https://en.wikipedia.org/wiki/Caltha_palustris,where do you usually find this plant?,where do you usually find this plant?,String,marsh,0,0,0,infoseek,0,0,0,oven_04973397,infoseek_val_00012724
Shrine of the Báb,https://en.wikipedia.org/wiki/Shrine_of_the_B%C3%A1b,Who designed this building?,Who designed this building?,String,William Sutherland Maxwell,0,0,0,infoseek,0,0,0,oven_04953737,infoseek_val_00012733
Aqueduct of Segovia,https://en.wikipedia.org/wiki/Aqueduct_of_Segovia,What is the location of this bridge?,What is the location of this bridge?,String,Segovia,0,0,0,infoseek,0,0,0,oven_04956955,infoseek_val_00012788
New York State Pavilion,https://en.wikipedia.org/wiki/New_York_State_Pavilion,Which city or region does this place locate in?,Which city or region does this place locate in?,String,Queens,0,0,0,infoseek,0,0,0,oven_04954622,infoseek_val_00012856
Wisconsin State Capitol,https://en.wikipedia.org/wiki/Wisconsin_State_Capitol,Who designed this building?,Who designed this building?,String,George B. Post,0,0,0,infoseek,0,0,0,oven_04953766,infoseek_val_00012868
Königsberg Cathedral,https://en.wikipedia.org/wiki/K%C3%B6nigsberg_Cathedral,In which year was this building first mentioned in writing?,In which year was this building first mentioned in writing?,Time,1333,0,0,0,infoseek,0,0,0,oven_04958777,infoseek_val_00012914
Statue of Zeus at Olympia,https://en.wikipedia.org/wiki/Statue_of_Zeus_at_Olympia,What is the location of this building?,What is the location of this building?,String,Temple of Zeus in Olympia,0,0,0,infoseek,0,0,0,oven_04992799,infoseek_val_00012921
Hever Castle,https://en.wikipedia.org/wiki/Hever_Castle,Which historic county does this building belong to?,Which historic county does this building belong to?,String,Kent,0,0,0,infoseek,0,0,0,oven_04951107,infoseek_val_00012966
Chevrolet Camaro (fifth generation),https://en.wikipedia.org/wiki/Chevrolet_Camaro_(fifth_generation),What is the length in millimetre is the vehicle in the image?,What is the length in millimetre is the vehicle in the image?,Numerical,4840,0,0,0,infoseek,0,0,0,oven_04950732,infoseek_val_00013025
Huis Bergh,https://en.wikipedia.org/wiki/Huis_Bergh,Who or what maintains this building?,Who or what maintains this building?,String,Huis Bergh,0,0,0,infoseek,0,0,0,oven_04953837,infoseek_val_00013048
Weka,https://en.wikipedia.org/wiki/Weka,"What is the conservation status of this bird? (The status is assigned by the international union for conservation of nature. Choose one among Endangered,Least Concern,Critically Endangered,extinct species,extinct in the wild,Vulnerable,Near Threatened,Data Deficient)","What is the conservation status of this bird? (The status is assigned by the international union for conservation of nature. Choose one among Endangered,Least Concern,Critically Endangered,extinct species,extinct in the wild,Vulnerable,Near Threatened,Data Deficient)",String,Vulnerable,0,0,0,infoseek,0,0,0,oven_04970681,infoseek_val_00013058
Wild boar,https://en.wikipedia.org/wiki/Wild_boar,What is the oldest age of this animal?,What is the oldest age of this animal?,Numerical,27,0,0,0,infoseek,0,0,0,oven_04963186,infoseek_val_00013065
Marimba,https://en.wikipedia.org/wiki/Marimba,What product does this item produce?,What product does this item produce?,String,marimba music,0,0,0,infoseek,0,0,0,oven_04991769,infoseek_val_00013075
Sensō-ji,https://en.wikipedia.org/wiki/Sens%C5%8D-ji,What is this building named after?,What is this building named after?,String,Asakusa,0,0,0,infoseek,0,0,0,oven_04953558,infoseek_val_00013078
Flap-necked chameleon,https://en.wikipedia.org/wiki/Flap-necked_chameleon,"What is the conservation status of this animal? (The status is assigned by the international union for conservation of nature. Choose one among Endangered,Least Concern,Critically Endangered,extinct species,extinct in the wild,Vulnerable,Near Threatened,Data Deficient)","What is the conservation status of this animal? (The status is assigned by the international union for conservation of nature. Choose one among Endangered,Least Concern,Critically Endangered,extinct species,extinct in the wild,Vulnerable,Near Threatened,Data Deficient)",String,Least Concern,0,0,0,infoseek,0,0,0,oven_04972548,infoseek_val_00013088
Arundinaria gigantea,https://en.wikipedia.org/wiki/Arundinaria_gigantea,What is the closest parent taxonomy of this plant?,What is the closest parent taxonomy of this plant?,String,Arundinaria,0,0,0,infoseek,0,0,0,oven_04964471,infoseek_val_00013134
Bamberg Cathedral,https://en.wikipedia.org/wiki/Bamberg_Cathedral,What is this building named after?,What is this building named after?,String,Peter,0,0,0,infoseek,0,0,0,oven_04956659,infoseek_val_00013147
Leptopteris superba,https://en.wikipedia.org/wiki/Leptopteris_superba,What is the closest parent taxonomy of this plant?,What is the closest parent taxonomy of this plant?,String,Leptopteris,0,0,0,infoseek,0,0,0,oven_04964321,infoseek_val_00013167
Bedford Square,https://en.wikipedia.org/wiki/Bedford_Square,What is this building named after?,What is this building named after?,String,Duke of Bedford,0,0,0,infoseek,0,0,0,oven_04958173,infoseek_val_00013222
Space Shuttle,https://en.wikipedia.org/wiki/Space_Shuttle,What is the country of origin of this vehicle?,What is the country of origin of this vehicle?,String,United States of America,0,0,0,infoseek,0,0,0,oven_04996875,infoseek_val_00013241
Bananaquit,https://en.wikipedia.org/wiki/Bananaquit,What is the closest parent taxonomy of this bird?,What is the closest parent taxonomy of this bird?,String,Coereba,0,0,0,infoseek,0,0,0,oven_04962455,infoseek_val_00013286
Cordyline australis,https://en.wikipedia.org/wiki/Cordyline_australis,What is the closest upper taxonomy of this plant?,What is the closest upper taxonomy of this plant?,String,Cordyline,0,0,0,infoseek,0,0,0,oven_04970850,infoseek_val_00013304
Corn Palace,https://en.wikipedia.org/wiki/Corn_Palace,Which city or region does this building locate in?,Which city or region does this building locate in?,String,South Dakota,0,0,0,infoseek,0,0,0,oven_04955588,infoseek_val_00013309
Sora (bird),https://en.wikipedia.org/wiki/Sora_(bird),What is the litter size of this bird?,What is the litter size of this bird?,Numerical,11,0,0,0,infoseek,0,0,0,oven_04967937,infoseek_val_00013328
Space Needle,https://en.wikipedia.org/wiki/Space_Needle,What is the height of this building in metre?,What is the height of this building in metre?,Numerical,184,0,0,0,infoseek,0,0,0,oven_04955594,infoseek_val_00013353
Sequoiadendron giganteum,https://en.wikipedia.org/wiki/Sequoiadendron_giganteum,What is the basionym of this plant?,What is the basionym of this plant?,String,Wellingtonia gigantea,0,0,0,infoseek,0,0,0,oven_04970545,infoseek_val_00013372
Lake Lucerne,https://en.wikipedia.org/wiki/Lake_Lucerne,What is this lake named after?,What is this lake named after?,String,Lucerne|Waldstätte,0,0,0,infoseek,0,0,0,oven_04955106,infoseek_val_00013405
Kopaonik,https://en.wikipedia.org/wiki/Kopaonik,What is the height of this mountain in terms of metre above sea level?,What is the height of this mountain in terms of metre above sea level?,Numerical,2017,0,0,0,infoseek,0,0,0,oven_04950993,infoseek_val_00013433
Eurasian magpie,https://en.wikipedia.org/wiki/Eurasian_magpie,What is the weight of a male of this bird in gram?,What is the weight of a male of this bird in gram?,Numerical,221,0,0,0,infoseek,0,0,0,oven_04961397,infoseek_val_00013437
Leadenhall Market,https://en.wikipedia.org/wiki/Leadenhall_Market,Which city or region does this street locate in?,Which city or region does this street locate in?,String,City of London,0,0,0,infoseek,0,0,0,oven_04952187,infoseek_val_00013444
Gurudongmar Lake,https://en.wikipedia.org/wiki/Gurudongmar_Lake,What is the area in square kilometre occupied by this lake?,What is the area in square kilometre occupied by this lake?,Numerical,1.18,0,0,0,infoseek,0,0,0,oven_04950920,infoseek_val_00013448
Feraklos Castle,https://en.wikipedia.org/wiki/Feraklos_Castle,What is the location of this building?,What is the location of this building?,String,Charaki,0,0,0,infoseek,0,0,0,oven_04953570,infoseek_val_00013475
Sulphur-bellied flycatcher,https://en.wikipedia.org/wiki/Sulphur-bellied_flycatcher,What is the closest parent taxonomy of this bird?,What is the closest parent taxonomy of this bird?,String,Myiodynastes,0,0,0,infoseek,0,0,0,oven_04961594,infoseek_val_00013515
Manassas National Battlefield Park,https://en.wikipedia.org/wiki/Manassas_National_Battlefield_Park,Which significant event was held in this park?,Which significant event was held in this park?,String,Second Battle of Bull Run,0,0,0,infoseek,0,0,0,oven_04953582,infoseek_val_00013517
Peritoma arborea,https://en.wikipedia.org/wiki/Peritoma_arborea,What is the basionym of this plant?,What is the basionym of this plant?,String,Isomeris arborea,0,0,0,infoseek,0,0,0,oven_04973333,infoseek_val_00013520
Brown teal,https://en.wikipedia.org/wiki/Brown_teal,Which place is this bird endemic to?,Which place is this bird endemic to?,String,New Zealand,0,0,0,infoseek,0,0,0,oven_04970820,infoseek_val_00013533
Craters of the Moon National Monument and Preserve,https://en.wikipedia.org/wiki/Craters_of_the_Moon_National_Monument_and_Preserve,What country does this building belong to?,What country does this building belong to?,String,United States of America,0,0,0,infoseek,0,0,0,oven_04953396,infoseek_val_00013538
South Island oystercatcher,https://en.wikipedia.org/wiki/South_Island_oystercatcher,How many gram does this bird weigh?,How many gram does this bird weigh?,Numerical,535,0,0,0,infoseek,0,0,0,oven_04961615,infoseek_val_00013593
Église Notre-Dame de Calais,https://en.wikipedia.org/wiki/%C3%89glise_Notre-Dame_de_Calais,What country does this building belong to?,What country does this building belong to?,String,France,0,0,0,infoseek,0,0,0,oven_04955907,infoseek_val_00013723
Gol Gumbaz,https://en.wikipedia.org/wiki/Gol_Gumbaz,What country does this place belong to?,What country does this place belong to?,String,India,0,0,0,infoseek,0,0,0,oven_04959029,infoseek_val_00013744
Juscelino Kubitschek bridge,https://en.wikipedia.org/wiki/Juscelino_Kubitschek_bridge,What country does this bridge belong to?,What country does this bridge belong to?,String,Brazil,0,0,0,infoseek,0,0,0,oven_04956853,infoseek_val_00013756
Place Stanislas,https://en.wikipedia.org/wiki/Place_Stanislas,Who is the architect of this building?,Who is the architect of this building?,String,Emmanuel Héré de Corny,0,0,0,infoseek,0,0,0,oven_04953683,infoseek_val_00013769
Port of Casablanca,https://en.wikipedia.org/wiki/Port_of_Casablanca,Which city or region does this building locate in?,Which city or region does this building locate in?,String,Casablanca,0,0,0,infoseek,0,0,0,oven_04956542,infoseek_val_00013817
Sabine's gull,https://en.wikipedia.org/wiki/Sabine%27s_gull,What is the closest upper taxonomy of this bird?,What is the closest upper taxonomy of this bird?,String,Xema,0,0,0,infoseek,0,0,0,oven_04968431,infoseek_val_00013820
Geirangerfjord,https://en.wikipedia.org/wiki/Geirangerfjord,Which city or region does this place locate in?,Which city or region does this place locate in?,String,Stranda,0,0,0,infoseek,0,0,0,oven_04952091,infoseek_val_00013838
Border Collie,https://en.wikipedia.org/wiki/Border_Collie,What is the country of origin of this animal?,What is the country of origin of this animal?,String,Scotland|United Kingdom,0,0,0,infoseek,0,0,0,oven_04979188,infoseek_val_00013872
Fenway Park,https://en.wikipedia.org/wiki/Fenway_Park,On what date did this building officially open?,On what date did this building officially open?,Time,1912 4 20,0,0,0,infoseek,0,0,0,oven_04951080,infoseek_val_00013903
Ocelot,https://en.wikipedia.org/wiki/Ocelot,What is the closest parent taxonomy of this animal?,What is the closest parent taxonomy of this animal?,String,Leopardus,0,0,0,infoseek,0,0,0,oven_04961294,infoseek_val_00013915
Impala,https://en.wikipedia.org/wiki/Impala,How many days does the gestation of this animal take?,How many days does the gestation of this animal take?,Numerical,6.5-7.0,0,0,0,infoseek,0,0,0,oven_04967645,infoseek_val_00013948
Dents Blanches,https://en.wikipedia.org/wiki/Dents_Blanches,where is the highest point of this mountain?,where is the highest point of this mountain?,String,Dent de Barme,0,0,0,infoseek,0,0,0,oven_04951315,infoseek_val_00013974
Altice Arena,https://en.wikipedia.org/wiki/Altice_Arena,Which city or region does this building locate in?,Which city or region does this building locate in?,String,Parque das Nações,0,0,0,infoseek,0,0,0,oven_04952448,infoseek_val_00013978
Beamish Museum,https://en.wikipedia.org/wiki/Beamish_Museum,Which city or region does this building locate in?,Which city or region does this building locate in?,String,Stanley,0,0,0,infoseek,0,0,0,oven_04957723,infoseek_val_00013981
Indian roller,https://en.wikipedia.org/wiki/Indian_roller,"What is the conservation status of this bird? (The status is assigned by the international union for conservation of nature. Choose one among Endangered,Least Concern,Critically Endangered,extinct species,extinct in the wild,Vulnerable,Near Threatened,Data Deficient)","What is the conservation status of this bird? (The status is assigned by the international union for conservation of nature. Choose one among Endangered,Least Concern,Critically Endangered,extinct species,extinct in the wild,Vulnerable,Near Threatened,Data Deficient)",String,Least Concern,0,0,0,infoseek,0,0,0,oven_04962165,infoseek_val_00013993
Olearia paniculata,https://en.wikipedia.org/wiki/Olearia_paniculata,What is the closest parent taxonomy of this plant?,What is the closest parent taxonomy of this plant?,String,Olearia,0,0,0,infoseek,0,0,0,oven_04962625,infoseek_val_00014043
Roue de Paris,https://en.wikipedia.org/wiki/Roue_de_Paris,What is the street address of this facility?,What is the street address of this facility?,String,place de la Concorde,0,0,0,infoseek,0,0,0,oven_04956120,infoseek_val_00014053
Galerie Vivienne,https://en.wikipedia.org/wiki/Galerie_Vivienne,Which street is this building located at?,Which street is this building located at?,String,rue Vivienne|rue de la Banque,0,0,0,infoseek,0,0,0,oven_04955772,infoseek_val_00014095
Blue Mountain (New York),https://en.wikipedia.org/wiki/Blue_Mountain_(New_York),Which city or region does this place locate in?,Which city or region does this place locate in?,String,New York,0,0,0,infoseek,0,0,0,oven_04954278,infoseek_val_00014115
Stutthof concentration camp,https://en.wikipedia.org/wiki/Stutthof_concentration_camp,How many people died in total in the event of the building in the image?,How many people died in total in the event of the building in the image?,Numerical,65000,0,0,0,infoseek,0,0,0,oven_04958478,infoseek_val_00014173
Old English Sheepdog,https://en.wikipedia.org/wiki/Old_English_Sheepdog,What is the minimum height of a male of this animal in centimetre?,What is the minimum height of a male of this animal in centimetre?,Numerical,61,0,0,0,infoseek,0,0,0,oven_04979115,infoseek_val_00014176
McDonnell Douglas MD-11,https://en.wikipedia.org/wiki/McDonnell_Douglas_MD-11,Who is the manufacturer of this aircraft?,Who is the manufacturer of this aircraft?,String,McDonnell Douglas,0,0,0,infoseek,0,0,0,oven_04950547,infoseek_val_00014178
Osprey,https://en.wikipedia.org/wiki/Osprey,What is the closest upper taxonomy of this bird?,What is the closest upper taxonomy of this bird?,String,Pandion,0,0,0,infoseek,0,0,0,oven_04965893,infoseek_val_00014242
Durham Castle,https://en.wikipedia.org/wiki/Durham_Castle,Which historic county does this building belong to?,Which historic county does this building belong to?,String,County Durham,0,0,0,infoseek,0,0,0,oven_04952601,infoseek_val_00014246
Osprey,https://en.wikipedia.org/wiki/Osprey,What is the length of the wingspan in metre of this bird?,What is the length of the wingspan in metre of this bird?,Numerical,1.6,0,0,0,infoseek,0,0,0,oven_04965880,infoseek_val_00014262
Puente de Piedra (Zaragoza),https://en.wikipedia.org/wiki/Puente_de_Piedra_(Zaragoza),what has this place crossed over?,what has this place crossed over?,String,Ebro,0,0,0,infoseek,0,0,0,oven_04955549,infoseek_val_00014290
McDonnell Douglas DC-10,https://en.wikipedia.org/wiki/McDonnell_Douglas_DC-10,Who is the manufacturer of this aircraft?,Who is the manufacturer of this aircraft?,String,McDonnell Douglas,0,0,0,infoseek,0,0,0,oven_04950425,infoseek_val_00014394
New Zealand sea lion,https://en.wikipedia.org/wiki/New_Zealand_sea_lion,What is the closest parent taxonomy of this animal?,What is the closest parent taxonomy of this animal?,String,sea lion,0,0,0,infoseek,0,0,0,oven_04967314,infoseek_val_00014408
Mazar-e-Quaid,https://en.wikipedia.org/wiki/Mazar-e-Quaid,What is the location of this place?,What is the location of this place?,String,Karachi,0,0,0,infoseek,0,0,0,oven_04952064,infoseek_val_00014417
Garganey,https://en.wikipedia.org/wiki/Garganey,"What is the conservation status of this bird? (The status is assigned by the international union for conservation of nature. Choose one among Endangered,Least Concern,Critically Endangered,extinct species,extinct in the wild,Vulnerable,Near Threatened,Data Deficient)","What is the conservation status of this bird? (The status is assigned by the international union for conservation of nature. Choose one among Endangered,Least Concern,Critically Endangered,extinct species,extinct in the wild,Vulnerable,Near Threatened,Data Deficient)",String,Least Concern,0,0,0,infoseek,0,0,0,oven_04968754,infoseek_val_00014425
Wright Brothers National Memorial,https://en.wikipedia.org/wiki/Wright_Brothers_National_Memorial,Which city or region does this building locate in?,Which city or region does this building locate in?,String,Kill Devil Hills,0,0,0,infoseek,0,0,0,oven_04954300,infoseek_val_00014427
Rochester Castle,https://en.wikipedia.org/wiki/Rochester_Castle,who/what operates this building?,who/what operates this building?,String,English Heritage,0,0,0,infoseek,0,0,0,oven_04951043,infoseek_val_00014436
Shell Centre,https://en.wikipedia.org/wiki/Shell_Centre,Which city or region does this building locate in?,Which city or region does this building locate in?,String,London Borough of Lambeth,0,0,0,infoseek,0,0,0,oven_04957311,infoseek_val_00014443
Hippopotamus,https://en.wikipedia.org/wiki/Hippopotamus,"What is the conservation status of this animal? (The status is assigned by the international union for conservation of nature. Choose one among Endangered,Least Concern,Critically Endangered,extinct species,extinct in the wild,Vulnerable,Near Threatened,Data Deficient)","What is the conservation status of this animal? (The status is assigned by the international union for conservation of nature. Choose one among Endangered,Least Concern,Critically Endangered,extinct species,extinct in the wild,Vulnerable,Near Threatened,Data Deficient)",String,Vulnerable,0,0,0,infoseek,0,0,0,oven_04969995,infoseek_val_00014454
Maidan Nezalezhnosti,https://en.wikipedia.org/wiki/Maidan_Nezalezhnosti,Which city or region does this building locate in?,Which city or region does this building locate in?,String,Shevchenko Raion,0,0,0,infoseek,0,0,0,oven_04958117,infoseek_val_00014469
Krak des Chevaliers,https://en.wikipedia.org/wiki/Krak_des_Chevaliers,What country does this building belong to?,What country does this building belong to?,String,Syria,0,0,0,infoseek,0,0,0,oven_04951124,infoseek_val_00014481
Amanita muscaria,https://en.wikipedia.org/wiki/Amanita_muscaria,What is the closest parent taxonomy of this plant?,What is the closest parent taxonomy of this plant?,String,Amanita,0,0,0,infoseek,0,0,0,oven_04972828,infoseek_val_00014522
Chembra Peak,https://en.wikipedia.org/wiki/Chembra_Peak,which mountain range is this mountain belong to?,which mountain range is this mountain belong to?,String,Western Ghats,0,0,0,infoseek,0,0,0,oven_04957475,infoseek_val_00014540
Leopard tortoise,https://en.wikipedia.org/wiki/Leopard_tortoise,What is the closest parent taxonomy of this animal?,What is the closest parent taxonomy of this animal?,String,Stigmochelys,0,0,0,infoseek,0,0,0,oven_04965138,infoseek_val_00014615
Northern gannet,https://en.wikipedia.org/wiki/Northern_gannet,"What is the conservation status of this bird? (The status is assigned by the international union for conservation of nature. Choose one among Endangered,Least Concern,Critically Endangered,extinct species,extinct in the wild,Vulnerable,Near Threatened,Data Deficient)","What is the conservation status of this bird? (The status is assigned by the international union for conservation of nature. Choose one among Endangered,Least Concern,Critically Endangered,extinct species,extinct in the wild,Vulnerable,Near Threatened,Data Deficient)",String,Least Concern,0,0,0,infoseek,0,0,0,oven_04971227,infoseek_val_00014636
Cheetah,https://en.wikipedia.org/wiki/Cheetah,What is the magnitude of the velocity of this animal kilometre per hour?,What is the magnitude of the velocity of this animal kilometre per hour?,Numerical,120,0,0,0,infoseek,0,0,0,oven_04971863,infoseek_val_00014686
Dolomedes minor,https://en.wikipedia.org/wiki/Dolomedes_minor,What is the closest parent taxonomy of this insect?,What is the closest parent taxonomy of this insect?,String,Dolomedes,0,0,0,infoseek,0,0,0,oven_04970800,infoseek_val_00014779
Great St Bernard Pass,https://en.wikipedia.org/wiki/Great_St_Bernard_Pass,What country does this mountain belong to?,What country does this mountain belong to?,String,Italy|Switzerland,0,0,0,infoseek,0,0,0,oven_04953497,infoseek_val_00014817
Great crested grebe,https://en.wikipedia.org/wiki/Great_crested_grebe,how many day is the egg incubation period of this bird?,how many day is the egg incubation period of this bird?,Numerical,28,0,0,0,infoseek,0,0,0,oven_04968270,infoseek_val_00014834
National Museum of the Philippines,https://en.wikipedia.org/wiki/National_Museum_of_the_Philippines,What country does this building belong to?,What country does this building belong to?,String,Philippines,0,0,0,infoseek,0,0,0,oven_04957228,infoseek_val_00014917
Chippokes Plantation State Park,https://en.wikipedia.org/wiki/Chippokes_Plantation_State_Park,What country does this facility belong to?,What country does this facility belong to?,String,United States of America,0,0,0,infoseek,0,0,0,oven_04955571,infoseek_val_00014936
Paraserianthes lophantha,https://en.wikipedia.org/wiki/Paraserianthes_lophantha,What is the basionym of this plant?,What is the basionym of this plant?,String,Acacia lophantha,0,0,0,infoseek,0,0,0,oven_04962472,infoseek_val_00014939
Range Rover,https://en.wikipedia.org/wiki/Range_Rover,What is the brand of this vehicle?,What is the brand of this vehicle?,String,Land Rover,0,0,0,infoseek,0,0,0,oven_04950684,infoseek_val_00014950
Musée Bolo,https://en.wikipedia.org/wiki/Mus%C3%A9e_Bolo,What country does this building belong to?,What country does this building belong to?,String,Switzerland,0,0,0,infoseek,0,0,0,oven_04953660,infoseek_val_00015012
White stork,https://en.wikipedia.org/wiki/White_stork,how many metre is the wingspan of this bird?,how many metre is the wingspan of this bird?,Numerical,1.91,0,0,0,infoseek,0,0,0,oven_04965785,infoseek_val_00015061
Dahlia 'Bishop of Llandaff',https://en.wikipedia.org/wiki/Dahlia_%27Bishop_of_Llandaff%27,What is this plant named after?,What is this plant named after?,String,Pritchard Hughes,0,0,0,infoseek,0,0,0,oven_04959069,infoseek_val_00015078
Château de Sceaux,https://en.wikipedia.org/wiki/Ch%C3%A2teau_de_Sceaux,Who occupies this building?,Who occupies this building?,String,art museum|Musée de l'Ile-de-France,0,0,0,infoseek,0,0,0,oven_04956806,infoseek_val_00015175
Fokker 70,https://en.wikipedia.org/wiki/Fokker_70,What country does this vehicle belong to?,What country does this vehicle belong to?,String,Netherlands,0,0,0,infoseek,0,0,0,oven_04950520,infoseek_val_00015199
Hiyoshi Taisha,https://en.wikipedia.org/wiki/Hiyoshi_Taisha,Which city or region does this building locate in?,Which city or region does this building locate in?,String,Ōtsu,0,0,0,infoseek,0,0,0,oven_04951018,infoseek_val_00015218
Red University Building,https://en.wikipedia.org/wiki/Red_University_Building,What country does this building belong to?,What country does this building belong to?,String,Ukraine,0,0,0,infoseek,0,0,0,oven_04953711,infoseek_val_00015245
Sun,https://en.wikipedia.org/wiki/Sun,What is the density (in gram per cubic centimetre) of this place?,What is the density (in gram per cubic centimetre) of this place?,Numerical,1.408,0,0,0,infoseek,0,0,0,oven_05004361,infoseek_val_00015265
Ford Mustang,https://en.wikipedia.org/wiki/Ford_Mustang,Who is the manufacturer of this vehicle?,Who is the manufacturer of this vehicle?,String,Ford Motor Company,0,0,0,infoseek,0,0,0,oven_04950849,infoseek_val_00015296
Lilac-breasted roller,https://en.wikipedia.org/wiki/Lilac-breasted_roller,"What is the conservation status of this bird? (The status is assigned by the international union for conservation of nature. Choose one among Endangered,Least Concern,Critically Endangered,extinct species,extinct in the wild,Vulnerable,Near Threatened,Data Deficient)","What is the conservation status of this bird? (The status is assigned by the international union for conservation of nature. Choose one among Endangered,Least Concern,Critically Endangered,extinct species,extinct in the wild,Vulnerable,Near Threatened,Data Deficient)",String,Least Concern,0,0,0,infoseek,0,0,0,oven_04969163,infoseek_val_00015341
Salève,https://en.wikipedia.org/wiki/Sal%C3%A8ve,What is the height of this mountain in terms of metre above sea level?,What is the height of this mountain in terms of metre above sea level?,Numerical,1379,0,0,0,infoseek,0,0,0,oven_04955843,infoseek_val_00015352
Coccoloba uvifera,https://en.wikipedia.org/wiki/Coccoloba_uvifera,What is the closest upper taxonomy of this plant?,What is the closest upper taxonomy of this plant?,String,Coccoloba,0,0,0,infoseek,0,0,0,oven_04971439,infoseek_val_00015357
Heskin Hall,https://en.wikipedia.org/wiki/Heskin_Hall,Which historic county does this place belong to?,Which historic county does this place belong to?,String,Lancashire,0,0,0,infoseek,0,0,0,oven_04952432,infoseek_val_00015381
Asplenium oblongifolium,https://en.wikipedia.org/wiki/Asplenium_oblongifolium,Which place is this plant endemic to?,Which place is this plant endemic to?,String,New Zealand,0,0,0,infoseek,0,0,0,oven_04962604,infoseek_val_00015385
Trithemis annulata,https://en.wikipedia.org/wiki/Trithemis_annulata,What is the closest parent taxonomy of this insect?,What is the closest parent taxonomy of this insect?,String,Trithemis,0,0,0,infoseek,0,0,0,oven_04973653,infoseek_val_00015402
Ashkelon National Park,https://en.wikipedia.org/wiki/Ashkelon_National_Park,Which city or region does this place locate in?,Which city or region does this place locate in?,String,Ashkelon,0,0,0,infoseek,0,0,0,oven_04957400,infoseek_val_00015404
Milwaukee Art Museum,https://en.wikipedia.org/wiki/Milwaukee_Art_Museum,In which year did this building officially open?,In which year did this building officially open?,Time,1957,0,0,0,infoseek,0,0,0,oven_04954957,infoseek_val_00015413
Blue shark,https://en.wikipedia.org/wiki/Blue_shark,"What is the conservation status of this fish? (The status is assigned by the international union for conservation of nature. Choose one among Endangered,Least Concern,Critically Endangered,extinct species,extinct in the wild,Vulnerable,Near Threatened,Data Deficient)","What is the conservation status of this fish? (The status is assigned by the international union for conservation of nature. Choose one among Endangered,Least Concern,Critically Endangered,extinct species,extinct in the wild,Vulnerable,Near Threatened,Data Deficient)",String,Near Threatened,0,0,0,infoseek,0,0,0,oven_04974702,infoseek_val_00015469
Red-vented bulbul,https://en.wikipedia.org/wiki/Red-vented_bulbul,What is the closest upper taxonomy of this bird?,What is the closest upper taxonomy of this bird?,String,Pycnonotus,0,0,0,infoseek,0,0,0,oven_04964353,infoseek_val_00015611
Fort Macon State Park,https://en.wikipedia.org/wiki/Fort_Macon_State_Park,What country does this park belong to?,What country does this park belong to?,String,United States of America,0,0,0,infoseek,0,0,0,oven_04958106,infoseek_val_00015647
Colonial Williamsburg,https://en.wikipedia.org/wiki/Colonial_Williamsburg,What is the parent organization of this building?,What is the parent organization of this building?,String,Colonial Williamsburg Foundation,0,0,0,infoseek,0,0,0,oven_04957316,infoseek_val_00015655
Apostolic Palace,https://en.wikipedia.org/wiki/Apostolic_Palace,What country does this building belong to?,What country does this building belong to?,String,Vatican City,0,0,0,infoseek,0,0,0,oven_04956004,infoseek_val_00015658
Aglais io,https://en.wikipedia.org/wiki/Aglais_io,What is the closest upper taxonomy of this insect?,What is the closest upper taxonomy of this insect?,String,Inachis,0,0,0,infoseek,0,0,0,oven_04968506,infoseek_val_00015670
Cylindropuntia echinocarpa,https://en.wikipedia.org/wiki/Cylindropuntia_echinocarpa,What is the basionym of this plant?,What is the basionym of this plant?,String,Opuntia echinocarpa,0,0,0,infoseek,0,0,0,oven_04961983,infoseek_val_00015739
White-tailed deer,https://en.wikipedia.org/wiki/White-tailed_deer,What is the closest parent taxonomy of this animal?,What is the closest parent taxonomy of this animal?,String,Odocoileus,0,0,0,infoseek,0,0,0,oven_04967563,infoseek_val_00015763
Chellah,https://en.wikipedia.org/wiki/Chellah,Which city or region does this facility locate in?,Which city or region does this facility locate in?,String,Rabat,0,0,0,infoseek,0,0,0,oven_04951268,infoseek_val_00015774
Zürichhorn,https://en.wikipedia.org/wiki/Z%C3%BCrichhorn,What country does this lake belong to?,What country does this lake belong to?,String,Switzerland,0,0,0,infoseek,0,0,0,oven_04954605,infoseek_val_00015775
Natural Tunnel State Park,https://en.wikipedia.org/wiki/Natural_Tunnel_State_Park,What country does this park belong to?,What country does this park belong to?,String,United States of America,0,0,0,infoseek,0,0,0,oven_04956675,infoseek_val_00015857
Reculver,https://en.wikipedia.org/wiki/Reculver,Which historic county does this village belong to?,Which historic county does this village belong to?,String,Kent,0,0,0,infoseek,0,0,0,oven_04953542,infoseek_val_00015884
Marble Arch,https://en.wikipedia.org/wiki/Marble_Arch,What is this place named after?,What is this place named after?,String,Carrara marble,0,0,0,infoseek,0,0,0,oven_04958270,infoseek_val_00015886
Plansee,https://en.wikipedia.org/wiki/Plansee,Which city or region does this lake locate in?,Which city or region does this lake locate in?,String,Reutte|Heiterwang,0,0,0,infoseek,0,0,0,oven_04955240,infoseek_val_00015902
Prato della Valle,https://en.wikipedia.org/wiki/Prato_della_Valle,Which city or region does this building locate in?,Which city or region does this building locate in?,String,Padua,0,0,0,infoseek,0,0,0,oven_04954914,infoseek_val_00015942
Leatherback sea turtle,https://en.wikipedia.org/wiki/Leatherback_sea_turtle,"What is the conservation status of this animal? (The status is assigned by the international union for conservation of nature. Choose one among Endangered,Least Concern,Critically Endangered,extinct species,extinct in the wild,Vulnerable,Near Threatened,Data Deficient)","What is the conservation status of this animal? (The status is assigned by the international union for conservation of nature. Choose one among Endangered,Least Concern,Critically Endangered,extinct species,extinct in the wild,Vulnerable,Near Threatened,Data Deficient)",String,Vulnerable,0,0,0,infoseek,0,0,0,oven_04971362,infoseek_val_00015989
Metrosideros polymorpha,https://en.wikipedia.org/wiki/Metrosideros_polymorpha,Which place is this plant endemic to?,Which place is this plant endemic to?,String,Hawaii,0,0,0,infoseek,0,0,0,oven_04964566,infoseek_val_00016006
Bryggen,https://en.wikipedia.org/wiki/Bryggen,Which city or region does this place locate in?,Which city or region does this place locate in?,String,Bergen municipality,0,0,0,infoseek,0,0,0,oven_04956051,infoseek_val_00016019
Snowdon,https://en.wikipedia.org/wiki/Snowdon,Which historic county does this mountain belong to?,Which historic county does this mountain belong to?,String,Caernarfonshire,0,0,0,infoseek,0,0,0,oven_04952023,infoseek_val_00016020
Ben Nevis,https://en.wikipedia.org/wiki/Ben_Nevis,What is the height of this mountain in terms of metre above sea level?,What is the height of this mountain in terms of metre above sea level?,Numerical,1344.527,0,0,0,infoseek,0,0,0,oven_04955202,infoseek_val_00016037
Eurasian curlew,https://en.wikipedia.org/wiki/Eurasian_curlew,What is the closest parent taxonomy of this bird?,What is the closest parent taxonomy of this bird?,String,Numenius,0,0,0,infoseek,0,0,0,oven_04970638,infoseek_val_00016097
Shortia,https://en.wikipedia.org/wiki/Shortia,What is this plant named after?,What is this plant named after?,String,Charles Wilkins Short,0,0,0,infoseek,0,0,0,oven_05006934,infoseek_val_00016118
Ampulloclitocybe clavipes,https://en.wikipedia.org/wiki/Ampulloclitocybe_clavipes,What is the closest parent taxonomy of this plant?,What is the closest parent taxonomy of this plant?,String,Clitocybe,0,0,0,infoseek,0,0,0,oven_05008880,infoseek_val_00016193
Kazan,https://en.wikipedia.org/wiki/Kazan,Which city or region does this city locate in?,Which city or region does this city locate in?,String,Republic of Tatarstan,0,0,0,infoseek,0,0,0,oven_04953288,infoseek_val_00016231
Dublin Castle,https://en.wikipedia.org/wiki/Dublin_Castle,Which historic county does this building belong to?,Which historic county does this building belong to?,String,County Dublin,0,0,0,infoseek,0,0,0,oven_04957860,infoseek_val_00016251
Balchik Palace,https://en.wikipedia.org/wiki/Balchik_Palace,Which city or region does this building locate in?,Which city or region does this building locate in?,String,Balchik,0,0,0,infoseek,0,0,0,oven_04953632,infoseek_val_00016344
Striped skunk,https://en.wikipedia.org/wiki/Striped_skunk,How many days does the gestation of this animal take?,How many days does the gestation of this animal take?,Numerical,59.0-77.0,0,0,0,infoseek,0,0,0,oven_04963250,infoseek_val_00016414
Boeing 707,https://en.wikipedia.org/wiki/Boeing_707,what was the date this aircraft enter into service?,what was the date this aircraft enter into service?,Time,1958 10 1,0,0,0,infoseek,0,0,0,oven_00001147,infoseek_val_00016595
Black-footed ferret,https://en.wikipedia.org/wiki/Black-footed_ferret,What is the closest parent taxonomy of this animal?,What is the closest parent taxonomy of this animal?,String,Mustela,0,0,0,infoseek,0,0,0,oven_04981625,infoseek_val_00016601
Washford railway station,https://en.wikipedia.org/wiki/Washford_railway_station,Which historic county does this building belong to?,Which historic county does this building belong to?,String,Somerset,0,0,0,infoseek,0,0,0,oven_04957883,infoseek_val_00016716
British Aerospace,https://en.wikipedia.org/wiki/British_Aerospace,What is the immediately prior item that this organization follows in a series?,What is the immediately prior item that this organization follows in a series?,String,Hawker Siddeley|Siemens Plessey|British Aircraft Corporation,0,0,0,infoseek,0,0,0,oven_00004356,infoseek_val_00016735
Groundhog,https://en.wikipedia.org/wiki/Groundhog,What is the highest observed lifespan of this animal?,What is the highest observed lifespan of this animal?,Numerical,14,0,0,0,infoseek,0,0,0,oven_04966318,infoseek_val_00016748
Parsley,https://en.wikipedia.org/wiki/Parsley,What is the basionym of this plant?,What is the basionym of this plant?,String,Apium crispum,0,0,0,infoseek,0,0,0,oven_05002290,infoseek_val_00016782
Reflecting telescope,https://en.wikipedia.org/wiki/Reflecting_telescope,Who is the creator of this object?,Who is the creator of this object?,String,Isaac Newton,0,0,0,infoseek,0,0,0,oven_04994953,infoseek_val_00016798
Merino,https://en.wikipedia.org/wiki/Merino,What country does this animal belong to?,What country does this animal belong to?,String,Portugal|Spain,0,0,0,infoseek,0,0,0,oven_04981481,infoseek_val_00016861
Diana Veteranorum,https://en.wikipedia.org/wiki/Diana_Veteranorum,What country does this city belong to?,What country does this city belong to?,String,Algeria,0,0,0,infoseek,0,0,0,oven_04951231,infoseek_val_00016928
Ficus aurea,https://en.wikipedia.org/wiki/Ficus_aurea,What is the closest upper taxonomy of this plant?,What is the closest upper taxonomy of this plant?,String,Ficus,0,0,0,infoseek,0,0,0,oven_05007247,infoseek_val_00016944
Fort Bourtange,https://en.wikipedia.org/wiki/Fort_Bourtange,What country does this building belong to?,What country does this building belong to?,String,Netherlands,0,0,0,infoseek,0,0,0,oven_04957185,infoseek_val_00016946
San Sebastian Parish Church (Lumban),https://en.wikipedia.org/wiki/San_Sebastian_Parish_Church_(Lumban),What is this building dedicated to?,What is this building dedicated to?,String,Saint Sebastian,0,0,0,infoseek,0,0,0,oven_04954929,infoseek_val_00016960
Australasian gannet,https://en.wikipedia.org/wiki/Australasian_gannet,how many centimetre is the wingspan of this bird?,how many centimetre is the wingspan of this bird?,Numerical,200,0,0,0,infoseek,0,0,0,oven_04969036,infoseek_val_00016990
Kačina,https://en.wikipedia.org/wiki/Ka%C4%8Dina,What country does this building belong to?,What country does this building belong to?,String,Czech Republic,0,0,0,infoseek,0,0,0,oven_04957347,infoseek_val_00016992
Emperor penguin,https://en.wikipedia.org/wiki/Emperor_penguin,What is the closest upper taxonomy of this animal?,What is the closest upper taxonomy of this animal?,String,Aptenodytes,0,0,0,infoseek,0,0,0,oven_04977806,infoseek_val_00017043
Aare Gorge,https://en.wikipedia.org/wiki/Aare_Gorge,What country does this place belong to?,What country does this place belong to?,String,Switzerland,0,0,0,infoseek,0,0,0,oven_04957374,infoseek_val_00017068
Commando Memorial,https://en.wikipedia.org/wiki/Commando_Memorial,What event does this building commemorate?,What event does this building commemorate?,String,British Commandos,0,0,0,infoseek,0,0,0,oven_04954031,infoseek_val_00017125
Sighișoara Clock Tower,https://en.wikipedia.org/wiki/Sighi%C8%99oara_Clock_Tower,What is the height of this building in metre?,What is the height of this building in metre?,Numerical,64,0,0,0,infoseek,0,0,0,oven_04955185,infoseek_val_00017133
Dodge Dakota,https://en.wikipedia.org/wiki/Dodge_Dakota,What is the brand of this vehicle?,What is the brand of this vehicle?,String,Dodge,0,0,0,infoseek,0,0,0,oven_04950583,infoseek_val_00017166
"Palace of Justice, Bucharest","https://en.wikipedia.org/wiki/Palace_of_Justice,_Bucharest",Which body of water is this building located in or next to?,Which body of water is this building located in or next to?,String,Dâmbovița River,0,0,0,infoseek,0,0,0,oven_04953337,infoseek_val_00017196
Jacob Riis Park,https://en.wikipedia.org/wiki/Jacob_Riis_Park,What is this park named after?,What is this park named after?,String,Jacob Riis,0,0,0,infoseek,0,0,0,oven_04951451,infoseek_val_00017208
National Flag Memorial (Argentina),https://en.wikipedia.org/wiki/National_Flag_Memorial_(Argentina),What is the height of the height to pinnacle of this building in metre?,What is the height of the height to pinnacle of this building in metre?,Numerical,70,0,0,0,infoseek,0,0,0,oven_04954394,infoseek_val_00017212
Conwy Castle,https://en.wikipedia.org/wiki/Conwy_Castle,Who designed this building?,Who designed this building?,String,James of Saint George,0,0,0,infoseek,0,0,0,oven_04953996,infoseek_val_00017311
Dacrycarpus dacrydioides,https://en.wikipedia.org/wiki/Dacrycarpus_dacrydioides,What is the closest upper taxonomy of this plant?,What is the closest upper taxonomy of this plant?,String,Dacrycarpus,0,0,0,infoseek,0,0,0,oven_04972371,infoseek_val_00017347
Mandarin duck,https://en.wikipedia.org/wiki/Mandarin_duck,What is the closest parent taxonomy of this bird?,What is the closest parent taxonomy of this bird?,String,Aix,0,0,0,infoseek,0,0,0,oven_04967350,infoseek_val_00017355
"Greek Catholic Cathedral, Uzhhorod","https://en.wikipedia.org/wiki/Greek_Catholic_Cathedral,_Uzhhorod",What country does this building belong to?,What country does this building belong to?,String,Ukraine,0,0,0,infoseek,0,0,0,oven_04958369,infoseek_val_00017440
"Selfridges Building, Birmingham","https://en.wikipedia.org/wiki/Selfridges_Building,_Birmingham",Which city or region does this building locate in?,Which city or region does this building locate in?,String,Birmingham,0,0,0,infoseek,0,0,0,oven_04957732,infoseek_val_00017446
Lake Sils,https://en.wikipedia.org/wiki/Lake_Sils,What country does this lake belong to?,What country does this lake belong to?,String,Switzerland,0,0,0,infoseek,0,0,0,oven_04953033,infoseek_val_00017465
Vakil Mosque,https://en.wikipedia.org/wiki/Vakil_Mosque,In which year did this facility officially open?,In which year did this facility officially open?,Time,1773,0,0,0,infoseek,0,0,0,oven_04951888,infoseek_val_00017500
Segway,https://en.wikipedia.org/wiki/Segway,Who is the discoverer or inventor of this vehicle?,Who is the discoverer or inventor of this vehicle?,String,Dean Kamen,0,0,0,infoseek,0,0,0,oven_04995713,infoseek_val_00017505
St. Peter's Basilica,https://en.wikipedia.org/wiki/St._Peter%27s_Basilica,What is this building named after?,What is this building named after?,String,Peter,0,0,0,infoseek,0,0,0,oven_04957799,infoseek_val_00017533
Inkerman Cave Monastery,https://en.wikipedia.org/wiki/Inkerman_Cave_Monastery,Which city or region does this building locate in?,Which city or region does this building locate in?,String,Inkerman,0,0,0,infoseek,0,0,0,oven_04955310,infoseek_val_00017535
Museum of Asian Art of Corfu,https://en.wikipedia.org/wiki/Museum_of_Asian_Art_of_Corfu,What is the location of this building?,What is the location of this building?,String,Palace of St. Michael and St. George,0,0,0,infoseek,0,0,0,oven_04951726,infoseek_val_00017543
Thun Castle,https://en.wikipedia.org/wiki/Thun_Castle,What country does this building belong to?,What country does this building belong to?,String,Switzerland,0,0,0,infoseek,0,0,0,oven_04958795,infoseek_val_00017554
Coit Tower,https://en.wikipedia.org/wiki/Coit_Tower,Who designed this building?,Who designed this building?,String,"Arthur Brown, Jr.",0,0,0,infoseek,0,0,0,oven_04956778,infoseek_val_00017623
Chojnik Castle,https://en.wikipedia.org/wiki/Chojnik_Castle,Which city or region does this building locate in?,Which city or region does this building locate in?,String,Jelenia Góra,0,0,0,infoseek,0,0,0,oven_04952313,infoseek_val_00017624
Faisal Mosque,https://en.wikipedia.org/wiki/Faisal_Mosque,What is this facility named after?,What is this facility named after?,String,King Faisal bin Abdulaziz Al Saud,0,0,0,infoseek,0,0,0,oven_04958556,infoseek_val_00017641
Grey parrot,https://en.wikipedia.org/wiki/Grey_parrot,What is the closest upper taxonomy of this animal?,What is the closest upper taxonomy of this animal?,String,Psittacus,0,0,0,infoseek,0,0,0,oven_04976688,infoseek_val_00017705
American purple gallinule,https://en.wikipedia.org/wiki/American_purple_gallinule,Which geographic area is this bird found?,Which geographic area is this bird found?,String,Brazil,0,0,0,infoseek,0,0,0,oven_04964189,infoseek_val_00017763
Pulsar,https://en.wikipedia.org/wiki/Pulsar,In which year was this place invented or discovered?,In which year was this place invented or discovered?,Time,1967,0,0,0,infoseek,0,0,0,oven_05004249,infoseek_val_00017823
Redhead (bird),https://en.wikipedia.org/wiki/Redhead_(bird),how many centimetre is the wingspan of this bird?,how many centimetre is the wingspan of this bird?,Numerical,74.0-85.0,0,0,0,infoseek,0,0,0,oven_04964515,infoseek_val_00017842
"Green Mosque, Bursa","https://en.wikipedia.org/wiki/Green_Mosque,_Bursa",Who is the architect of this facility?,Who is the architect of this facility?,String,Hacı İvaz Paşa,0,0,0,infoseek,0,0,0,oven_04953740,infoseek_val_00017893
Old Faithful,https://en.wikipedia.org/wiki/Old_Faithful,Which protected area is this park usually located in?,Which protected area is this park usually located in?,String,Yellowstone National Park,0,0,0,infoseek,0,0,0,oven_04952240,infoseek_val_00017907
White-breasted nuthatch,https://en.wikipedia.org/wiki/White-breasted_nuthatch,How heavy does this bird typically grow up to in terms of gram?,How heavy does this bird typically grow up to in terms of gram?,Numerical,21.1,0,0,0,infoseek,0,0,0,oven_04961500,infoseek_val_00017922
Steller sea lion,https://en.wikipedia.org/wiki/Steller_sea_lion,What is this animal named after?,What is this animal named after?,String,Georg Wilhelm Steller,0,0,0,infoseek,0,0,0,oven_04963088,infoseek_val_00017923
Eastern diamondback rattlesnake,https://en.wikipedia.org/wiki/Eastern_diamondback_rattlesnake,"What is the conservation status of this animal? (The status is assigned by the international union for conservation of nature. Choose one among Endangered,Least Concern,Critically Endangered,extinct species,extinct in the wild,Vulnerable,Near Threatened,Data Deficient)","What is the conservation status of this animal? (The status is assigned by the international union for conservation of nature. Choose one among Endangered,Least Concern,Critically Endangered,extinct species,extinct in the wild,Vulnerable,Near Threatened,Data Deficient)",String,Least Concern,0,0,0,infoseek,0,0,0,oven_04976255,infoseek_val_00017950
Nezu Shrine,https://en.wikipedia.org/wiki/Nezu_Shrine,which notable activity has been held at the building presented in the image?,which notable activity has been held at the building presented in the image?,String,Bunkyō Azalea Festival,0,0,0,infoseek,0,0,0,oven_04958162,infoseek_val_00017981
Sugarloaf Mountain,https://en.wikipedia.org/wiki/Sugarloaf_Mountain,What country does this place belong to?,What country does this place belong to?,String,Brazil,0,0,0,infoseek,0,0,0,oven_04956484,infoseek_val_00018003
Inveraray Castle,https://en.wikipedia.org/wiki/Inveraray_Castle,What is the location of this place?,What is the location of this place?,String,Inveraray,0,0,0,infoseek,0,0,0,oven_04958524,infoseek_val_00018013
Abel Tasman National Park,https://en.wikipedia.org/wiki/Abel_Tasman_National_Park,What country does this park belong to?,What country does this park belong to?,String,New Zealand,0,0,0,infoseek,0,0,0,oven_04958861,infoseek_val_00018123
Theatro da Paz,https://en.wikipedia.org/wiki/Theatro_da_Paz,What is the architectural style of this building?,What is the architectural style of this building?,String,Neoclassical architecture,0,0,0,infoseek,0,0,0,oven_04951767,infoseek_val_00018124
Altice Arena,https://en.wikipedia.org/wiki/Altice_Arena,What is the maximum capacity of this building?,What is the maximum capacity of this building?,Numerical,20000,0,0,0,infoseek,0,0,0,oven_04952447,infoseek_val_00018129
Bay-breasted warbler,https://en.wikipedia.org/wiki/Bay-breasted_warbler,What is the closest parent taxonomy of this bird?,What is the closest parent taxonomy of this bird?,String,Setophaga,0,0,0,infoseek,0,0,0,oven_04963937,infoseek_val_00018130
Alpaca,https://en.wikipedia.org/wiki/Alpaca,How many days does the gestation of this animal take?,How many days does the gestation of this animal take?,Numerical,242.0-344.0,0,0,0,infoseek,0,0,0,oven_04981584,infoseek_val_00018153
Sundarbans,https://en.wikipedia.org/wiki/Sundarbans,Which city or region does this place locate in?,Which city or region does this place locate in?,String,South 24 Parganas district|Satkhira District|North 24 Parganas district,0,0,0,infoseek,0,0,0,oven_04956157,infoseek_val_00018155
Theater Freiburg,https://en.wikipedia.org/wiki/Theater_Freiburg,which notable activity has been held at the building presented in the image?,which notable activity has been held at the building presented in the image?,String,reconstruction|conflagration,0,0,0,infoseek,0,0,0,oven_04952865,infoseek_val_00018182
Western toad,https://en.wikipedia.org/wiki/Western_toad,What is the closest upper taxonomy of this animal?,What is the closest upper taxonomy of this animal?,String,Anaxyrus,0,0,0,infoseek,0,0,0,oven_04973820,infoseek_val_00018198
Entoloma hochstetteri,https://en.wikipedia.org/wiki/Entoloma_hochstetteri,What is the basionym of this plant?,What is the basionym of this plant?,String,Cortinarius hochstetteri,0,0,0,infoseek,0,0,0,oven_04971758,infoseek_val_00018245
Sundarbans,https://en.wikipedia.org/wiki/Sundarbans,What is the area in square kilometre occupied by this place?,What is the area in square kilometre occupied by this place?,Numerical,10277,0,0,0,infoseek,0,0,0,oven_04956150,infoseek_val_00018348
Miniature Schnauzer,https://en.wikipedia.org/wiki/Miniature_Schnauzer,What is the country of origin of this animal?,What is the country of origin of this animal?,String,Germany,0,0,0,infoseek,0,0,0,oven_04978753,infoseek_val_00018391
Aurochs,https://en.wikipedia.org/wiki/Aurochs,In which year did this animal go extinct?,In which year did this animal go extinct?,Time,1627,0,0,0,infoseek,0,0,0,oven_04981355,infoseek_val_00018408
Collared peccary,https://en.wikipedia.org/wiki/Collared_peccary,What is the closest parent taxonomy of this animal?,What is the closest parent taxonomy of this animal?,String,Pecari,0,0,0,infoseek,0,0,0,oven_04969594,infoseek_val_00018419
Boa constrictor,https://en.wikipedia.org/wiki/Boa_constrictor,What is the closest parent taxonomy of this animal?,What is the closest parent taxonomy of this animal?,String,Boa,0,0,0,infoseek,0,0,0,oven_04964440,infoseek_val_00018422
Temple of Hercules Victor,https://en.wikipedia.org/wiki/Temple_of_Hercules_Victor,Which city or region does this building locate in?,Which city or region does this building locate in?,String,Rome,0,0,0,infoseek,0,0,0,oven_04956257,infoseek_val_00018478
Shoebill,https://en.wikipedia.org/wiki/Shoebill,How many offspring can this bird produce at the same time?,How many offspring can this bird produce at the same time?,Numerical,1.7,0,0,0,infoseek,0,0,0,oven_04977617,infoseek_val_00018491
Cascade Range,https://en.wikipedia.org/wiki/Cascade_Range,where is the highest point of this mountain?,where is the highest point of this mountain?,String,Mount Rainier,0,0,0,infoseek,0,0,0,oven_04952200,infoseek_val_00018546
Hickory,https://en.wikipedia.org/wiki/Hickory,What is this plant named after?,What is this plant named after?,String,Carya,0,0,0,infoseek,0,0,0,oven_05007113,infoseek_val_00018569
Caja Mágica,https://en.wikipedia.org/wiki/Caja_M%C3%A1gica,What country does this building belong to?,What country does this building belong to?,String,Spain,0,0,0,infoseek,0,0,0,oven_04957610,infoseek_val_00018578
Azadi Tower,https://en.wikipedia.org/wiki/Azadi_Tower,What country does this building belong to?,What country does this building belong to?,String,Iran,0,0,0,infoseek,0,0,0,oven_04956219,infoseek_val_00018588
Amanita citrina,https://en.wikipedia.org/wiki/Amanita_citrina,What is the spore print color of this plant?,What is the spore print color of this plant?,String,white,0,0,0,infoseek,0,0,0,oven_05008789,infoseek_val_00018622
Eurasian collared dove,https://en.wikipedia.org/wiki/Eurasian_collared_dove,What is the closest upper taxonomy of this bird?,What is the closest upper taxonomy of this bird?,String,Streptopelia,0,0,0,infoseek,0,0,0,oven_05035992,infoseek_val_00018660
Cocculus carolinus,https://en.wikipedia.org/wiki/Cocculus_carolinus,What is the closest upper taxonomy of this plant?,What is the closest upper taxonomy of this plant?,String,Cocculus,0,0,0,infoseek,0,0,0,oven_05039601,infoseek_val_00018706
Puente de la Mujer,https://en.wikipedia.org/wiki/Puente_de_la_Mujer,On what date did this bridge officially open?,On what date did this bridge officially open?,Time,2001 12 20,0,0,0,infoseek,0,0,0,oven_05026910,infoseek_val_00018734
Six-spotted fishing spider,https://en.wikipedia.org/wiki/Six-spotted_fishing_spider,What is the closest parent taxonomy of this insect?,What is the closest parent taxonomy of this insect?,String,Dolomedes,0,0,0,infoseek,0,0,0,oven_05035032,infoseek_val_00018757
Australian wood duck,https://en.wikipedia.org/wiki/Australian_wood_duck,Where is this bird native to?,Where is this bird native to?,String,Australia,0,0,0,infoseek,0,0,0,oven_05038857,infoseek_val_00018760
Golden pheasant,https://en.wikipedia.org/wiki/Golden_pheasant,What is the closest upper taxonomy of this bird?,What is the closest upper taxonomy of this bird?,String,Chrysolophus,0,0,0,infoseek,0,0,0,oven_05048183,infoseek_val_00018778
"Mary, Queen of the World Cathedral","https://en.wikipedia.org/wiki/Mary,_Queen_of_the_World_Cathedral",What is this building named after?,What is this building named after?,String,Virgin Mary,0,0,0,infoseek,0,0,0,oven_05011460,infoseek_val_00018813
Curtea de Argeș Cathedral,https://en.wikipedia.org/wiki/Curtea_de_Arge%C8%99_Cathedral,Who found this building?,Who found this building?,String,Neagoe Basarab,0,0,0,infoseek,0,0,0,oven_05026448,infoseek_val_00018828
"Statue of Johannes Gutenberg, Strasbourg","https://en.wikipedia.org/wiki/Statue_of_Johannes_Gutenberg,_Strasbourg",What country does this building belong to?,What country does this building belong to?,String,France,0,0,0,infoseek,0,0,0,oven_05024841,infoseek_val_00018878
Gordale Scar,https://en.wikipedia.org/wiki/Gordale_Scar,Which city or region does this place locate in?,Which city or region does this place locate in?,String,Malham,0,0,0,infoseek,0,0,0,oven_05026632,infoseek_val_00019043
Painted redstart,https://en.wikipedia.org/wiki/Painted_whitestart,What is the closest upper taxonomy of this bird?,What is the closest upper taxonomy of this bird?,String,Whitestart,0,0,0,infoseek,0,0,0,oven_05044412,infoseek_val_00019055
Eastern towhee,https://en.wikipedia.org/wiki/Eastern_towhee,What is the closest parent taxonomy of this bird?,What is the closest parent taxonomy of this bird?,String,Pipilo,0,0,0,infoseek,0,0,0,oven_05031871,infoseek_val_00019075
Fort-la-Latte,https://en.wikipedia.org/wiki/Fort-la-Latte,What country does this building belong to?,What country does this building belong to?,String,France,0,0,0,infoseek,0,0,0,oven_05025816,infoseek_val_00019077
Lotus Temple,https://en.wikipedia.org/wiki/Lotus_Temple,Who are the structure engineers of this place?,Who are the structure engineers of this place?,String,Flint & Neill,0,0,0,infoseek,0,0,0,oven_05011114,infoseek_val_00019205
African pied wagtail,https://en.wikipedia.org/wiki/African_pied_wagtail,What is the closest upper taxonomy of this bird?,What is the closest upper taxonomy of this bird?,String,Motacilla,0,0,0,infoseek,0,0,0,oven_05030083,infoseek_val_00019234
Ipomoea nil,https://en.wikipedia.org/wiki/Ipomoea_nil,What is the closest parent taxonomy of this plant?,What is the closest parent taxonomy of this plant?,String,Ipomoea,0,0,0,infoseek,0,0,0,oven_05069158,infoseek_val_00019275
Euphorbia corollata,https://en.wikipedia.org/wiki/Euphorbia_corollata,What is the closest upper taxonomy of this plant?,What is the closest upper taxonomy of this plant?,String,Euphorbia,0,0,0,infoseek,0,0,0,oven_05034644,infoseek_val_00019358
Barbarea vulgaris,https://en.wikipedia.org/wiki/Barbarea_vulgaris,What is the closest upper taxonomy of this plant?,What is the closest upper taxonomy of this plant?,String,Barbarea,0,0,0,infoseek,0,0,0,oven_05040892,infoseek_val_00019364
Lion Rock,https://en.wikipedia.org/wiki/Lion_Rock,What country does this place belong to?,What country does this place belong to?,String,Hong Kong,0,0,0,infoseek,0,0,0,oven_05022395,infoseek_val_00019379
"Shenandoah River Raymond R. ""Andy"" Guest Jr. State Park",https://en.wikipedia.org/wiki/Shenandoah_River_Raymond_R._%22Andy%22_Guest_Jr._State_Park,Which city or region does this park locate in?,Which city or region does this park locate in?,String,Virginia,0,0,0,infoseek,0,0,0,oven_05018148,infoseek_val_00019423
Windermere,https://en.wikipedia.org/wiki/Windermere,which mountain range is this lake belong to?,which mountain range is this lake belong to?,String,Lake District,0,0,0,infoseek,0,0,0,oven_05020186,infoseek_val_00019479
Paris quadrifolia,https://en.wikipedia.org/wiki/Paris_quadrifolia,What is the closest parent taxonomy of this plant?,What is the closest parent taxonomy of this plant?,String,Paris,0,0,0,infoseek,0,0,0,oven_05029886,infoseek_val_00019511
Tupolev Tu-154,https://en.wikipedia.org/wiki/Tupolev_Tu-154,what was the date this aircraft enter into service?,what was the date this aircraft enter into service?,Time,1972 2 9,0,0,0,infoseek,0,0,0,oven_05009778,infoseek_val_00019574
Viviparous lizard,https://en.wikipedia.org/wiki/Viviparous_lizard,What is the length in millimetre is the animal in the image?,What is the length in millimetre is the animal in the image?,Numerical,62,0,0,0,infoseek,0,0,0,oven_05033550,infoseek_val_00019611
Grand Kremlin Palace,https://en.wikipedia.org/wiki/Grand_Kremlin_Palace,Which city or region does this building locate in?,Which city or region does this building locate in?,String,Moscow,0,0,0,infoseek,0,0,0,oven_05026923,infoseek_val_00019669
Titisee,https://en.wikipedia.org/wiki/Titisee,What is the basin country to the lake?,What is the basin country to the lake?,String,Germany,0,0,0,infoseek,0,0,0,oven_05021336,infoseek_val_00019691
Casa de les Punxes,https://en.wikipedia.org/wiki/Casa_de_les_Punxes,What is the architectural style of this building?,What is the architectural style of this building?,String,Catalan modernism,0,0,0,infoseek,0,0,0,oven_05019037,infoseek_val_00019694
Black-footed albatross,https://en.wikipedia.org/wiki/Black-footed_albatross,"What is the conservation status of this bird? (The status is assigned by the international union for conservation of nature. Choose one among Endangered,Least Concern,Critically Endangered,extinct species,extinct in the wild,Vulnerable,Near Threatened,Data Deficient)","What is the conservation status of this bird? (The status is assigned by the international union for conservation of nature. Choose one among Endangered,Least Concern,Critically Endangered,extinct species,extinct in the wild,Vulnerable,Near Threatened,Data Deficient)",String,Near Threatened,0,0,0,infoseek,0,0,0,oven_05043694,infoseek_val_00019698
Argemone ochroleuca,https://en.wikipedia.org/wiki/Argemone_ochroleuca,What is the closest upper taxonomy of this plant?,What is the closest upper taxonomy of this plant?,String,Argemone,0,0,0,infoseek,0,0,0,oven_05032795,infoseek_val_00019713
Flea beetle,https://en.wikipedia.org/wiki/Flea_beetle,What is the closest upper taxonomy of this animal?,What is the closest upper taxonomy of this animal?,String,Galerucinae,0,0,0,infoseek,0,0,0,oven_05049761,infoseek_val_00019730
Plitvice Lakes National Park,https://en.wikipedia.org/wiki/Plitvice_Lakes_National_Park,What country does this park belong to?,What country does this park belong to?,String,Croatia,0,0,0,infoseek,0,0,0,oven_05026998,infoseek_val_00019778
Dornier 328,https://en.wikipedia.org/wiki/Dornier_328,what is the date this aircraft took the first flight?,what is the date this aircraft took the first flight?,Time,1991 12 6,0,0,0,infoseek,0,0,0,oven_05009938,infoseek_val_00019783
Dresden Elbe Valley,https://en.wikipedia.org/wiki/Dresden_Elbe_Valley,Which body of water is this place located in or next to?,Which body of water is this place located in or next to?,String,Elbe,0,0,0,infoseek,0,0,0,oven_05024637,infoseek_val_00019793
Solar cell,https://en.wikipedia.org/wiki/Solar_cell,In which year was this item invented or discovered?,In which year was this item invented or discovered?,Time,1839,0,0,0,infoseek,0,0,0,oven_05060387,infoseek_val_00019897
Château de Hautefort,https://en.wikipedia.org/wiki/Ch%C3%A2teau_de_Hautefort,Which city or region does this building locate in?,Which city or region does this building locate in?,String,Hautefort,0,0,0,infoseek,0,0,0,oven_05015849,infoseek_val_00019974
"Palace of Justice, Nuremberg","https://en.wikipedia.org/wiki/Palace_of_Justice,_Nuremberg",Which significant event was held in this building?,Which significant event was held in this building?,String,Nuremberg trials,0,0,0,infoseek,0,0,0,oven_05018990,infoseek_val_00020008
Great spreadwing,https://en.wikipedia.org/wiki/Great_spreadwing,What is the closest parent taxonomy of this insect?,What is the closest parent taxonomy of this insect?,String,Archilestes,0,0,0,infoseek,0,0,0,oven_05035102,infoseek_val_00020027
Dharmaraja Ratha,https://en.wikipedia.org/wiki/Dharmaraja_Ratha,What country does this building belong to?,What country does this building belong to?,String,India,0,0,0,infoseek,0,0,0,oven_05025086,infoseek_val_00020081
Organization of American States,https://en.wikipedia.org/wiki/Organization_of_American_States,What country does this building belong to?,What country does this building belong to?,String,United States of America,0,0,0,infoseek,0,0,0,oven_05014619,infoseek_val_00020085
Common green bottle fly,https://en.wikipedia.org/wiki/Common_green_bottle_fly,What is the closest parent taxonomy of this insect?,What is the closest parent taxonomy of this insect?,String,Lucilia,0,0,0,infoseek,0,0,0,oven_05034481,infoseek_val_00020117
Platanthera ciliaris,https://en.wikipedia.org/wiki/Platanthera_ciliaris,What is the closest upper taxonomy of this plant?,What is the closest upper taxonomy of this plant?,String,Platanthera,0,0,0,infoseek,0,0,0,oven_05034899,infoseek_val_00020170
White-winged dove,https://en.wikipedia.org/wiki/White-winged_dove,What is the closest parent taxonomy of this bird?,What is the closest parent taxonomy of this bird?,String,Zenaida,0,0,0,infoseek,0,0,0,oven_05041224,infoseek_val_00020213
Lyssa zampa,https://en.wikipedia.org/wiki/Lyssa_zampa,What is the closest upper taxonomy of this insect?,What is the closest upper taxonomy of this insect?,String,Lyssa,0,0,0,infoseek,0,0,0,oven_05030589,infoseek_val_00020255
Rufous hummingbird,https://en.wikipedia.org/wiki/Rufous_hummingbird,"What is the conservation status of this bird? (The status is assigned by the international union for conservation of nature. Choose one among Endangered,Least Concern,Critically Endangered,extinct species,extinct in the wild,Vulnerable,Near Threatened,Data Deficient)","What is the conservation status of this bird? (The status is assigned by the international union for conservation of nature. Choose one among Endangered,Least Concern,Critically Endangered,extinct species,extinct in the wild,Vulnerable,Near Threatened,Data Deficient)",String,Near Threatened,0,0,0,infoseek,0,0,0,oven_05046009,infoseek_val_00020312
"Prem Mandir, Vrindavan","https://en.wikipedia.org/wiki/Prem_Mandir,_Vrindavan",Which city or region does this building locate in?,Which city or region does this building locate in?,String,Vrindavan,0,0,0,infoseek,0,0,0,oven_05022253,infoseek_val_00020319
Phormium colensoi,https://en.wikipedia.org/wiki/Phormium_colensoi,What is the closest parent taxonomy of this plant?,What is the closest parent taxonomy of this plant?,String,Phormium,0,0,0,infoseek,0,0,0,oven_05030833,infoseek_val_00020329
Zantedeschia aethiopica,https://en.wikipedia.org/wiki/Zantedeschia_aethiopica,What is the closest parent taxonomy of this plant?,What is the closest parent taxonomy of this plant?,String,Zantedeschia,0,0,0,infoseek,0,0,0,oven_05037718,infoseek_val_00020479
Cape Town City Hall,https://en.wikipedia.org/wiki/Cape_Town_City_Hall,What is the architectural style of this building?,What is the architectural style of this building?,String,Edwardian architecture,0,0,0,infoseek,0,0,0,oven_05025315,infoseek_val_00020511
Centaurea calcitrapa,https://en.wikipedia.org/wiki/Centaurea_calcitrapa,What is the closest upper taxonomy of this plant?,What is the closest upper taxonomy of this plant?,String,Centaurea,0,0,0,infoseek,0,0,0,oven_05035335,infoseek_val_00020528
Lisbon Baixa,https://en.wikipedia.org/wiki/Lisbon_Baixa,What country does this place belong to?,What country does this place belong to?,String,Portugal,0,0,0,infoseek,0,0,0,oven_05025683,infoseek_val_00020543
Equisetum fluviatile,https://en.wikipedia.org/wiki/Equisetum_fluviatile,What is the closest upper taxonomy of this plant?,What is the closest upper taxonomy of this plant?,String,Equisetum,0,0,0,infoseek,0,0,0,oven_05070266,infoseek_val_00020567
"Groot Begijnhof, Leuven","https://en.wikipedia.org/wiki/Groot_Begijnhof,_Leuven",Which city or region does this place locate in?,Which city or region does this place locate in?,String,Leuven,0,0,0,infoseek,0,0,0,oven_05014676,infoseek_val_00020592
Oriental magpie-robin,https://en.wikipedia.org/wiki/Oriental_magpie-robin,What is the closest upper taxonomy of this bird?,What is the closest upper taxonomy of this bird?,String,magpie-robin,0,0,0,infoseek,0,0,0,oven_05038394,infoseek_val_00020704
Dornier 328,https://en.wikipedia.org/wiki/Dornier_328,Who is the manufacturer of this aircraft?,Who is the manufacturer of this aircraft?,String,Dornier,0,0,0,infoseek,0,0,0,oven_05009902,infoseek_val_00020708
Lycopodium clavatum,https://en.wikipedia.org/wiki/Lycopodium_clavatum,What is the closest parent taxonomy of this plant?,What is the closest parent taxonomy of this plant?,String,Lycopodium,0,0,0,infoseek,0,0,0,oven_05029837,infoseek_val_00020743
Canada's Walk of Fame,https://en.wikipedia.org/wiki/Canada%27s_Walk_of_Fame,Which city or region does this street locate in?,Which city or region does this street locate in?,String,Ontario|Toronto,0,0,0,infoseek,0,0,0,oven_05023647,infoseek_val_00020850
Chestnut-backed chickadee,https://en.wikipedia.org/wiki/Chestnut-backed_chickadee,What is the closest parent taxonomy of this bird?,What is the closest parent taxonomy of this bird?,String,Poecile,0,0,0,infoseek,0,0,0,oven_05044004,infoseek_val_00020861
Mint julep,https://en.wikipedia.org/wiki/Mint_julep,What is the country of origin of this food?,What is the country of origin of this food?,String,United States of America,0,0,0,infoseek,0,0,0,oven_05064748,infoseek_val_00020977
Pont au Change,https://en.wikipedia.org/wiki/Pont_au_Change,What is this bridge named after?,What is this bridge named after?,String,money changer,0,0,0,infoseek,0,0,0,oven_05014983,infoseek_val_00020980
Venetian Towers,https://en.wikipedia.org/wiki/Venetian_Towers,What is the location of this building?,What is the location of this building?,String,Avinguda de la Reina Maria Cristina,0,0,0,infoseek,0,0,0,oven_05013965,infoseek_val_00021001
30 St Mary Axe,https://en.wikipedia.org/wiki/30_St_Mary_Axe,How many levels does this building have?,How many levels does this building have?,Numerical,41,0,0,0,infoseek,0,0,0,oven_05022006,infoseek_val_00021014
Western conifer seed bug,https://en.wikipedia.org/wiki/Western_conifer_seed_bug,Which location has this insect invaded?,Which location has this insect invaded?,String,Ukraine,0,0,0,infoseek,0,0,0,oven_05037139,infoseek_val_00021045
Mopalia muscosa,https://en.wikipedia.org/wiki/Mopalia_muscosa,What is the closest parent taxonomy of this animal?,What is the closest parent taxonomy of this animal?,String,Mopalia,0,0,0,infoseek,0,0,0,oven_05043446,infoseek_val_00021241
Castle of Sümeg,https://en.wikipedia.org/wiki/Castle_of_S%C3%BCmeg,What country does this building belong to?,What country does this building belong to?,String,Hungary,0,0,0,infoseek,0,0,0,oven_05012430,infoseek_val_00021269
Col de la Givrine,https://en.wikipedia.org/wiki/Col_de_la_Givrine,Which city or region does this mountain locate in?,Which city or region does this mountain locate in?,String,Canton of Vaud,0,0,0,infoseek,0,0,0,oven_05019557,infoseek_val_00021308
Franz Joseph Bridge,https://en.wikipedia.org/wiki/Franz_Joseph_Bridge,Who designed this bridge?,Who designed this bridge?,String,Rowland Mason Ordish,0,0,0,infoseek,0,0,0,oven_05021915,infoseek_val_00021346
Ukulele,https://en.wikipedia.org/wiki/Ukulele,Who is the discoverer or inventor of this object?,Who is the discoverer or inventor of this object?,String,Manuel Nunes,0,0,0,infoseek,0,0,0,oven_04948501,infoseek_val_00021366
Great Plains skink,https://en.wikipedia.org/wiki/Great_Plains_skink,What is the closest parent taxonomy of this animal?,What is the closest parent taxonomy of this animal?,String,Plestiodon,0,0,0,infoseek,0,0,0,oven_05038906,infoseek_val_00021386
Mitsubishi Lancer,https://en.wikipedia.org/wiki/Mitsubishi_Lancer,Which company manufactures this vehicle?,Which company manufactures this vehicle?,String,Mitsubishi Motors|Mitsubishi Group,0,0,0,infoseek,0,0,0,oven_05010029,infoseek_val_00021422
Gannet,https://en.wikipedia.org/wiki/Gannet,What is the closest upper taxonomy of this bird?,What is the closest upper taxonomy of this bird?,String,Sulidae,0,0,0,infoseek,0,0,0,oven_05049101,infoseek_val_00021429
Schnitzel,https://en.wikipedia.org/wiki/Schnitzel,What is the country of origin of this food?,What is the country of origin of this food?,String,Austria,0,0,0,infoseek,0,0,0,oven_04949556,infoseek_val_00021457
Allotropa,https://en.wikipedia.org/wiki/Allotropa,What is the closest upper taxonomy of this plant?,What is the closest upper taxonomy of this plant?,String,Ericaceae,0,0,0,infoseek,0,0,0,oven_05033936,infoseek_val_00021489
Erynnis funeralis,https://en.wikipedia.org/wiki/Erynnis_funeralis,What is the length of the wingspan in millimetre of this insect?,What is the length of the wingspan in millimetre of this insect?,Numerical,33.0-45.0,0,0,0,infoseek,0,0,0,oven_05038218,infoseek_val_00021617
Elephant,https://en.wikipedia.org/wiki/Elephant,"for the animal in the image, what do they commonly eat?","for the animal in the image, what do they commonly eat?",String,plant,0,0,0,infoseek,0,0,0,oven_04945771,infoseek_val_00021621
Walrus,https://en.wikipedia.org/wiki/Walrus,What is the closest parent taxonomy of this animal?,What is the closest parent taxonomy of this animal?,String,Odobenus,0,0,0,infoseek,0,0,0,oven_05049497,infoseek_val_00021709
Twin Pagoda Temple,https://en.wikipedia.org/wiki/Twin_Pagoda_Temple,Which city or region does this building locate in?,Which city or region does this building locate in?,String,Taiyuan,0,0,0,infoseek,0,0,0,oven_05018650,infoseek_val_00021712
Apicomplexa,https://en.wikipedia.org/wiki/Apicomplexa,What is the closest upper taxonomy of this object?,What is the closest upper taxonomy of this object?,String,Alveolate,0,0,0,infoseek,0,0,0,oven_05046873,infoseek_val_00021716
Dill,https://en.wikipedia.org/wiki/Dill,What is the closest parent taxonomy of this plant?,What is the closest parent taxonomy of this plant?,String,Anethum,0,0,0,infoseek,0,0,0,oven_04950116,infoseek_val_00021769
Viñales Valley,https://en.wikipedia.org/wiki/Vi%C3%B1ales_Valley,What country does this place belong to?,What country does this place belong to?,String,Cuba,0,0,0,infoseek,0,0,0,oven_05014198,infoseek_val_00021771
Persicaria lapathifolia,https://en.wikipedia.org/wiki/Persicaria_lapathifolia,What is the basionym of this plant?,What is the basionym of this plant?,String,Polygonum lapathifolium,0,0,0,infoseek,0,0,0,oven_05030853,infoseek_val_00021808
Eijsden Castle,https://en.wikipedia.org/wiki/Eijsden_Castle,Which city or region does this building locate in?,Which city or region does this building locate in?,String,Eijsden-Margraten,0,0,0,infoseek,0,0,0,oven_05021176,infoseek_val_00021854
Bayombong Cathedral,https://en.wikipedia.org/wiki/Bayombong_Cathedral,Which city or region does this building locate in?,Which city or region does this building locate in?,String,Nueva Vizcaya,0,0,0,infoseek,0,0,0,oven_05012594,infoseek_val_00021894
Scissor-tailed flycatcher,https://en.wikipedia.org/wiki/Scissor-tailed_flycatcher,How heavy does this bird typically grow up to in terms of gram?,How heavy does this bird typically grow up to in terms of gram?,Numerical,39,0,0,0,infoseek,0,0,0,oven_05040041,infoseek_val_00021909
Buses in Malta,https://en.wikipedia.org/wiki/Buses_in_Malta,What country does this place belong to?,What country does this place belong to?,String,Malta,0,0,0,infoseek,0,0,0,oven_05021255,infoseek_val_00021942
Brabo Fountain,https://en.wikipedia.org/wiki/Brabo_Fountain,Which city or region does this building locate in?,Which city or region does this building locate in?,String,Antwerp,0,0,0,infoseek,0,0,0,oven_05018202,infoseek_val_00021960
Croton setiger,https://en.wikipedia.org/wiki/Croton_setiger,What is the closest upper taxonomy of this plant?,What is the closest upper taxonomy of this plant?,String,Croton,0,0,0,infoseek,0,0,0,oven_05032598,infoseek_val_00021988
Cadillac CTS,https://en.wikipedia.org/wiki/Cadillac_CTS,What is the brand of this vehicle?,What is the brand of this vehicle?,String,Cadillac,0,0,0,infoseek,0,0,0,oven_05010264,infoseek_val_00022005
Holbrookia propinqua,https://en.wikipedia.org/wiki/Holbrookia_propinqua,What is the closest parent taxonomy of this animal?,What is the closest parent taxonomy of this animal?,String,Holbrookia,0,0,0,infoseek,0,0,0,oven_05039118,infoseek_val_00022010
Galinsoga quadriradiata,https://en.wikipedia.org/wiki/Galinsoga_quadriradiata,What is the closest upper taxonomy of this plant?,What is the closest upper taxonomy of this plant?,String,Galinsoga,0,0,0,infoseek,0,0,0,oven_05045582,infoseek_val_00022052
Ovenbird,https://en.wikipedia.org/wiki/Ovenbird,What is the closest upper taxonomy of this bird?,What is the closest upper taxonomy of this bird?,String,Seiurus,0,0,0,infoseek,0,0,0,oven_05043851,infoseek_val_00022102
Electric motor,https://en.wikipedia.org/wiki/Electric_motor,In which year was this item invented or discovered?,In which year was this item invented or discovered?,Time,1834,0,0,0,infoseek,0,0,0,oven_05054941,infoseek_val_00022113
Pulsatilla alpina,https://en.wikipedia.org/wiki/Pulsatilla_alpina,What is the closest upper taxonomy of this plant?,What is the closest upper taxonomy of this plant?,String,Pulsatilla,0,0,0,infoseek,0,0,0,oven_05065828,infoseek_val_00022114
Boeing 767,https://en.wikipedia.org/wiki/Boeing_767,what is the date this aircraft took the first flight?,what is the date this aircraft took the first flight?,Time,1981 9 26,0,0,0,infoseek,0,0,0,oven_00001131,infoseek_val_00022185
Lilium parvum,https://en.wikipedia.org/wiki/Lilium_parvum,What is the closest upper taxonomy of this plant?,What is the closest upper taxonomy of this plant?,String,Lilium,0,0,0,infoseek,0,0,0,oven_05045559,infoseek_val_00022219
Harpaphe haydeniana,https://en.wikipedia.org/wiki/Harpaphe_haydeniana,What is the closest parent taxonomy of this animal?,What is the closest parent taxonomy of this animal?,String,Harpaphe,0,0,0,infoseek,0,0,0,oven_05045484,infoseek_val_00022435
Cabo da Roca Lighthouse,https://en.wikipedia.org/wiki/Cabo_da_Roca_Lighthouse,Which (geo)physical feature is the building located in or on?,Which (geo)physical feature is the building located in or on?,String,Cabo da Roca,0,0,0,infoseek,0,0,0,oven_05019944,infoseek_val_00022458
Catfish,https://en.wikipedia.org/wiki/Catfish,What is the closest upper taxonomy of this animal?,What is the closest upper taxonomy of this animal?,String,Ostariophysi,0,0,0,infoseek,0,0,0,oven_05050890,infoseek_val_00022492
Sea lamprey,https://en.wikipedia.org/wiki/Sea_lamprey,What is the closest parent taxonomy of this animal?,What is the closest parent taxonomy of this animal?,String,Petromyzon,0,0,0,infoseek,0,0,0,oven_05047093,infoseek_val_00022505
Holy Spirit Cathedral (Minsk),https://en.wikipedia.org/wiki/Holy_Spirit_Cathedral_(Minsk),In which year was this building started production?,In which year was this building started production?,Time,1642,0,0,0,infoseek,0,0,0,oven_05014641,infoseek_val_00022509
Museum of the Mausoleum of the Nanyue King,https://en.wikipedia.org/wiki/Museum_of_the_Mausoleum_of_the_Nanyue_King,Which city or region does this place locate in?,Which city or region does this place locate in?,String,Guangzhou,0,0,0,infoseek,0,0,0,oven_05020758,infoseek_val_00022511
La Dôle,https://en.wikipedia.org/wiki/La_D%C3%B4le,What is the sea level in metre of this mountain?,What is the sea level in metre of this mountain?,Numerical,1677,0,0,0,infoseek,0,0,0,oven_05013364,infoseek_val_00022538
Asclepias viridiflora,https://en.wikipedia.org/wiki/Asclepias_viridiflora,What is the closest parent taxonomy of this plant?,What is the closest parent taxonomy of this plant?,String,Asclepias,0,0,0,infoseek,0,0,0,oven_05031899,infoseek_val_00022604
Kraków Barbican,https://en.wikipedia.org/wiki/Krak%C3%B3w_Barbican,What country does this building belong to?,What country does this building belong to?,String,Poland,0,0,0,infoseek,0,0,0,oven_05022471,infoseek_val_00022616
Castra of Buciumi,https://en.wikipedia.org/wiki/Castra_of_Buciumi,What country does this building belong to?,What country does this building belong to?,String,Romania,0,0,0,infoseek,0,0,0,oven_05022548,infoseek_val_00022620
Fokker 100,https://en.wikipedia.org/wiki/Fokker_100,what is the date this aircraft took the first flight?,what is the date this aircraft took the first flight?,Time,1986 11 30,0,0,0,infoseek,0,0,0,oven_05009886,infoseek_val_00022648
Kalmia,https://en.wikipedia.org/wiki/Kalmia,What is this plant named after?,What is this plant named after?,String,Pehr Kalm,0,0,0,infoseek,0,0,0,oven_05067617,infoseek_val_00022673
Yellow-crowned night heron,https://en.wikipedia.org/wiki/Yellow-crowned_night_heron,What is the length of the wingspan in centimetre of this bird?,What is the length of the wingspan in centimetre of this bird?,Numerical,101.0-112.0,0,0,0,infoseek,0,0,0,oven_05042633,infoseek_val_00022733
Grey-cheeked thrush,https://en.wikipedia.org/wiki/Grey-cheeked_thrush,What is the closest upper taxonomy of this bird?,What is the closest upper taxonomy of this bird?,String,Catharus,0,0,0,infoseek,0,0,0,oven_05043983,infoseek_val_00022734
Old Courthouse (St. Louis),https://en.wikipedia.org/wiki/Old_Courthouse_(St._Louis),Which city or region does this building locate in?,Which city or region does this building locate in?,String,St. Louis,0,0,0,infoseek,0,0,0,oven_05023457,infoseek_val_00022764
Rzeszów Castle,https://en.wikipedia.org/wiki/Rzesz%C3%B3w_Castle,Who designed this building?,Who designed this building?,String,Tylman van Gameren,0,0,0,infoseek,0,0,0,oven_05022231,infoseek_val_00022845
Dejima,https://en.wikipedia.org/wiki/Dejima,What is the area in square metre occupied by this island?,What is the area in square metre occupied by this island?,Numerical,9000,0,0,0,infoseek,0,0,0,oven_05025615,infoseek_val_00022856
Kyffhäuser Monument,https://en.wikipedia.org/wiki/Kyffh%C3%A4user_Monument,What is the height of the monument of this building in metre?,What is the height of the monument of this building in metre?,Numerical,81,0,0,0,infoseek,0,0,0,oven_05023561,infoseek_val_00022871
Wyethia glabra,https://en.wikipedia.org/wiki/Wyethia_glabra,What is the closest parent taxonomy of this plant?,What is the closest parent taxonomy of this plant?,String,Wyethia,0,0,0,infoseek,0,0,0,oven_05044620,infoseek_val_00022879
Schipfe,https://en.wikipedia.org/wiki/Schipfe,What country does this place belong to?,What country does this place belong to?,String,Switzerland,0,0,0,infoseek,0,0,0,oven_05011968,infoseek_val_00022992
Berteroa incana,https://en.wikipedia.org/wiki/Berteroa_incana,What is the closest parent taxonomy of this plant?,What is the closest parent taxonomy of this plant?,String,Berteroa,0,0,0,infoseek,0,0,0,oven_05034861,infoseek_val_00023044
Idia lubricalis,https://en.wikipedia.org/wiki/Idia_lubricalis,What is the closest parent taxonomy of this insect?,What is the closest parent taxonomy of this insect?,String,Idia,0,0,0,infoseek,0,0,0,oven_05039664,infoseek_val_00023087
Quercus douglasii,https://en.wikipedia.org/wiki/Quercus_douglasii,What is the closest parent taxonomy of this plant?,What is the closest parent taxonomy of this plant?,String,Quercus,0,0,0,infoseek,0,0,0,oven_05033342,infoseek_val_00023090
Moscow Raceway,https://en.wikipedia.org/wiki/Moscow_Raceway,What country does this building belong to?,What country does this building belong to?,String,Russia,0,0,0,infoseek,0,0,0,oven_05026771,infoseek_val_00023091
Zopherus nodulosus,https://en.wikipedia.org/wiki/Zopherus_nodulosus,What is the closest parent taxonomy of this insect?,What is the closest parent taxonomy of this insect?,String,Zopherus,0,0,0,infoseek,0,0,0,oven_05030217,infoseek_val_00023117
Blackfriars Bridge,https://en.wikipedia.org/wiki/Blackfriars_Bridge,Which city or region does this bridge locate in?,Which city or region does this bridge locate in?,String,London Borough of Southwark|City of London,0,0,0,infoseek,0,0,0,oven_05015068,infoseek_val_00023139
Kamieniec Castle,https://en.wikipedia.org/wiki/Kamieniec_Castle,Which city or region does this building locate in?,Which city or region does this building locate in?,String,Odrzykoń,0,0,0,infoseek,0,0,0,oven_05016357,infoseek_val_00023252
Phalaenopsis amabilis,https://en.wikipedia.org/wiki/Phalaenopsis_amabilis,What is the basionym of this plant?,What is the basionym of this plant?,String,Epidendrum amabile,0,0,0,infoseek,0,0,0,oven_05027511,infoseek_val_00023253
Viseu Cathedral,https://en.wikipedia.org/wiki/Viseu_Cathedral,Which diocese does this building belong to?,Which diocese does this building belong to?,String,Roman Catholic Diocese of Viseu,0,0,0,infoseek,0,0,0,oven_05026600,infoseek_val_00023288
California wine,https://en.wikipedia.org/wiki/California_wine,What country does this food belong to?,What country does this food belong to?,String,United States of America,0,0,0,infoseek,0,0,0,oven_05064299,infoseek_val_00023362
Myosotis latifolia,https://en.wikipedia.org/wiki/Myosotis_latifolia,What is the closest upper taxonomy of this plant?,What is the closest upper taxonomy of this plant?,String,Myosotis,0,0,0,infoseek,0,0,0,oven_05036171,infoseek_val_00023374
Charles Bridge,https://en.wikipedia.org/wiki/Charles_Bridge,How many spans does this bridge have?,How many spans does this bridge have?,Numerical,16,0,0,0,infoseek,0,0,0,oven_05025849,infoseek_val_00023446
Laughing falcon,https://en.wikipedia.org/wiki/Laughing_falcon,What is the closest upper taxonomy of this bird?,What is the closest upper taxonomy of this bird?,String,Herpetotheres,0,0,0,infoseek,0,0,0,oven_05041641,infoseek_val_00023455
Rock dove,https://en.wikipedia.org/wiki/Rock_dove,What is the closest parent taxonomy of this bird?,What is the closest parent taxonomy of this bird?,String,Columba,0,0,0,infoseek,0,0,0,oven_05046308,infoseek_val_00023456
Niechorze Lighthouse,https://en.wikipedia.org/wiki/Niechorze_Lighthouse,In which year did this building come into service?,In which year did this building come into service?,Time,1866,0,0,0,infoseek,0,0,0,oven_05013712,infoseek_val_00023502
Pfäffikersee,https://en.wikipedia.org/wiki/Pf%C3%A4ffikersee,In which country has drainage or the border the body of water of the lake in the image?,In which country has drainage or the border the body of water of the lake in the image?,String,Switzerland,0,0,0,infoseek,0,0,0,oven_05018405,infoseek_val_00023597
Spoladea recurvalis,https://en.wikipedia.org/wiki/Spoladea_recurvalis,What is the closest upper taxonomy of this insect?,What is the closest upper taxonomy of this insect?,String,Spoladea,0,0,0,infoseek,0,0,0,oven_05034336,infoseek_val_00023624
Canopic jar,https://en.wikipedia.org/wiki/Canopic_jar,Which culture is associated with this object?,Which culture is associated with this object?,String,Ancient Egypt,0,0,0,infoseek,0,0,0,oven_05053513,infoseek_val_00023633
Gymnadenia conopsea,https://en.wikipedia.org/wiki/Gymnadenia_conopsea,What is the basionym of this plant?,What is the basionym of this plant?,String,Orchis conopsea,0,0,0,infoseek,0,0,0,oven_05031722,infoseek_val_00023657
Tupolev Tu-134,https://en.wikipedia.org/wiki/Tupolev_Tu-134,What equipment or engine is used by this aircraft to provide power?,What equipment or engine is used by this aircraft to provide power?,String,Soloviev D-30,0,0,0,infoseek,0,0,0,oven_05009801,infoseek_val_00023688
City Hall of Quebec City,https://en.wikipedia.org/wiki/City_Hall_of_Quebec_City,Who designed this building?,Who designed this building?,String,Georges-Émile Tanguay,0,0,0,infoseek,0,0,0,oven_05016006,infoseek_val_00023689
Rakvere,https://en.wikipedia.org/wiki/Rakvere,What is the area in square kilometre occupied by this town?,What is the area in square kilometre occupied by this town?,Numerical,10.75,0,0,0,infoseek,0,0,0,oven_05025562,infoseek_val_00023731
Electric shaver,https://en.wikipedia.org/wiki/Electric_shaver,What is the source of energy of this item?,What is the source of energy of this item?,String,electricity,0,0,0,infoseek,0,0,0,oven_05059870,infoseek_val_00023760
Radcliffe Camera,https://en.wikipedia.org/wiki/Radcliffe_Camera,Which city or region does this building locate in?,Which city or region does this building locate in?,String,Oxford,0,0,0,infoseek,0,0,0,oven_05011514,infoseek_val_00023829
Royal National Park,https://en.wikipedia.org/wiki/Royal_National_Park,What country does this park belong to?,What country does this park belong to?,String,Australia,0,0,0,infoseek,0,0,0,oven_05024708,infoseek_val_00023941
Bursaria spinosa,https://en.wikipedia.org/wiki/Bursaria_spinosa,Which place is this plant endemic to?,Which place is this plant endemic to?,String,Australia,0,0,0,infoseek,0,0,0,oven_05065570,infoseek_val_00024005
Caryota urens,https://en.wikipedia.org/wiki/Caryota_urens,What is the closest upper taxonomy of this plant?,What is the closest upper taxonomy of this plant?,String,Caryota,0,0,0,infoseek,0,0,0,oven_05068331,infoseek_val_00024006
Muffin,https://en.wikipedia.org/wiki/Muffin,What is the country of origin of this food?,What is the country of origin of this food?,String,United States of America,0,0,0,infoseek,0,0,0,oven_04948980,infoseek_val_00024068
Radika,https://en.wikipedia.org/wiki/Radika,What water body does the river in the image drain to?,What water body does the river in the image drain to?,String,Black Drin,0,0,0,infoseek,0,0,0,oven_05018018,infoseek_val_00024135
Plecoptera,https://en.wikipedia.org/wiki/Plecoptera,What is the closest parent taxonomy of this animal?,What is the closest parent taxonomy of this animal?,String,Neoptera,0,0,0,infoseek,0,0,0,oven_05050002,infoseek_val_00024168
Castle of Bragança,https://en.wikipedia.org/wiki/Castle_of_Bragan%C3%A7a,What country does this building belong to?,What country does this building belong to?,String,Portugal,0,0,0,infoseek,0,0,0,oven_05016300,infoseek_val_00024224
Lublin Old Town,https://en.wikipedia.org/wiki/Lublin_Old_Town,Which city or region does this place locate in?,Which city or region does this place locate in?,String,Lublin,0,0,0,infoseek,0,0,0,oven_05025339,infoseek_val_00024226
Pittosporum tenuifolium,https://en.wikipedia.org/wiki/Pittosporum_tenuifolium,Where is this plant native to?,Where is this plant native to?,String,New Zealand,0,0,0,infoseek,0,0,0,oven_05030974,infoseek_val_00024396
Tzippori,https://en.wikipedia.org/wiki/Tzippori,Which city or region does this town locate in?,Which city or region does this town locate in?,String,Jezreel Valley Regional Council,0,0,0,infoseek,0,0,0,oven_05016502,infoseek_val_00024429
Plywood,https://en.wikipedia.org/wiki/Plywood,In which year was this material invented or discovered?,In which year was this material invented or discovered?,Time,1797,0,0,0,infoseek,0,0,0,oven_04947929,infoseek_val_00024454
Titisee,https://en.wikipedia.org/wiki/Titisee,What is the area in square kilometre occupied by this lake?,What is the area in square kilometre occupied by this lake?,Numerical,1.3,0,0,0,infoseek,0,0,0,oven_05021369,infoseek_val_00024509
Pemzashen Church,https://en.wikipedia.org/wiki/Pemzashen_Church,Which city or region does this building locate in?,Which city or region does this building locate in?,String,Pemzashen,0,0,0,infoseek,0,0,0,oven_05014329,infoseek_val_00024534
Zealandia pustulata,https://en.wikipedia.org/wiki/Zealandia_pustulata,What is the closest parent taxonomy of this plant?,What is the closest parent taxonomy of this plant?,String,Microsorum,0,0,0,infoseek,0,0,0,oven_05032507,infoseek_val_00024552
Nidzica Castle,https://en.wikipedia.org/wiki/Nidzica_Castle,Which city or region does this building locate in?,Which city or region does this building locate in?,String,Nidzica,0,0,0,infoseek,0,0,0,oven_05016971,infoseek_val_00024562
Boreal chorus frog,https://en.wikipedia.org/wiki/Boreal_chorus_frog,What is the closest parent taxonomy of this animal?,What is the closest parent taxonomy of this animal?,String,Pseudacris,0,0,0,infoseek,0,0,0,oven_05044965,infoseek_val_00024626
Confederation Bridge,https://en.wikipedia.org/wiki/Confederation_Bridge,How long in metre is the longest span of this island?,How long in metre is the longest span of this island?,Numerical,250,0,0,0,infoseek,0,0,0,oven_05018956,infoseek_val_00024641
Ferocactus hamatacanthus,https://en.wikipedia.org/wiki/Ferocactus_hamatacanthus,What is the closest upper taxonomy of this plant?,What is the closest upper taxonomy of this plant?,String,Ferocactus,0,0,0,infoseek,0,0,0,oven_05031090,infoseek_val_00024656
Venus flytrap,https://en.wikipedia.org/wiki/Venus_flytrap,"What is the conservation status of this plant? (The status is assigned by the international union for conservation of nature. Choose one among Endangered,Least Concern,Critically Endangered,extinct species,extinct in the wild,Vulnerable,Near Threatened,Data Deficient)","What is the conservation status of this plant? (The status is assigned by the international union for conservation of nature. Choose one among Endangered,Least Concern,Critically Endangered,extinct species,extinct in the wild,Vulnerable,Near Threatened,Data Deficient)",String,Vulnerable,0,0,0,infoseek,0,0,0,oven_05068938,infoseek_val_00024666
Cruise control,https://en.wikipedia.org/wiki/Cruise_control,Who is the discoverer or inventor of this object?,Who is the discoverer or inventor of this object?,String,Ralph Teetor,0,0,0,infoseek,0,0,0,oven_05054581,infoseek_val_00024773
Zostera marina,https://en.wikipedia.org/wiki/Zostera_marina,What is the closest parent taxonomy of this plant?,What is the closest parent taxonomy of this plant?,String,Zostera,0,0,0,infoseek,0,0,0,oven_05039830,infoseek_val_00024829
Lycosa tarantula,https://en.wikipedia.org/wiki/Lycosa_tarantula,What is the closest upper taxonomy of this animal?,What is the closest upper taxonomy of this animal?,String,Lycosa,0,0,0,infoseek,0,0,0,oven_05048085,infoseek_val_00024837
Liriodendron tulipifera,https://en.wikipedia.org/wiki/Liriodendron_tulipifera,What is the closest upper taxonomy of this plant?,What is the closest upper taxonomy of this plant?,String,Liriodendron,0,0,0,infoseek,0,0,0,oven_05032460,infoseek_val_00024900
Dicksonia antarctica,https://en.wikipedia.org/wiki/Dicksonia_antarctica,Which place is this plant endemic to?,Which place is this plant endemic to?,String,Australia,0,0,0,infoseek,0,0,0,oven_05070064,infoseek_val_00024907
Maianthemum dilatatum,https://en.wikipedia.org/wiki/Maianthemum_dilatatum,What is the closest upper taxonomy of this plant?,What is the closest upper taxonomy of this plant?,String,Maianthemum,0,0,0,infoseek,0,0,0,oven_05040643,infoseek_val_00024908
Atriplex canescens,https://en.wikipedia.org/wiki/Atriplex_canescens,What is the closest upper taxonomy of this plant?,What is the closest upper taxonomy of this plant?,String,Atriplex,0,0,0,infoseek,0,0,0,oven_05045973,infoseek_val_00024914
Ciudad Mitad del Mundo,https://en.wikipedia.org/wiki/Ciudad_Mitad_del_Mundo,Which city or region does this place locate in?,Which city or region does this place locate in?,String,San Antonio de Pichincha,0,0,0,infoseek,0,0,0,oven_05022391,infoseek_val_00024962
Castle of Molina de Aragón,https://en.wikipedia.org/wiki/Castle_of_Molina_de_Arag%C3%B3n,Which city or region does this building locate in?,Which city or region does this building locate in?,String,Molina de Aragón,0,0,0,infoseek,0,0,0,oven_05015362,infoseek_val_00024987
Shahbaz Khan Mosque,https://en.wikipedia.org/wiki/Shahbaz_Khan_Mosque,What country does this facility belong to?,What country does this facility belong to?,String,Bangladesh,0,0,0,infoseek,0,0,0,oven_05016897,infoseek_val_00025045
Kumano Hongū Taisha,https://en.wikipedia.org/wiki/Kumano_Hong%C5%AB_Taisha,What is this building dedicated to?,What is this building dedicated to?,String,Kumano Gongen,0,0,0,infoseek,0,0,0,oven_05012465,infoseek_val_00025068
European hedgehog,https://en.wikipedia.org/wiki/European_hedgehog,What is the closest parent taxonomy of this animal?,What is the closest parent taxonomy of this animal?,String,Erinaceus,0,0,0,infoseek,0,0,0,oven_05034755,infoseek_val_00025076
Prunus armeniaca,https://en.wikipedia.org/wiki/Prunus_armeniaca,What is the closest upper taxonomy of this plant?,What is the closest upper taxonomy of this plant?,String,Prunus,0,0,0,infoseek,0,0,0,oven_05068501,infoseek_val_00025084
Cylindropuntia prolifera,https://en.wikipedia.org/wiki/Cylindropuntia_prolifera,What is the closest upper taxonomy of this plant?,What is the closest upper taxonomy of this plant?,String,Cylindropuntia,0,0,0,infoseek,0,0,0,oven_05036473,infoseek_val_00025091
La Recoleta Cemetery,https://en.wikipedia.org/wiki/La_Recoleta_Cemetery,In which year was this facility first mentioned in writing?,In which year was this facility first mentioned in writing?,Time,1822,0,0,0,infoseek,0,0,0,oven_05015753,infoseek_val_00025093
California quail,https://en.wikipedia.org/wiki/California_quail,What is the closest parent taxonomy of this bird?,What is the closest parent taxonomy of this bird?,String,Callipepla,0,0,0,infoseek,0,0,0,oven_05037347,infoseek_val_00025096
Forest bug,https://en.wikipedia.org/wiki/Forest_bug,What is the closest upper taxonomy of this insect?,What is the closest upper taxonomy of this insect?,String,Pentatoma,0,0,0,infoseek,0,0,0,oven_05031629,infoseek_val_00025174
Oklahoma City National Memorial,https://en.wikipedia.org/wiki/Oklahoma_City_National_Memorial,What is the area in square metre occupied by this building?,What is the area in square metre occupied by this building?,Numerical,13000,0,0,0,infoseek,0,0,0,oven_05015250,infoseek_val_00025202
Obando Church,https://en.wikipedia.org/wiki/Obando_Church,What is this building dedicated to?,What is this building dedicated to?,String,Paschal Baylon,0,0,0,infoseek,0,0,0,oven_05017558,infoseek_val_00025259
Fortaleza de Santa Cruz da Barra,https://en.wikipedia.org/wiki/Fortaleza_de_Santa_Cruz_da_Barra,Which city or region does this building locate in?,Which city or region does this building locate in?,String,Niterói,0,0,0,infoseek,0,0,0,oven_05015813,infoseek_val_00025371
ATR 72,https://en.wikipedia.org/wiki/ATR_72,Which company manufactures this aircraft?,Which company manufactures this aircraft?,String,ATR,0,0,0,infoseek,0,0,0,oven_05009992,infoseek_val_00025387
Purana Qila,https://en.wikipedia.org/wiki/Purana_Qila,Who commissioned this building?,Who commissioned this building?,String,Sher Shah Suri,0,0,0,infoseek,0,0,0,oven_05010860,infoseek_val_00025424
Canna (plant),https://en.wikipedia.org/wiki/Canna_(plant),What is the closest parent taxonomy of this plant?,What is the closest parent taxonomy of this plant?,String,Cannaceae,0,0,0,infoseek,0,0,0,oven_05027440,infoseek_val_00025445
Corylopsis pauciflora,https://en.wikipedia.org/wiki/Corylopsis_pauciflora,What is the closest parent taxonomy of this plant?,What is the closest parent taxonomy of this plant?,String,Corylopsis,0,0,0,infoseek,0,0,0,oven_05067779,infoseek_val_00025448
Las Lajas Shrine,https://en.wikipedia.org/wiki/Las_Lajas_Shrine,What is this building named after?,What is this building named after?,String,Our Lady of the Rosary,0,0,0,infoseek,0,0,0,oven_05017008,infoseek_val_00025525
Jameos del Agua,https://en.wikipedia.org/wiki/Jameos_del_Agua,Which city or region does this building locate in?,Which city or region does this building locate in?,String,Haría,0,0,0,infoseek,0,0,0,oven_05025639,infoseek_val_00025600
De Havilland Canada DHC-6 Twin Otter,https://en.wikipedia.org/wiki/De_Havilland_Canada_DHC-6_Twin_Otter,what is the date this aircraft took the first flight?,what is the date this aircraft took the first flight?,Time,1965 5 20,0,0,0,infoseek,0,0,0,oven_00004129,infoseek_val_00025637
Ailanthus webworm,https://en.wikipedia.org/wiki/Ailanthus_webworm,What is the closest upper taxonomy of this insect?,What is the closest upper taxonomy of this insect?,String,Atteva,0,0,0,infoseek,0,0,0,oven_05044856,infoseek_val_00025715
Sarcodes,https://en.wikipedia.org/wiki/Sarcodes,What is the closest upper taxonomy of this plant?,What is the closest upper taxonomy of this plant?,String,Sarcodes,0,0,0,infoseek,0,0,0,oven_05041282,infoseek_val_00025827
Jeep Wrangler,https://en.wikipedia.org/wiki/Jeep_Wrangler,What is the immediately prior item that this vehicle follows in a series?,What is the immediately prior item that this vehicle follows in a series?,String,Jeep CJ,0,0,0,infoseek,0,0,0,oven_05010642,infoseek_val_00026057
Eastern amberwing,https://en.wikipedia.org/wiki/Eastern_amberwing,What is the closest parent taxonomy of this insect?,What is the closest parent taxonomy of this insect?,String,Perithemis,0,0,0,infoseek,0,0,0,oven_05041353,infoseek_val_00026148
Great Orme Tramway,https://en.wikipedia.org/wiki/Great_Orme_Tramway,who/what operates this building?,who/what operates this building?,String,Conwy County Borough Council,0,0,0,infoseek,0,0,0,oven_05026678,infoseek_val_00026150
Parsonsia heterophylla,https://en.wikipedia.org/wiki/Parsonsia_heterophylla,What is the closest parent taxonomy of this plant?,What is the closest parent taxonomy of this plant?,String,Parsonsia,0,0,0,infoseek,0,0,0,oven_05029634,infoseek_val_00026152
Andricus quercuscalifornicus,https://en.wikipedia.org/wiki/Andricus_quercuscalifornicus,What is the closest parent taxonomy of this insect?,What is the closest parent taxonomy of this insect?,String,Andricus,0,0,0,infoseek,0,0,0,oven_05044064,infoseek_val_00026177
Pont des Invalides,https://en.wikipedia.org/wiki/Pont_des_Invalides,Which city or region does this bridge locate in?,Which city or region does this bridge locate in?,String,Paris|Invalides,0,0,0,infoseek,0,0,0,oven_05014753,infoseek_val_00026180
Evenburg,https://en.wikipedia.org/wiki/Evenburg,What country does this building belong to?,What country does this building belong to?,String,Germany,0,0,0,infoseek,0,0,0,oven_05014239,infoseek_val_00026200
Memorial to the Murdered Jews of Europe,https://en.wikipedia.org/wiki/Memorial_to_the_Murdered_Jews_of_Europe,Which significant event was held in this building?,Which significant event was held in this building?,String,opening ceremony,0,0,0,infoseek,0,0,0,oven_05018502,infoseek_val_00026256
Marinara sauce,https://en.wikipedia.org/wiki/Marinara_sauce,What is the country of origin of this sauce?,What is the country of origin of this sauce?,String,Italy,0,0,0,infoseek,0,0,0,oven_05063971,infoseek_val_00026280
Wallace Monument,https://en.wikipedia.org/wiki/Wallace_Monument,In which year did this building officially open?,In which year did this building officially open?,Time,1869,0,0,0,infoseek,0,0,0,oven_05017413,infoseek_val_00026340
Chrysler PT Cruiser,https://en.wikipedia.org/wiki/Chrysler_PT_Cruiser,What is the brand of this vehicle?,What is the brand of this vehicle?,String,Chrysler,0,0,0,infoseek,0,0,0,oven_05010753,infoseek_val_00026408
Asimina triloba,https://en.wikipedia.org/wiki/Asimina_triloba,What is the closest parent taxonomy of this plant?,What is the closest parent taxonomy of this plant?,String,Asimina,0,0,0,infoseek,0,0,0,oven_05030070,infoseek_val_00026430
Sphaeropteris medullaris,https://en.wikipedia.org/wiki/Sphaeropteris_medullaris,What is the closest upper taxonomy of this plant?,What is the closest upper taxonomy of this plant?,String,Cyathea,0,0,0,infoseek,0,0,0,oven_05045929,infoseek_val_00026438
Great Orme Tramway,https://en.wikipedia.org/wiki/Great_Orme_Tramway,In which year did this building officially open?,In which year did this building officially open?,Time,1902,0,0,0,infoseek,0,0,0,oven_05026678,infoseek_val_00026474
Fokker 100,https://en.wikipedia.org/wiki/Fokker_100,What is the total quantity of produced items for this type of aircraft?,What is the total quantity of produced items for this type of aircraft?,Numerical,283,0,0,0,infoseek,0,0,0,oven_05009875,infoseek_val_00026571
East Pacific red octopus,https://en.wikipedia.org/wiki/East_Pacific_red_octopus,What is the closest upper taxonomy of this animal?,What is the closest upper taxonomy of this animal?,String,Octopus,0,0,0,infoseek,0,0,0,oven_05041013,infoseek_val_00026690
Holy Spirit Cathedral (Minsk),https://en.wikipedia.org/wiki/Holy_Spirit_Cathedral_(Minsk),What is this building named after?,What is this building named after?,String,Holy Spirit Cathedral,0,0,0,infoseek,0,0,0,oven_05014624,infoseek_val_00026697
La Dôle,https://en.wikipedia.org/wiki/La_D%C3%B4le,which mountain range is this mountain belong to?,which mountain range is this mountain belong to?,String,Jura Mountains,0,0,0,infoseek,0,0,0,oven_05013377,infoseek_val_00026880
Thermometer,https://en.wikipedia.org/wiki/Thermometer,Who is the discoverer or inventor of this item?,Who is the discoverer or inventor of this item?,String,Daniel Gabriel Fahrenheit|Hero of Alexandria,0,0,0,infoseek,0,0,0,oven_05061409,infoseek_val_00026970
Gray hairstreak,https://en.wikipedia.org/wiki/Gray_hairstreak,What is the closest parent taxonomy of this insect?,What is the closest parent taxonomy of this insect?,String,Strymon,0,0,0,infoseek,0,0,0,oven_05045254,infoseek_val_00026975
Belgrade Fortress,https://en.wikipedia.org/wiki/Belgrade_Fortress,What is the location of this building?,What is the location of this building?,String,Stari Grad,0,0,0,infoseek,0,0,0,oven_05012632,infoseek_val_00027026
Spotted sandpiper,https://en.wikipedia.org/wiki/Spotted_sandpiper,What is the closest upper taxonomy of this bird?,What is the closest upper taxonomy of this bird?,String,Actitis,0,0,0,infoseek,0,0,0,oven_05037458,infoseek_val_00027053
Grindelia squarrosa,https://en.wikipedia.org/wiki/Grindelia_squarrosa,What is the closest parent taxonomy of this plant?,What is the closest parent taxonomy of this plant?,String,Grindelia,0,0,0,infoseek,0,0,0,oven_05037112,infoseek_val_00027106
Western yellow-bellied racer,https://en.wikipedia.org/wiki/Western_yellow-bellied_racer,What is the closest parent taxonomy of this animal?,What is the closest parent taxonomy of this animal?,String,Coluber constrictor,0,0,0,infoseek,0,0,0,oven_05043931,infoseek_val_00027110
Tupolev,https://en.wikipedia.org/wiki/Tupolev,Where are organization initially formed?,Where are organization initially formed?,String,Moscow,0,0,0,infoseek,0,0,0,oven_05009799,infoseek_val_00027140
Fire station,https://en.wikipedia.org/wiki/Fire_station,Who occupies this building?,Who occupies this building?,String,fire department|firefighter,0,0,0,infoseek,0,0,0,oven_04944881,infoseek_val_00027171
Lettuce,https://en.wikipedia.org/wiki/Lettuce,What is the closest upper taxonomy of this plant?,What is the closest upper taxonomy of this plant?,String,Lactuca,0,0,0,infoseek,0,0,0,oven_04949185,infoseek_val_00027181
Marrubium vulgare,https://en.wikipedia.org/wiki/Marrubium_vulgare,What is the closest upper taxonomy of this plant?,What is the closest upper taxonomy of this plant?,String,Marrubium,0,0,0,infoseek,0,0,0,oven_05041546,infoseek_val_00027239
Thames Barrier,https://en.wikipedia.org/wiki/Thames_Barrier,What is the length in metre is the place in the image?,What is the length in metre is the place in the image?,Numerical,520,0,0,0,infoseek,0,0,0,oven_05016549,infoseek_val_00027291
Panarea,https://en.wikipedia.org/wiki/Panarea,What is the height of this island in terms of metre above sea level?,What is the height of this island in terms of metre above sea level?,Numerical,420.0-422.0,0,0,0,infoseek,0,0,0,oven_05012927,infoseek_val_00027302
Root beer,https://en.wikipedia.org/wiki/Root_beer,Which country does this food come from?,Which country does this food come from?,String,North America,0,0,0,infoseek,0,0,0,oven_05064920,infoseek_val_00027336
University of Chicago Library,https://en.wikipedia.org/wiki/University_of_Chicago_Library,Which city or region does this facility locate in?,Which city or region does this facility locate in?,String,Chicago,0,0,0,infoseek,0,0,0,oven_05023922,infoseek_val_00027424
Vipera berus,https://en.wikipedia.org/wiki/Vipera_berus,What is the litter size of this animal?,What is the litter size of this animal?,Numerical,9,0,0,0,infoseek,0,0,0,oven_05036576,infoseek_val_00027489
Tegula funebralis,https://en.wikipedia.org/wiki/Tegula_funebralis,What is the closest upper taxonomy of this animal?,What is the closest upper taxonomy of this animal?,String,Tegula,0,0,0,infoseek,0,0,0,oven_05036138,infoseek_val_00027524
Satyrium calanus,https://en.wikipedia.org/wiki/Satyrium_calanus,What is the closest parent taxonomy of this insect?,What is the closest parent taxonomy of this insect?,String,Satyrium,0,0,0,infoseek,0,0,0,oven_05040680,infoseek_val_00027584
Adiantum jordanii,https://en.wikipedia.org/wiki/Adiantum_jordanii,What is the closest upper taxonomy of this plant?,What is the closest upper taxonomy of this plant?,String,Adiantum,0,0,0,infoseek,0,0,0,oven_05035772,infoseek_val_00027593
Derwentwater,https://en.wikipedia.org/wiki/Derwentwater,What is the basin country to the lake?,What is the basin country to the lake?,String,England,0,0,0,infoseek,0,0,0,oven_05020385,infoseek_val_00027610
Iztaccihuatl,https://en.wikipedia.org/wiki/Iztaccihuatl,What is the height of this place in terms of metre above sea level?,What is the height of this place in terms of metre above sea level?,Numerical,5230,0,0,0,infoseek,0,0,0,oven_05025020,infoseek_val_00027620
Nepenthes,https://en.wikipedia.org/wiki/Nepenthes,What is this plant named after?,What is this plant named after?,String,Nepenthe,0,0,0,infoseek,0,0,0,oven_05068898,infoseek_val_00027676
Puente de la Mujer,https://en.wikipedia.org/wiki/Puente_de_la_Mujer,What is the length in metre is the bridge in the image?,What is the length in metre is the bridge in the image?,Numerical,160,0,0,0,infoseek,0,0,0,oven_05026893,infoseek_val_00027706
Mitella diphylla,https://en.wikipedia.org/wiki/Mitella_diphylla,What is the closest parent taxonomy of this plant?,What is the closest parent taxonomy of this plant?,String,Mitella,0,0,0,infoseek,0,0,0,oven_05042273,infoseek_val_00027716
Rundetaarn,https://en.wikipedia.org/wiki/Rundetaarn,What is the height of this building in metre?,What is the height of this building in metre?,Numerical,34.8,0,0,0,infoseek,0,0,0,oven_05022063,infoseek_val_00027726
Cecropia,https://en.wikipedia.org/wiki/Cecropia,What is the closest upper taxonomy of this plant?,What is the closest upper taxonomy of this plant?,String,Urticaceae,0,0,0,infoseek,0,0,0,oven_05050122,infoseek_val_00027768
Grigna,https://en.wikipedia.org/wiki/Grigna,What is the sea level in metre of this mountain?,What is the sea level in metre of this mountain?,Numerical,2410,0,0,0,infoseek,0,0,0,oven_05019502,infoseek_val_00027771
Jirásek Bridge,https://en.wikipedia.org/wiki/Jir%C3%A1sek_Bridge,What country does this bridge belong to?,What country does this bridge belong to?,String,Czech Republic,0,0,0,infoseek,0,0,0,oven_05024282,infoseek_val_00027794
Madikwe Game Reserve,https://en.wikipedia.org/wiki/Madikwe_Game_Reserve,What country does this game belong to?,What country does this game belong to?,String,South Africa,0,0,0,infoseek,0,0,0,oven_05019230,infoseek_val_00027795
Papaver somniferum,https://en.wikipedia.org/wiki/Papaver_somniferum,What is the closest upper taxonomy of this plant?,What is the closest upper taxonomy of this plant?,String,Papaver,0,0,0,infoseek,0,0,0,oven_05066793,infoseek_val_00027821
Wallace Monument,https://en.wikipedia.org/wiki/Wallace_Monument,Which (geo)physical feature is the building located in or on?,Which (geo)physical feature is the building located in or on?,String,Abbey Craig,0,0,0,infoseek,0,0,0,oven_05017412,infoseek_val_00027824
Carya cordiformis,https://en.wikipedia.org/wiki/Carya_cordiformis,What is the closest parent taxonomy of this plant?,What is the closest parent taxonomy of this plant?,String,Carya,0,0,0,infoseek,0,0,0,oven_05037652,infoseek_val_00027829
Cane toad,https://en.wikipedia.org/wiki/Cane_toad,Which location has this animal invaded?,Which location has this animal invaded?,String,Australia,0,0,0,infoseek,0,0,0,oven_05043877,infoseek_val_00027833
Wang Family Compound,https://en.wikipedia.org/wiki/Wang_Family_Compound,Which city or region does this place locate in?,Which city or region does this place locate in?,String,Lingshi County,0,0,0,infoseek,0,0,0,oven_05023891,infoseek_val_00027893
Maho Beach,https://en.wikipedia.org/wiki/Maho_Beach,Which city or region does this island locate in?,Which city or region does this island locate in?,String,Sint Maarten,0,0,0,infoseek,0,0,0,oven_05025125,infoseek_val_00027899
Impatiens capensis,https://en.wikipedia.org/wiki/Impatiens_capensis,What is the closest parent taxonomy of this plant?,What is the closest parent taxonomy of this plant?,String,Impatiens,0,0,0,infoseek,0,0,0,oven_05029305,infoseek_val_00027978
Askeran Fortress,https://en.wikipedia.org/wiki/Askeran_Fortress,Who found this place?,Who found this place?,String,Panah Ali Khan,0,0,0,infoseek,0,0,0,oven_05026525,infoseek_val_00027985
Wrigley Building,https://en.wikipedia.org/wiki/Wrigley_Building,Which street is this building located at?,Which street is this building located at?,String,Michigan Avenue,0,0,0,infoseek,0,0,0,oven_05014027,infoseek_val_00027987
Banksia,https://en.wikipedia.org/wiki/Banksia,What is this plant named after?,What is this plant named after?,String,Joseph Banks,0,0,0,infoseek,0,0,0,oven_05067588,infoseek_val_00028002
Ceviche,https://en.wikipedia.org/wiki/Ceviche,What is the country of origin of this food?,What is the country of origin of this food?,String,Peru,0,0,0,infoseek,0,0,0,oven_05027744,infoseek_val_00028159
Basilica of Our Lady of Luján,https://en.wikipedia.org/wiki/Basilica_of_Our_Lady_of_Luj%C3%A1n,What is this building dedicated to?,What is this building dedicated to?,String,Our Lady of Luján,0,0,0,infoseek,0,0,0,oven_05017933,infoseek_val_00028208
Vipera berus,https://en.wikipedia.org/wiki/Vipera_berus,"What is the conservation status of this animal? (The status is assigned by the international union for conservation of nature. Choose one among Endangered,Least Concern,Critically Endangered,extinct species,extinct in the wild,Vulnerable,Near Threatened,Data Deficient)","What is the conservation status of this animal? (The status is assigned by the international union for conservation of nature. Choose one among Endangered,Least Concern,Critically Endangered,extinct species,extinct in the wild,Vulnerable,Near Threatened,Data Deficient)",String,Least Concern,0,0,0,infoseek,0,0,0,oven_05036541,infoseek_val_00028264
Smart Fortwo,https://en.wikipedia.org/wiki/Smart_Fortwo,What is the brand of this vehicle?,What is the brand of this vehicle?,String,Smart,0,0,0,infoseek,0,0,0,oven_05010509,infoseek_val_00028267
Amanohashidate,https://en.wikipedia.org/wiki/Amanohashidate,What country does this place belong to?,What country does this place belong to?,String,Japan,0,0,0,infoseek,0,0,0,oven_05020962,infoseek_val_00028268
Bangkok railway station,https://en.wikipedia.org/wiki/Bangkok_railway_station,Who is the owner of this building?,Who is the owner of this building?,String,State Railway of Thailand,0,0,0,infoseek,0,0,0,oven_05011564,infoseek_val_00028300
Crested lark,https://en.wikipedia.org/wiki/Crested_lark,What is the closest parent taxonomy of this bird?,What is the closest parent taxonomy of this bird?,String,Galerida,0,0,0,infoseek,0,0,0,oven_05029548,infoseek_val_00028324
Regensburg Cathedral,https://en.wikipedia.org/wiki/Regensburg_Cathedral,What country does this building belong to?,What country does this building belong to?,String,Germany,0,0,0,infoseek,0,0,0,oven_05014407,infoseek_val_00028451
Anisota virginiensis,https://en.wikipedia.org/wiki/Anisota_virginiensis,What is the closest upper taxonomy of this insect?,What is the closest upper taxonomy of this insect?,String,Anisota,0,0,0,infoseek,0,0,0,oven_05034995,infoseek_val_00028459
Rhode Island Red,https://en.wikipedia.org/wiki/Rhode_Island_Red,What is the country of origin of this object?,What is the country of origin of this object?,String,United States of America,0,0,0,infoseek,0,0,0,oven_04945406,infoseek_val_00028573
Yellow-rumped warbler,https://en.wikipedia.org/wiki/Yellow-rumped_warbler,What is the closest parent taxonomy of this bird?,What is the closest parent taxonomy of this bird?,String,Setophaga,0,0,0,infoseek,0,0,0,oven_05045339,infoseek_val_00028719
Minestrone,https://en.wikipedia.org/wiki/Minestrone,What is the country of origin of this food?,What is the country of origin of this food?,String,Italy,0,0,0,infoseek,0,0,0,oven_05062722,infoseek_val_00028726
Phaulacridium marginale,https://en.wikipedia.org/wiki/Phaulacridium_marginale,Which place is this insect endemic to?,Which place is this insect endemic to?,String,New Zealand,0,0,0,infoseek,0,0,0,oven_05031029,infoseek_val_00028733
Rhus glabra,https://en.wikipedia.org/wiki/Rhus_glabra,What is the closest parent taxonomy of this plant?,What is the closest parent taxonomy of this plant?,String,Rhus,0,0,0,infoseek,0,0,0,oven_05042130,infoseek_val_00028792
Chioides albofasciatus,https://en.wikipedia.org/wiki/Chioides_albofasciatus,What is the closest parent taxonomy of this insect?,What is the closest parent taxonomy of this insect?,String,Chioides,0,0,0,infoseek,0,0,0,oven_05031440,infoseek_val_00028993
Hericium erinaceus,https://en.wikipedia.org/wiki/Hericium_erinaceus,What is the closest parent taxonomy of this plant?,What is the closest parent taxonomy of this plant?,String,Hericium,0,0,0,infoseek,0,0,0,oven_05037188,infoseek_val_00028994
Eurasian oystercatcher,https://en.wikipedia.org/wiki/Eurasian_oystercatcher,What is the length of the wingspan in metre of this bird?,What is the length of the wingspan in metre of this bird?,Numerical,0.82,0,0,0,infoseek,0,0,0,oven_05042341,infoseek_val_00029026
Waterbuck,https://en.wikipedia.org/wiki/Waterbuck,What is the closest upper taxonomy of this animal?,What is the closest upper taxonomy of this animal?,String,Kobus,0,0,0,infoseek,0,0,0,oven_05041179,infoseek_val_00029138
Tughlaqabad Fort,https://en.wikipedia.org/wiki/Tughlaqabad_Fort,Who commissioned this building?,Who commissioned this building?,String,Delhi Sultanate,0,0,0,infoseek,0,0,0,oven_05020238,infoseek_val_00029227
Dot-tailed whiteface,https://en.wikipedia.org/wiki/Dot-tailed_whiteface,What is the closest upper taxonomy of this insect?,What is the closest upper taxonomy of this insect?,String,Leucorrhinia,0,0,0,infoseek,0,0,0,oven_05040533,infoseek_val_00029334
Red-legged honeycreeper,https://en.wikipedia.org/wiki/Red-legged_honeycreeper,where is this bird originally discovered?,where is this bird originally discovered?,String,Brazil,0,0,0,infoseek,0,0,0,oven_05042204,infoseek_val_00029362
Allamanda,https://en.wikipedia.org/wiki/Allamanda,What is this plant named after?,What is this plant named after?,String,Frédéric-Louis Allamand,0,0,0,infoseek,0,0,0,oven_05066011,infoseek_val_00029373
Mexican free-tailed bat,https://en.wikipedia.org/wiki/Mexican_free-tailed_bat,What is the closest upper taxonomy of this animal?,What is the closest upper taxonomy of this animal?,String,Tadarida,0,0,0,infoseek,0,0,0,oven_05041865,infoseek_val_00029524
Gin and tonic,https://en.wikipedia.org/wiki/Gin_and_tonic,What is this food named after?,What is this food named after?,String,gin|tonic water,0,0,0,infoseek,0,0,0,oven_05064654,infoseek_val_00029540
Euptoieta hegesia,https://en.wikipedia.org/wiki/Euptoieta_hegesia,how many millimetre is the wingspan of this insect?,how many millimetre is the wingspan of this insect?,Numerical,66.0-74.0,0,0,0,infoseek,0,0,0,oven_05035186,infoseek_val_00029553
Marmashen,https://en.wikipedia.org/wiki/Marmashen,Which city or region does this village locate in?,Which city or region does this village locate in?,String,Shirak Province,0,0,0,infoseek,0,0,0,oven_05016676,infoseek_val_00029563
Allianz Arena,https://en.wikipedia.org/wiki/Allianz_Arena,What is the maximum capacity of this building?,What is the maximum capacity of this building?,Numerical,85000,0,0,0,infoseek,0,0,0,oven_05018340,infoseek_val_00029640
Vicia faba,https://en.wikipedia.org/wiki/Vicia_faba,What is the closest upper taxonomy of this plant?,What is the closest upper taxonomy of this plant?,String,Vicia,0,0,0,infoseek,0,0,0,oven_05063236,infoseek_val_00029675
Der Aa-kerk,https://en.wikipedia.org/wiki/Der_Aa-kerk,What is the location of this building?,What is the location of this building?,String,Groningen,0,0,0,infoseek,0,0,0,oven_05011722,infoseek_val_00029813
Staghorn coral,https://en.wikipedia.org/wiki/Staghorn_coral,What is the closest upper taxonomy of this animal?,What is the closest upper taxonomy of this animal?,String,Acropora,0,0,0,infoseek,0,0,0,oven_05048656,infoseek_val_00029815
Arctia villica,https://en.wikipedia.org/wiki/Epicallia_villica,What is the closest parent taxonomy of this insect?,What is the closest parent taxonomy of this insect?,String,Arctia,0,0,0,infoseek,0,0,0,oven_05034882,infoseek_val_00029823
Mehrangarh,https://en.wikipedia.org/wiki/Mehrangarh,What view can you see from this place?,What view can you see from this place?,String,Jodhpur,0,0,0,infoseek,0,0,0,oven_05014071,infoseek_val_00029835
Bombylius major,https://en.wikipedia.org/wiki/Bombylius_major,What is the closest upper taxonomy of this insect?,What is the closest upper taxonomy of this insect?,String,Bombylius,0,0,0,infoseek,0,0,0,oven_05043482,infoseek_val_00029866
Lupinus arboreus,https://en.wikipedia.org/wiki/Lupinus_arboreus,What is the closest upper taxonomy of this plant?,What is the closest upper taxonomy of this plant?,String,Lupinus,0,0,0,infoseek,0,0,0,oven_05033211,infoseek_val_00029880
Brown pelican,https://en.wikipedia.org/wiki/Brown_pelican,What is the closest upper taxonomy of this bird?,What is the closest upper taxonomy of this bird?,String,Pelecanus,0,0,0,infoseek,0,0,0,oven_05040313,infoseek_val_00029885
Chkalov Stairs,https://en.wikipedia.org/wiki/Chkalov_Stairs,In which year did this building officially open?,In which year did this building officially open?,Time,1949,0,0,0,infoseek,0,0,0,oven_05014924,infoseek_val_00029922
Rakvere,https://en.wikipedia.org/wiki/Rakvere,What country does this town belong to?,What country does this town belong to?,String,Estonia,0,0,0,infoseek,0,0,0,oven_05025564,infoseek_val_00029945
Sesbania herbacea,https://en.wikipedia.org/wiki/Sesbania_herbacea,What is the closest parent taxonomy of this plant?,What is the closest parent taxonomy of this plant?,String,Sesbania,0,0,0,infoseek,0,0,0,oven_05040617,infoseek_val_00029953
Millennium of Russia,https://en.wikipedia.org/wiki/Millennium_of_Russia,Which city or region does this building locate in?,Which city or region does this building locate in?,String,Veliky Novgorod,0,0,0,infoseek,0,0,0,oven_05011417,infoseek_val_00029973
Lake Teletskoye,https://en.wikipedia.org/wiki/Lake_Teletskoye,What is the basin country to the lake?,What is the basin country to the lake?,String,Russia,0,0,0,infoseek,0,0,0,oven_05015182,infoseek_val_00030019
Long-billed thrasher,https://en.wikipedia.org/wiki/Long-billed_thrasher,What is the closest parent taxonomy of this bird?,What is the closest parent taxonomy of this bird?,String,Toxostoma,0,0,0,infoseek,0,0,0,oven_05030423,infoseek_val_00030103
Coconut,https://en.wikipedia.org/wiki/Coconut,What is the closest parent taxonomy of this plant?,What is the closest parent taxonomy of this plant?,String,Cocos,0,0,0,infoseek,0,0,0,oven_04945164,infoseek_val_00030143
Huhu beetle,https://en.wikipedia.org/wiki/Huhu_beetle,What is the closest upper taxonomy of this insect?,What is the closest upper taxonomy of this insect?,String,Prionoplus,0,0,0,infoseek,0,0,0,oven_05030924,infoseek_val_00030388
Arctic hare,https://en.wikipedia.org/wiki/Arctic_hare,What is the closest upper taxonomy of this animal?,What is the closest upper taxonomy of this animal?,String,Lepus,0,0,0,infoseek,0,0,0,oven_05050183,infoseek_val_00030437
Looshaus,https://en.wikipedia.org/wiki/Looshaus,Who commissioned this building?,Who commissioned this building?,String,Leopold Goldman,0,0,0,infoseek,0,0,0,oven_05017663,infoseek_val_00030490
Lonicera maackii,https://en.wikipedia.org/wiki/Lonicera_maackii,What is the closest upper taxonomy of this plant?,What is the closest upper taxonomy of this plant?,String,Lonicera,0,0,0,infoseek,0,0,0,oven_05032229,infoseek_val_00030514
Ophrys sphegodes,https://en.wikipedia.org/wiki/Ophrys_sphegodes,What is the closest parent taxonomy of this plant?,What is the closest parent taxonomy of this plant?,String,Ophrys,0,0,0,infoseek,0,0,0,oven_05067066,infoseek_val_00030601
Linum,https://en.wikipedia.org/wiki/Linum,What is the closest upper taxonomy of this plant?,What is the closest upper taxonomy of this plant?,String,Linaceae,0,0,0,infoseek,0,0,0,oven_05030237,infoseek_val_00030775
Cynoglossum officinale,https://en.wikipedia.org/wiki/Cynoglossum_officinale,What is the closest parent taxonomy of this plant?,What is the closest parent taxonomy of this plant?,String,Cynoglossum,0,0,0,infoseek,0,0,0,oven_05040055,infoseek_val_00030791
Wandering albatross,https://en.wikipedia.org/wiki/Wandering_albatross,"What is the conservation status of this bird? (The status is assigned by the international union for conservation of nature. Choose one among Endangered,Least Concern,Critically Endangered,extinct species,extinct in the wild,Vulnerable,Near Threatened,Data Deficient)","What is the conservation status of this bird? (The status is assigned by the international union for conservation of nature. Choose one among Endangered,Least Concern,Critically Endangered,extinct species,extinct in the wild,Vulnerable,Near Threatened,Data Deficient)",String,Vulnerable,0,0,0,infoseek,0,0,0,oven_05049235,infoseek_val_00030870
Scudderia furcata,https://en.wikipedia.org/wiki/Scudderia_furcata,What is the closest parent taxonomy of this insect?,What is the closest parent taxonomy of this insect?,String,Scudderia,0,0,0,infoseek,0,0,0,oven_05030464,infoseek_val_00030871
Berberis vulgaris,https://en.wikipedia.org/wiki/Berberis_vulgaris,What is the closest parent taxonomy of this plant?,What is the closest parent taxonomy of this plant?,String,Berberis,0,0,0,infoseek,0,0,0,oven_05041499,infoseek_val_00030900
Phlox subulata,https://en.wikipedia.org/wiki/Phlox_subulata,What is the closest upper taxonomy of this plant?,What is the closest upper taxonomy of this plant?,String,Phlox,0,0,0,infoseek,0,0,0,oven_05069120,infoseek_val_00030924
Pluteus cervinus,https://en.wikipedia.org/wiki/Pluteus_cervinus,What is the closest upper taxonomy of this plant?,What is the closest upper taxonomy of this plant?,String,Pluteus,0,0,0,infoseek,0,0,0,oven_05038119,infoseek_val_00030926
Clepsis peritana,https://en.wikipedia.org/wiki/Clepsis_peritana,What is the closest upper taxonomy of this insect?,What is the closest upper taxonomy of this insect?,String,Clepsis,0,0,0,infoseek,0,0,0,oven_05038027,infoseek_val_00030941
Schlern,https://en.wikipedia.org/wiki/Schlern,What is the sea level in metre of this mountain?,What is the sea level in metre of this mountain?,Numerical,2563,0,0,0,infoseek,0,0,0,oven_05023041,infoseek_val_00030945
Quercus myrtifolia,https://en.wikipedia.org/wiki/Quercus_myrtifolia,What is the closest upper taxonomy of this plant?,What is the closest upper taxonomy of this plant?,String,Quercus,0,0,0,infoseek,0,0,0,oven_05067690,infoseek_val_00030993
Agha Bozorg Mosque,https://en.wikipedia.org/wiki/Agha_Bozorg_Mosque,What is the location of this building?,What is the location of this building?,String,Kashan,0,0,0,infoseek,0,0,0,oven_05017587,infoseek_val_00031043
Calgary,https://en.wikipedia.org/wiki/Calgary,In which year was this place first mentioned in writing?,In which year was this place first mentioned in writing?,Time,1875,0,0,0,infoseek,0,0,0,oven_05019712,infoseek_val_00031061
Anıtkabir,https://en.wikipedia.org/wiki/An%C4%B1tkabir,What is the height of this building in metre?,What is the height of this building in metre?,Numerical,17,0,0,0,infoseek,0,0,0,oven_05026508,infoseek_val_00031132
"Chapel of the Resurrection (Valparaiso, Indiana)","https://en.wikipedia.org/wiki/Chapel_of_the_Resurrection_(Valparaiso,_Indiana)",Who is the owner of this building?,Who is the owner of this building?,String,Valparaiso University,0,0,0,infoseek,0,0,0,oven_05017398,infoseek_val_00031133
Dryopteris carthusiana,https://en.wikipedia.org/wiki/Dryopteris_carthusiana,What is the closest parent taxonomy of this plant?,What is the closest parent taxonomy of this plant?,String,Dryopteris,0,0,0,infoseek,0,0,0,oven_05034377,infoseek_val_00031158
Veronica officinalis,https://en.wikipedia.org/wiki/Veronica_officinalis,What is the closest upper taxonomy of this plant?,What is the closest upper taxonomy of this plant?,String,Veronica,0,0,0,infoseek,0,0,0,oven_05034434,infoseek_val_00031198
Rhodiola rosea,https://en.wikipedia.org/wiki/Rhodiola_rosea,What is the closest parent taxonomy of this plant?,What is the closest parent taxonomy of this plant?,String,Rhodiola,0,0,0,infoseek,0,0,0,oven_05042742,infoseek_val_00031216
Calochortus amabilis,https://en.wikipedia.org/wiki/Calochortus_amabilis,What is the closest upper taxonomy of this plant?,What is the closest upper taxonomy of this plant?,String,Calochortus,0,0,0,infoseek,0,0,0,oven_05044165,infoseek_val_00031219
Striped bark scorpion,https://en.wikipedia.org/wiki/Striped_bark_scorpion,What is the closest upper taxonomy of this insect?,What is the closest upper taxonomy of this insect?,String,Centruroides,0,0,0,infoseek,0,0,0,oven_05041416,infoseek_val_00031322
Windermere,https://en.wikipedia.org/wiki/Windermere,What is the height of this lake in terms of metre above sea level?,What is the height of this lake in terms of metre above sea level?,Numerical,39,0,0,0,infoseek,0,0,0,oven_05020188,infoseek_val_00031334
Zion Canyon,https://en.wikipedia.org/wiki/Zion_Canyon,Which protected area is this place usually located in?,Which protected area is this place usually located in?,String,Zion National Park,0,0,0,infoseek,0,0,0,oven_05023118,infoseek_val_00031411
Quercus michauxii,https://en.wikipedia.org/wiki/Quercus_michauxii,What is the closest parent taxonomy of this plant?,What is the closest parent taxonomy of this plant?,String,Quercus,0,0,0,infoseek,0,0,0,oven_05033840,infoseek_val_00031432
Yellow-footed gull,https://en.wikipedia.org/wiki/Yellow-footed_gull,how many centimetre is the wingspan of this bird?,how many centimetre is the wingspan of this bird?,Numerical,142.0-155.0,0,0,0,infoseek,0,0,0,oven_05038230,infoseek_val_00031550
Charles Bridge,https://en.wikipedia.org/wiki/Charles_Bridge,Which city or region does this bridge locate in?,Which city or region does this bridge locate in?,String,Malá Strana|Old Town|Prague 1,0,0,0,infoseek,0,0,0,oven_05025851,infoseek_val_00031551
Scottish National Gallery,https://en.wikipedia.org/wiki/Scottish_National_Gallery,Who designed this building?,Who designed this building?,String,William Henry Playfair,0,0,0,infoseek,0,0,0,oven_05014527,infoseek_val_00031631
Paper,https://en.wikipedia.org/wiki/Paper,What is this material named after?,What is this material named after?,String,papyrus,0,0,0,infoseek,0,0,0,oven_04950314,infoseek_val_00031661
Greenhouse millipede,https://en.wikipedia.org/wiki/Greenhouse_millipede,What is the closest parent taxonomy of this animal?,What is the closest parent taxonomy of this animal?,String,Oxidus,0,0,0,infoseek,0,0,0,oven_05040629,infoseek_val_00031769
Olive,https://en.wikipedia.org/wiki/Olive,where is this plant originally discovered?,where is this plant originally discovered?,String,Mediterranean Basin,0,0,0,infoseek,0,0,0,oven_04945090,infoseek_val_00031868
Erodium,https://en.wikipedia.org/wiki/Erodium,What is the closest upper taxonomy of this plant?,What is the closest upper taxonomy of this plant?,String,Geraniaceae,0,0,0,infoseek,0,0,0,oven_05068725,infoseek_val_00031886
Menai Suspension Bridge,https://en.wikipedia.org/wiki/Menai_Suspension_Bridge,How long in metre is the longest span of this building?,How long in metre is the longest span of this building?,Numerical,176,0,0,0,infoseek,0,0,0,oven_05026593,infoseek_val_00031975
Compact Disc Digital Audio,https://en.wikipedia.org/wiki/Compact_Disc_Digital_Audio,What is the data transfer speed of this object (bit per second)?,What is the data transfer speed of this object (bit per second)?,Numerical,1411200,0,0,0,infoseek,0,0,0,oven_05051957,infoseek_val_00032077
Gradac Monastery,https://en.wikipedia.org/wiki/Gradac_Monastery,Who is the founder of the building in the image?,Who is the founder of the building in the image?,String,Helen of Anjou,0,0,0,infoseek,0,0,0,oven_05012803,infoseek_val_00032146
Great black-backed gull,https://en.wikipedia.org/wiki/Great_black-backed_gull,What is the closest parent taxonomy of this bird?,What is the closest parent taxonomy of this bird?,String,Larus,0,0,0,infoseek,0,0,0,oven_05031679,infoseek_val_00032151
Rohtas Fort,https://en.wikipedia.org/wiki/Rohtas_Fort,What country does this building belong to?,What country does this building belong to?,String,Pakistan,0,0,0,infoseek,0,0,0,oven_05017269,infoseek_val_00032172
Yucatan jay,https://en.wikipedia.org/wiki/Yucatan_jay,"What is the conservation status of this bird? (The status is assigned by the international union for conservation of nature. Choose one among Endangered,Least Concern,Critically Endangered,extinct species,extinct in the wild,Vulnerable,Near Threatened,Data Deficient)","What is the conservation status of this bird? (The status is assigned by the international union for conservation of nature. Choose one among Endangered,Least Concern,Critically Endangered,extinct species,extinct in the wild,Vulnerable,Near Threatened,Data Deficient)",String,Least Concern,0,0,0,infoseek,0,0,0,oven_05036861,infoseek_val_00032251
Leek,https://en.wikipedia.org/wiki/Leek,What is the source that produces this food?,What is the source that produces this food?,String,Allium ampeloprasum var. porrum|Allium ampeloprasum Leek Group,0,0,0,infoseek,0,0,0,oven_04949120,infoseek_val_00032316
Hereford Cathedral,https://en.wikipedia.org/wiki/Hereford_Cathedral,What is this building dedicated to?,What is this building dedicated to?,String,Virgin Mary|Æthelberht II,0,0,0,infoseek,0,0,0,oven_05012402,infoseek_val_00032317
Mergus,https://en.wikipedia.org/wiki/Mergus,What is the closest upper taxonomy of this bird?,What is the closest upper taxonomy of this bird?,String,Anatinae,0,0,0,infoseek,0,0,0,oven_05048468,infoseek_val_00032328
Angelica,https://en.wikipedia.org/wiki/Angelica,What is the closest upper taxonomy of this plant?,What is the closest upper taxonomy of this plant?,String,Apiaceae,0,0,0,infoseek,0,0,0,oven_05063857,infoseek_val_00032359
Pont des Invalides,https://en.wikipedia.org/wiki/Pont_des_Invalides,In which year did this bridge officially open?,In which year did this bridge officially open?,Time,1855,0,0,0,infoseek,0,0,0,oven_05014732,infoseek_val_00032493
Tradescantia virginiana,https://en.wikipedia.org/wiki/Tradescantia_virginiana,What is the closest parent taxonomy of this plant?,What is the closest parent taxonomy of this plant?,String,Tradescantia,0,0,0,infoseek,0,0,0,oven_05032319,infoseek_val_00032499
Fork-tailed drongo,https://en.wikipedia.org/wiki/Fork-tailed_drongo,"What is the conservation status of this bird? (The status is assigned by the international union for conservation of nature. Choose one among Endangered,Least Concern,Critically Endangered,extinct species,extinct in the wild,Vulnerable,Near Threatened,Data Deficient)","What is the conservation status of this bird? (The status is assigned by the international union for conservation of nature. Choose one among Endangered,Least Concern,Critically Endangered,extinct species,extinct in the wild,Vulnerable,Near Threatened,Data Deficient)",String,Least Concern,0,0,0,infoseek,0,0,0,oven_05044084,infoseek_val_00032537
Shrimp and grits,https://en.wikipedia.org/wiki/Shrimp_and_grits,What is the country of origin of this food?,What is the country of origin of this food?,String,United States of America,0,0,0,infoseek,0,0,0,oven_05027527,infoseek_val_00032616
Hibiscus laevis,https://en.wikipedia.org/wiki/Hibiscus_laevis,What is the closest upper taxonomy of this plant?,What is the closest upper taxonomy of this plant?,String,Hibiscus,0,0,0,infoseek,0,0,0,oven_05038380,infoseek_val_00032663
Scissor-tailed flycatcher,https://en.wikipedia.org/wiki/Scissor-tailed_flycatcher,What is the closest parent taxonomy of this bird?,What is the closest parent taxonomy of this bird?,String,Kingbird,0,0,0,infoseek,0,0,0,oven_05040040,infoseek_val_00032696
Hot and sour soup,https://en.wikipedia.org/wiki/Hot_and_sour_soup,What is the country of origin of this food?,What is the country of origin of this food?,String,China,0,0,0,infoseek,0,0,0,oven_05027587,infoseek_val_00032770
Marble Bridge,https://en.wikipedia.org/wiki/Marble_Bridge,Which city or region does this bridge locate in?,Which city or region does this bridge locate in?,String,Pushkin,0,0,0,infoseek,0,0,0,oven_05024893,infoseek_val_00032794
Paeonia brownii,https://en.wikipedia.org/wiki/Paeonia_brownii,What is the closest upper taxonomy of this plant?,What is the closest upper taxonomy of this plant?,String,Paeonia,0,0,0,infoseek,0,0,0,oven_05037776,infoseek_val_00032805
Erythemis vesiculosa,https://en.wikipedia.org/wiki/Erythemis_vesiculosa,What is the closest parent taxonomy of this insect?,What is the closest parent taxonomy of this insect?,String,Erythemis,0,0,0,infoseek,0,0,0,oven_05042093,infoseek_val_00032821
Callirhoe involucrata,https://en.wikipedia.org/wiki/Callirhoe_involucrata,What is the closest parent taxonomy of this plant?,What is the closest parent taxonomy of this plant?,String,Callirhoe,0,0,0,infoseek,0,0,0,oven_05040275,infoseek_val_00032851
Edzell Castle,https://en.wikipedia.org/wiki/Edzell_Castle,Which historic county does this building belong to?,Which historic county does this building belong to?,String,Angus,0,0,0,infoseek,0,0,0,oven_05017092,infoseek_val_00032852
Megathura crenulata,https://en.wikipedia.org/wiki/Megathura_crenulata,What is the closest upper taxonomy of this animal?,What is the closest upper taxonomy of this animal?,String,Megathura,0,0,0,infoseek,0,0,0,oven_05042361,infoseek_val_00033061
Chkalov Stairs,https://en.wikipedia.org/wiki/Chkalov_Stairs,What country does this building belong to?,What country does this building belong to?,String,Russia,0,0,0,infoseek,0,0,0,oven_05014937,infoseek_val_00033093
Bodrum Castle,https://en.wikipedia.org/wiki/Bodrum_Castle,Who is the owner of this building?,Who is the owner of this building?,String,Order of Hospitallers,0,0,0,infoseek,0,0,0,oven_05015130,infoseek_val_00033183
Kusumba Mosque,https://en.wikipedia.org/wiki/Kusumba_Mosque,Which city or region does this facility locate in?,Which city or region does this facility locate in?,String,Naogaon District,0,0,0,infoseek,0,0,0,oven_05021476,infoseek_val_00033192
Patalene olyzonaria,https://en.wikipedia.org/wiki/Patalene_olyzonaria,What is the closest upper taxonomy of this insect?,What is the closest upper taxonomy of this insect?,String,Patalene,0,0,0,infoseek,0,0,0,oven_05041968,infoseek_val_00033220
High Level Bridge (Edmonton),https://en.wikipedia.org/wiki/High_Level_Bridge_(Edmonton),On what date did this bridge officially open?,On what date did this bridge officially open?,Time,1913 6 2,0,0,0,infoseek,0,0,0,oven_05024579,infoseek_val_00033232
Charles Bridge,https://en.wikipedia.org/wiki/Charles_Bridge,In which year did this bridge officially open?,In which year did this bridge officially open?,Time,1402,0,0,0,infoseek,0,0,0,oven_05025884,infoseek_val_00033247
Schizachyrium scoparium,https://en.wikipedia.org/wiki/Schizachyrium_scoparium,Which place is this plant endemic to?,Which place is this plant endemic to?,String,United States of America,0,0,0,infoseek,0,0,0,oven_05035876,infoseek_val_00033310
Mimulus ringens,https://en.wikipedia.org/wiki/Mimulus_ringens,What is the closest upper taxonomy of this plant?,What is the closest upper taxonomy of this plant?,String,Mimulus,0,0,0,infoseek,0,0,0,oven_05041019,infoseek_val_00033341
Common frog,https://en.wikipedia.org/wiki/Common_frog,What is the closest parent taxonomy of this animal?,What is the closest parent taxonomy of this animal?,String,Rana,0,0,0,infoseek,0,0,0,oven_05033598,infoseek_val_00033344
Mont Aiguille,https://en.wikipedia.org/wiki/Mont_Aiguille,which mountain range is this mountain belong to?,which mountain range is this mountain belong to?,String,Vercors Plateau,0,0,0,infoseek,0,0,0,oven_05023190,infoseek_val_00033376
Citron,https://en.wikipedia.org/wiki/Citron,What is the closest upper taxonomy of this plant?,What is the closest upper taxonomy of this plant?,String,Citrus,0,0,0,infoseek,0,0,0,oven_05063341,infoseek_val_00033382
Snowy owl,https://en.wikipedia.org/wiki/Snowy_owl,What is the closest parent taxonomy of this bird?,What is the closest parent taxonomy of this bird?,String,Bubo,0,0,0,infoseek,0,0,0,oven_05044649,infoseek_val_00033394
New Brighton Lighthouse,https://en.wikipedia.org/wiki/New_Brighton_Lighthouse,In which year was this building retired from operational service?,In which year was this building retired from operational service?,Time,1973,0,0,0,infoseek,0,0,0,oven_05014704,infoseek_val_00033460
Audubon's oriole,https://en.wikipedia.org/wiki/Audubon%27s_oriole,What is the closest upper taxonomy of this bird?,What is the closest upper taxonomy of this bird?,String,Icterus,0,0,0,infoseek,0,0,0,oven_05038887,infoseek_val_00033504
Ternopil Castle,https://en.wikipedia.org/wiki/Ternopil_Castle,What country does this building belong to?,What country does this building belong to?,String,Ukraine,0,0,0,infoseek,0,0,0,oven_05011883,infoseek_val_00033521
Kirkstall Abbey,https://en.wikipedia.org/wiki/Kirkstall_Abbey,What is the principal house or community for this building?,What is the principal house or community for this building?,String,Fountains Abbey,0,0,0,infoseek,0,0,0,oven_05019380,infoseek_val_00033559
Teloschistes chrysophthalmus,https://en.wikipedia.org/wiki/Teloschistes_chrysophthalmus,What is the closest upper taxonomy of this plant?,What is the closest upper taxonomy of this plant?,String,Teloschistes,0,0,0,infoseek,0,0,0,oven_05039243,infoseek_val_00033608
Vologda,https://en.wikipedia.org/wiki/Vologda,In which year was this place first mentioned in writing?,In which year was this place first mentioned in writing?,Time,1147,0,0,0,infoseek,0,0,0,oven_05014207,infoseek_val_00033632
Myrsine australis,https://en.wikipedia.org/wiki/Myrsine_australis,Where is this plant native to?,Where is this plant native to?,String,New Zealand,0,0,0,infoseek,0,0,0,oven_05030688,infoseek_val_00033665
Picea glauca,https://en.wikipedia.org/wiki/Picea_glauca,What is the closest parent taxonomy of this plant?,What is the closest parent taxonomy of this plant?,String,Picea,0,0,0,infoseek,0,0,0,oven_05029056,infoseek_val_00033722
Yenidze,https://en.wikipedia.org/wiki/Yenidze,Which city or region does this building locate in?,Which city or region does this building locate in?,String,Dresden,0,0,0,infoseek,0,0,0,oven_05011217,infoseek_val_00033751
Xochicalco,https://en.wikipedia.org/wiki/Xochicalco,Which city or region does this place locate in?,Which city or region does this place locate in?,String,Miacatlán Municipality,0,0,0,infoseek,0,0,0,oven_05013419,infoseek_val_00033779
Abronia (plant),https://en.wikipedia.org/wiki/Abronia_(plant),What is the closest upper taxonomy of this plant?,What is the closest upper taxonomy of this plant?,String,Nyctaginaceae,0,0,0,infoseek,0,0,0,oven_05066555,infoseek_val_00033791
Machu Picchu,https://en.wikipedia.org/wiki/Machu_Picchu,Which culture is associated with this building?,Which culture is associated with this building?,String,Inca Empire,0,0,0,infoseek,0,0,0,oven_05024327,infoseek_val_00033830
Rila Monastery,https://en.wikipedia.org/wiki/Rila_Monastery,Which (geo)physical feature is the building located in or on?,Which (geo)physical feature is the building located in or on?,String,Rila,0,0,0,infoseek,0,0,0,oven_05018277,infoseek_val_00033832
Betula nigra,https://en.wikipedia.org/wiki/Betula_nigra,What is the closest parent taxonomy of this plant?,What is the closest parent taxonomy of this plant?,String,Betula,0,0,0,infoseek,0,0,0,oven_05031590,infoseek_val_00033877
Coscoroba swan,https://en.wikipedia.org/wiki/Coscoroba_swan,What is the closest parent taxonomy of this bird?,What is the closest parent taxonomy of this bird?,String,Coscoroba,0,0,0,infoseek,0,0,0,oven_05048567,infoseek_val_00033918
"Lahori Gate, Delhi","https://en.wikipedia.org/wiki/Lahori_Gate,_Delhi",What is this building named after?,What is this building named after?,String,Lahore,0,0,0,infoseek,0,0,0,oven_05018856,infoseek_val_00034019
Dacrydium cupressinum,https://en.wikipedia.org/wiki/Dacrydium_cupressinum,Which place is this plant endemic to?,Which place is this plant endemic to?,String,New Zealand,0,0,0,infoseek,0,0,0,oven_05045803,infoseek_val_00034055
American pika,https://en.wikipedia.org/wiki/American_pika,How heavy does this animal typically grow up to in terms of gram?,How heavy does this animal typically grow up to in terms of gram?,Numerical,121.0-176.0,0,0,0,infoseek,0,0,0,oven_05032867,infoseek_val_00034064
Roman bridge of Salamanca,https://en.wikipedia.org/wiki/Roman_bridge_of_Salamanca,what has this building crossed over?,what has this building crossed over?,String,Tormes,0,0,0,infoseek,0,0,0,oven_05013128,infoseek_val_00034112
Spined micrathena,https://en.wikipedia.org/wiki/Spined_micrathena,What is the closest parent taxonomy of this insect?,What is the closest parent taxonomy of this insect?,String,Micrathena,0,0,0,infoseek,0,0,0,oven_05039056,infoseek_val_00034192
Ellora Caves,https://en.wikipedia.org/wiki/Ellora_Caves,What country does this building belong to?,What country does this building belong to?,String,India,0,0,0,infoseek,0,0,0,oven_05011348,infoseek_val_00034248
Nephrops norvegicus,https://en.wikipedia.org/wiki/Nephrops_norvegicus,What is the closest parent taxonomy of this animal?,What is the closest parent taxonomy of this animal?,String,Nephrops,0,0,0,infoseek,0,0,0,oven_05048826,infoseek_val_00034293
"City Palace, Jaipur","https://en.wikipedia.org/wiki/City_Palace,_Jaipur",What country does this building belong to?,What country does this building belong to?,String,India,0,0,0,infoseek,0,0,0,oven_05014595,infoseek_val_00034372
Chichester Cathedral,https://en.wikipedia.org/wiki/Chichester_Cathedral,What is the height of this building in foot?,What is the height of this building in foot?,Numerical,277,0,0,0,infoseek,0,0,0,oven_05013567,infoseek_val_00034435
Smilax tamnoides,https://en.wikipedia.org/wiki/Smilax_tamnoides,What is the closest parent taxonomy of this plant?,What is the closest parent taxonomy of this plant?,String,Smilax,0,0,0,infoseek,0,0,0,oven_05041726,infoseek_val_00034448
Elbphilharmonie,https://en.wikipedia.org/wiki/Elbphilharmonie,On what date did this building officially open?,On what date did this building officially open?,Time,2017 1 11,0,0,0,infoseek,0,0,0,oven_05025981,infoseek_val_00034482
Black-cheeked woodpecker,https://en.wikipedia.org/wiki/Black-cheeked_woodpecker,What is the closest parent taxonomy of this bird?,What is the closest parent taxonomy of this bird?,String,Melanerpes,0,0,0,infoseek,0,0,0,oven_05030476,infoseek_val_00034523
Denali,https://en.wikipedia.org/wiki/Denali,What is the location of this mountain?,What is the location of this mountain?,String,Denali National Park and Preserve,0,0,0,infoseek,0,0,0,oven_04944614,infoseek_val_00034542
Acer macrophyllum,https://en.wikipedia.org/wiki/Acer_macrophyllum,Which geographic area is this plant found?,Which geographic area is this plant found?,String,Western Oregon,0,0,0,infoseek,0,0,0,oven_05038542,infoseek_val_00034593
Hudsonian godwit,https://en.wikipedia.org/wiki/Hudsonian_godwit,What is the closest upper taxonomy of this bird?,What is the closest upper taxonomy of this bird?,String,Limosa,0,0,0,infoseek,0,0,0,oven_05041598,infoseek_val_00034626
Didymops transversa,https://en.wikipedia.org/wiki/Didymops_transversa,What is the closest upper taxonomy of this insect?,What is the closest upper taxonomy of this insect?,String,Didymops,0,0,0,infoseek,0,0,0,oven_05045378,infoseek_val_00034683
Common kingfisher,https://en.wikipedia.org/wiki/Common_kingfisher,What is the length of the wingspan in centimetre of this bird?,What is the length of the wingspan in centimetre of this bird?,Numerical,25,0,0,0,infoseek,0,0,0,oven_05040778,infoseek_val_00034685
Whinchat,https://en.wikipedia.org/wiki/Whinchat,What is the closest upper taxonomy of this bird?,What is the closest upper taxonomy of this bird?,String,Saxicola,0,0,0,infoseek,0,0,0,oven_05032748,infoseek_val_00034754
Schlern,https://en.wikipedia.org/wiki/Schlern,What country does this mountain belong to?,What country does this mountain belong to?,String,Italy,0,0,0,infoseek,0,0,0,oven_05023042,infoseek_val_00034757
Heidecksburg,https://en.wikipedia.org/wiki/Heidecksburg,Which city or region does this building locate in?,Which city or region does this building locate in?,String,Rudolstadt,0,0,0,infoseek,0,0,0,oven_05023689,infoseek_val_00034778
Althaea officinalis,https://en.wikipedia.org/wiki/Althaea_officinalis,What is the closest parent taxonomy of this plant?,What is the closest parent taxonomy of this plant?,String,Althaea,0,0,0,infoseek,0,0,0,oven_05027020,infoseek_val_00034806
Swastika,https://en.wikipedia.org/wiki/Swastika,What is the source of origin of this object?,What is the source of origin of this object?,String,Eurasia,0,0,0,infoseek,0,0,0,oven_05062620,infoseek_val_00035076
Common yellowthroat,https://en.wikipedia.org/wiki/Common_yellowthroat,What is the closest parent taxonomy of this bird?,What is the closest parent taxonomy of this bird?,String,Geothlypis,0,0,0,infoseek,0,0,0,oven_05044741,infoseek_val_00035116
Legoland Windsor Resort,https://en.wikipedia.org/wiki/Legoland_Windsor_Resort,In which year did this park officially open?,In which year did this park officially open?,Time,1996,0,0,0,infoseek,0,0,0,oven_05016084,infoseek_val_00035139
Hippeastrum,https://en.wikipedia.org/wiki/Hippeastrum,What is the closest parent taxonomy of this plant?,What is the closest parent taxonomy of this plant?,String,Amaryllidaceae,0,0,0,infoseek,0,0,0,oven_05027347,infoseek_val_00035154
Cupressus macrocarpa,https://en.wikipedia.org/wiki/Cupressus_macrocarpa,Which place is this plant endemic to?,Which place is this plant endemic to?,String,California,0,0,0,infoseek,0,0,0,oven_05031195,infoseek_val_00035167
Croton capitatus,https://en.wikipedia.org/wiki/Croton_capitatus,What is the closest upper taxonomy of this plant?,What is the closest upper taxonomy of this plant?,String,Croton,0,0,0,infoseek,0,0,0,oven_05039547,infoseek_val_00035268
Saxon Railway Museum,https://en.wikipedia.org/wiki/Saxon_Railway_Museum,In which year did this building officially open?,In which year did this building officially open?,Time,1992,0,0,0,infoseek,0,0,0,oven_05022431,infoseek_val_00035300
Syntomoides imaon,https://en.wikipedia.org/wiki/Syntomoides_imaon,What is the closest parent taxonomy of this insect?,What is the closest parent taxonomy of this insect?,String,Syntomoides,0,0,0,infoseek,0,0,0,oven_05037386,infoseek_val_00035303
Citadel of Erbil,https://en.wikipedia.org/wiki/Citadel_of_Erbil,Which city or region does this building locate in?,Which city or region does this building locate in?,String,Erbil,0,0,0,infoseek,0,0,0,oven_05026003,infoseek_val_00035317
Black-legged kittiwake,https://en.wikipedia.org/wiki/Black-legged_kittiwake,What is the closest upper taxonomy of this bird?,What is the closest upper taxonomy of this bird?,String,Rissa,0,0,0,infoseek,0,0,0,oven_05045890,infoseek_val_00035331
Decollate snail,https://en.wikipedia.org/wiki/Decollate_snail,What is the closest parent taxonomy of this animal?,What is the closest parent taxonomy of this animal?,String,Rumina,0,0,0,infoseek,0,0,0,oven_05033256,infoseek_val_00035344
Hammershus,https://en.wikipedia.org/wiki/Hammershus,What is the location of this building?,What is the location of this building?,String,Hammeren,0,0,0,infoseek,0,0,0,oven_05014992,infoseek_val_00035382
Ratibida columnifera,https://en.wikipedia.org/wiki/Ratibida_columnifera,What is the closest upper taxonomy of this plant?,What is the closest upper taxonomy of this plant?,String,Ratibida,0,0,0,infoseek,0,0,0,oven_05042190,infoseek_val_00035420
Miomantis caffra,https://en.wikipedia.org/wiki/Miomantis_caffra,What is the closest parent taxonomy of this insect?,What is the closest parent taxonomy of this insect?,String,Miomantis,0,0,0,infoseek,0,0,0,oven_05030661,infoseek_val_00035504
Crucian carp,https://en.wikipedia.org/wiki/Crucian_carp,What is the closest upper taxonomy of this fish?,What is the closest upper taxonomy of this fish?,String,Carassius,0,0,0,infoseek,0,0,0,oven_05046952,infoseek_val_00035556
Duttaphrynus melanostictus,https://en.wikipedia.org/wiki/Duttaphrynus_melanostictus,What is the closest parent taxonomy of this animal?,What is the closest parent taxonomy of this animal?,String,Duttaphrynus,0,0,0,infoseek,0,0,0,oven_05044187,infoseek_val_00035616
Nasir-ol-Molk Mosque,https://en.wikipedia.org/wiki/Nasir-ol-Molk_Mosque,Who commissioned this facility?,Who commissioned this facility?,String,Hassan Ali Nasir al-Molk,0,0,0,infoseek,0,0,0,oven_05013785,infoseek_val_00035694
Lindisfarne,https://en.wikipedia.org/wiki/Lindisfarne,What is the area in square kilometre occupied by this island?,What is the area in square kilometre occupied by this island?,Numerical,4,0,0,0,infoseek,0,0,0,oven_05012360,infoseek_val_00035708
Band-tailed pigeon,https://en.wikipedia.org/wiki/Band-tailed_pigeon,What is the closest parent taxonomy of this bird?,What is the closest parent taxonomy of this bird?,String,Patagioenas,0,0,0,infoseek,0,0,0,oven_05036815,infoseek_val_00035728
Two-striped garter snake,https://en.wikipedia.org/wiki/Two-striped_garter_snake,What is the closest upper taxonomy of this animal?,What is the closest upper taxonomy of this animal?,String,Garter snake,0,0,0,infoseek,0,0,0,oven_05029452,infoseek_val_00035760
Sedum album,https://en.wikipedia.org/wiki/Sedum_album,What is the closest parent taxonomy of this plant?,What is the closest parent taxonomy of this plant?,String,Sedum,0,0,0,infoseek,0,0,0,oven_05034705,infoseek_val_00035790
Liquidambar styraciflua,https://en.wikipedia.org/wiki/Liquidambar_styraciflua,What is the closest parent taxonomy of this plant?,What is the closest parent taxonomy of this plant?,String,Liquidambar,0,0,0,infoseek,0,0,0,oven_05044511,infoseek_val_00035816
Crabeater seal,https://en.wikipedia.org/wiki/Crabeater_seal,What is the closest parent taxonomy of this animal?,What is the closest parent taxonomy of this animal?,String,Lobodon,0,0,0,infoseek,0,0,0,oven_05049416,infoseek_val_00035817
Menai Suspension Bridge,https://en.wikipedia.org/wiki/Menai_Suspension_Bridge,Who designed this building?,Who designed this building?,String,Thomas Telford,0,0,0,infoseek,0,0,0,oven_05026556,infoseek_val_00035847
American golden plover,https://en.wikipedia.org/wiki/American_golden_plover,What is the closest parent taxonomy of this bird?,What is the closest parent taxonomy of this bird?,String,Pluvialis,0,0,0,infoseek,0,0,0,oven_05045295,infoseek_val_00035949
Airbus A310,https://en.wikipedia.org/wiki/Airbus_A310,What equipment or engine is used by this aircraft to provide power?,What equipment or engine is used by this aircraft to provide power?,String,Pratt & Whitney PW4000|JT9D|General Electric CF6,0,0,0,infoseek,0,0,0,oven_05009584,infoseek_val_00035995
Dubai Marina,https://en.wikipedia.org/wiki/Dubai_Marina,Which city or region does this place locate in?,Which city or region does this place locate in?,String,Emirate of Dubai,0,0,0,infoseek,0,0,0,oven_05023975,infoseek_val_00035997
Isatis tinctoria,https://en.wikipedia.org/wiki/Isatis_tinctoria,What is the closest upper taxonomy of this plant?,What is the closest upper taxonomy of this plant?,String,Isatis,0,0,0,infoseek,0,0,0,oven_05066735,infoseek_val_00036009
Vasco da Gama Bridge,https://en.wikipedia.org/wiki/Vasco_da_Gama_Bridge,How long in metre is the longest span of this bridge?,How long in metre is the longest span of this bridge?,Numerical,420,0,0,0,infoseek,0,0,0,oven_05013506,infoseek_val_00036042
Hospital de Sant Pau,https://en.wikipedia.org/wiki/Hospital_de_Sant_Pau,What country does this building belong to?,What country does this building belong to?,String,Spain,0,0,0,infoseek,0,0,0,oven_05017648,infoseek_val_00036069
Laetiporus gilbertsonii,https://en.wikipedia.org/wiki/Laetiporus_gilbertsonii,What is the closest parent taxonomy of this plant?,What is the closest parent taxonomy of this plant?,String,Laetiporus,0,0,0,infoseek,0,0,0,oven_05043637,infoseek_val_00036087
Pirin National Park,https://en.wikipedia.org/wiki/Pirin_National_Park,where is the highest point of this park?,where is the highest point of this park?,String,Vihren,0,0,0,infoseek,0,0,0,oven_05025393,infoseek_val_00036096
Vasco da Gama Bridge,https://en.wikipedia.org/wiki/Vasco_da_Gama_Bridge,"Which road, railway or canal does this bridge carry?","Which road, railway or canal does this bridge carry?",String,road,0,0,0,infoseek,0,0,0,oven_05013471,infoseek_val_00036124
Blackfriars Bridge,https://en.wikipedia.org/wiki/Blackfriars_Bridge,In which year did this bridge officially open?,In which year did this bridge officially open?,Time,1869,0,0,0,infoseek,0,0,0,oven_05015068,infoseek_val_00036210
Schneeberg (Alps),https://en.wikipedia.org/wiki/Schneeberg_(Alps),What is the height of this place in terms of metre above sea level?,What is the height of this place in terms of metre above sea level?,Numerical,2076,0,0,0,infoseek,0,0,0,oven_05012121,infoseek_val_00036308
Iztaccihuatl,https://en.wikipedia.org/wiki/Iztaccihuatl,Which continent does this place belong to?,Which continent does this place belong to?,String,Americas,0,0,0,infoseek,0,0,0,oven_05025022,infoseek_val_00036317
Römerberg,https://en.wikipedia.org/wiki/R%C3%B6merberg,Which city or region does this place locate in?,Which city or region does this place locate in?,String,Rhein-Pfalz,0,0,0,infoseek,0,0,0,oven_05010995,infoseek_val_00036363
New Brighton Lighthouse,https://en.wikipedia.org/wiki/New_Brighton_Lighthouse,What is the height of this building in metre?,What is the height of this building in metre?,Numerical,28.5,0,0,0,infoseek,0,0,0,oven_05014718,infoseek_val_00036400
Tortoiseshell,https://en.wikipedia.org/wiki/Tortoiseshell,What is the source that produces this material?,What is the source that produces this material?,String,turtle,0,0,0,infoseek,0,0,0,oven_05049600,infoseek_val_00036499
Packera glabella,https://en.wikipedia.org/wiki/Packera_glabella,What is the basionym of this plant?,What is the basionym of this plant?,String,Senecio glabellus,0,0,0,infoseek,0,0,0,oven_05035833,infoseek_val_00036527
Bouzov Castle,https://en.wikipedia.org/wiki/Bouzov_Castle,What country does this building belong to?,What country does this building belong to?,String,Czech Republic,0,0,0,infoseek,0,0,0,oven_05013945,infoseek_val_00036535
Bristol Harbour,https://en.wikipedia.org/wiki/Bristol_Harbour,Which city or region does this harbour locate in?,Which city or region does this harbour locate in?,String,City of Bristol,0,0,0,infoseek,0,0,0,oven_05021940,infoseek_val_00036637
Schloss Weimar,https://en.wikipedia.org/wiki/Schloss_Weimar,What is the architectural style of this building?,What is the architectural style of this building?,String,Neoclassical architecture,0,0,0,infoseek,0,0,0,oven_05016234,infoseek_val_00036639
Banteay Srei,https://en.wikipedia.org/wiki/Banteay_Srei,What country does this building belong to?,What country does this building belong to?,String,Cambodia,0,0,0,infoseek,0,0,0,oven_05024438,infoseek_val_00036671
Caprese salad,https://en.wikipedia.org/wiki/Caprese_salad,What is the country of origin of this food?,What is the country of origin of this food?,String,Italy,0,0,0,infoseek,0,0,0,oven_05027664,infoseek_val_00036718
Pasig Cathedral,https://en.wikipedia.org/wiki/Pasig_Cathedral,Which diocese does this building belong to?,Which diocese does this building belong to?,String,Diocese of Pasig,0,0,0,infoseek,0,0,0,oven_05022974,infoseek_val_00036721
Veronica anagallis-aquatica,https://en.wikipedia.org/wiki/Veronica_anagallis-aquatica,What is the closest parent taxonomy of this plant?,What is the closest parent taxonomy of this plant?,String,Veronica,0,0,0,infoseek,0,0,0,oven_05029491,infoseek_val_00036722
Irgenhausen Castrum,https://en.wikipedia.org/wiki/Irgenhausen_Castrum,What is the location of this building?,What is the location of this building?,String,Irgenhausen,0,0,0,infoseek,0,0,0,oven_05022288,infoseek_val_00036761
Cattle egret,https://en.wikipedia.org/wiki/Cattle_egret,What is the length of the wingspan in centimetre of this bird?,What is the length of the wingspan in centimetre of this bird?,Numerical,88.0-96.0,0,0,0,infoseek,0,0,0,oven_05048982,infoseek_val_00036762
Grand Trianon,https://en.wikipedia.org/wiki/Grand_Trianon,Who commissioned this building?,Who commissioned this building?,String,Louis XIV of France,0,0,0,infoseek,0,0,0,oven_05025227,infoseek_val_00036778
European green toad,https://en.wikipedia.org/wiki/European_green_toad,What is the closest parent taxonomy of this animal?,What is the closest parent taxonomy of this animal?,String,Bufotes,0,0,0,infoseek,0,0,0,oven_05030143,infoseek_val_00036825
Aristolochia serpentaria,https://en.wikipedia.org/wiki/Aristolochia_serpentaria,What is the closest parent taxonomy of this plant?,What is the closest parent taxonomy of this plant?,String,Aristolochia,0,0,0,infoseek,0,0,0,oven_05066242,infoseek_val_00036845
Meycauayan Church,https://en.wikipedia.org/wiki/Meycauayan_Church,What is this building named after?,What is this building named after?,String,Francis of Assisi,0,0,0,infoseek,0,0,0,oven_05024628,infoseek_val_00036884
Denali,https://en.wikipedia.org/wiki/Denali,What is the topographic prominence of this mountain?,What is the topographic prominence of this mountain?,Numerical,6155,0,0,0,infoseek,0,0,0,oven_04944626,infoseek_val_00036946
Epilobium brachycarpum,https://en.wikipedia.org/wiki/Epilobium_brachycarpum,What is the closest upper taxonomy of this plant?,What is the closest upper taxonomy of this plant?,String,Epilobium,0,0,0,infoseek,0,0,0,oven_05039640,infoseek_val_00036978
Melilotus albus,https://en.wikipedia.org/wiki/Melilotus_albus,What is the closest upper taxonomy of this plant?,What is the closest upper taxonomy of this plant?,String,Melilotus,0,0,0,infoseek,0,0,0,oven_05043364,infoseek_val_00036998
"Church of the Holy Archangels, Vagharshapat","https://en.wikipedia.org/wiki/Church_of_the_Holy_Archangels,_Vagharshapat",What country does this building belong to?,What country does this building belong to?,String,Armenia,0,0,0,infoseek,0,0,0,oven_05021890,infoseek_val_00037040
Niechorze Lighthouse,https://en.wikipedia.org/wiki/Niechorze_Lighthouse,Which body of water is this building located in or next to?,Which body of water is this building located in or next to?,String,Baltic Sea,0,0,0,infoseek,0,0,0,oven_05013699,infoseek_val_00037061
Casa Navàs,https://en.wikipedia.org/wiki/Casa_Nav%C3%A0s,Who is the architect of this building?,Who is the architect of this building?,String,Lluís Domènech i Montaner,0,0,0,infoseek,0,0,0,oven_05021562,infoseek_val_00037081
Phacelia cicutaria,https://en.wikipedia.org/wiki/Phacelia_cicutaria,What is the closest upper taxonomy of this plant?,What is the closest upper taxonomy of this plant?,String,Phacelia,0,0,0,infoseek,0,0,0,oven_05032180,infoseek_val_00037088
Carew Castle,https://en.wikipedia.org/wiki/Carew_Castle,Which historic county does this building belong to?,Which historic county does this building belong to?,String,Pembrokeshire,0,0,0,infoseek,0,0,0,oven_05024962,infoseek_val_00037090
Abelia,https://en.wikipedia.org/wiki/Abelia,What is this plant named after?,What is this plant named after?,String,Clarke Abel,0,0,0,infoseek,0,0,0,oven_05068578,infoseek_val_00037124
Bangkok railway station,https://en.wikipedia.org/wiki/Bangkok_railway_station,In which year did this building officially open?,In which year did this building officially open?,Time,1916,0,0,0,infoseek,0,0,0,oven_05011599,infoseek_val_00037161
Purple finch,https://en.wikipedia.org/wiki/Purple_finch,What is the closest parent taxonomy of this bird?,What is the closest parent taxonomy of this bird?,String,Haemorhous,0,0,0,infoseek,0,0,0,oven_05042019,infoseek_val_00037172
Sedum lanceolatum,https://en.wikipedia.org/wiki/Sedum_lanceolatum,What is the closest parent taxonomy of this plant?,What is the closest parent taxonomy of this plant?,String,Sedum,0,0,0,infoseek,0,0,0,oven_05036708,infoseek_val_00037258
Nyctemera annulata,https://en.wikipedia.org/wiki/Nyctemera_annulata,Where is this insect native to?,Where is this insect native to?,String,New Zealand,0,0,0,infoseek,0,0,0,oven_05044869,infoseek_val_00037273
Brown pelican,https://en.wikipedia.org/wiki/Brown_pelican,How many offspring can this bird produce at the same time?,How many offspring can this bird produce at the same time?,Numerical,2.4,0,0,0,infoseek,0,0,0,oven_05040320,infoseek_val_00037318
Boeing 767,https://en.wikipedia.org/wiki/Boeing_767,Who is the manufacturer of this aircraft?,Who is the manufacturer of this aircraft?,String,Boeing Commercial Airplanes,0,0,0,infoseek,0,0,0,oven_00001164,infoseek_val_00037361
Klausen Pass,https://en.wikipedia.org/wiki/Klausen_Pass,Which city or region does this mountain locate in?,Which city or region does this mountain locate in?,String,Uri|Unterschächen|Spiringen,0,0,0,infoseek,0,0,0,oven_05020708,infoseek_val_00037484
Ascomycota,https://en.wikipedia.org/wiki/Ascomycota,What is the closest parent taxonomy of this plant?,What is the closest parent taxonomy of this plant?,String,Dikarya,0,0,0,infoseek,0,0,0,oven_05069563,infoseek_val_00037491
Hoheria populnea,https://en.wikipedia.org/wiki/Hoheria_populnea,What is the closest parent taxonomy of this plant?,What is the closest parent taxonomy of this plant?,String,Hoheria,0,0,0,infoseek,0,0,0,oven_05030873,infoseek_val_00037492
Euphrasian Basilica,https://en.wikipedia.org/wiki/Euphrasian_Basilica,What country does this building belong to?,What country does this building belong to?,String,Croatia,0,0,0,infoseek,0,0,0,oven_05012080,infoseek_val_00037512
Umeda Sky Building,https://en.wikipedia.org/wiki/Umeda_Sky_Building,In which year did this building officially open?,In which year did this building officially open?,Time,1993,0,0,0,infoseek,0,0,0,oven_05011284,infoseek_val_00037546
Echinacea pallida,https://en.wikipedia.org/wiki/Echinacea_pallida,What is the closest parent taxonomy of this plant?,What is the closest parent taxonomy of this plant?,String,Echinacea,0,0,0,infoseek,0,0,0,oven_05035055,infoseek_val_00037552
Rila,https://en.wikipedia.org/wiki/Rila,What country does this mountain belong to?,What country does this mountain belong to?,String,Bulgaria,0,0,0,infoseek,0,0,0,oven_05016597,infoseek_val_00037558
Baclayon Church,https://en.wikipedia.org/wiki/Baclayon_Church,Which diocese does this building belong to?,Which diocese does this building belong to?,String,Diocese of Tagbilaran,0,0,0,infoseek,0,0,0,oven_05024118,infoseek_val_00037591
Enallagma vesperum,https://en.wikipedia.org/wiki/Enallagma_vesperum,"What is the conservation status of this insect? (The status is assigned by the international union for conservation of nature. Choose one among Endangered,Least Concern,Critically Endangered,extinct species,extinct in the wild,Vulnerable,Near Threatened,Data Deficient)","What is the conservation status of this insect? (The status is assigned by the international union for conservation of nature. Choose one among Endangered,Least Concern,Critically Endangered,extinct species,extinct in the wild,Vulnerable,Near Threatened,Data Deficient)",String,Least Concern,0,0,0,infoseek,0,0,0,oven_05033365,infoseek_val_00037645
Cuscuta gronovii,https://en.wikipedia.org/wiki/Cuscuta_gronovii,What is the closest upper taxonomy of this plant?,What is the closest upper taxonomy of this plant?,String,Cuscuta,0,0,0,infoseek,0,0,0,oven_05041853,infoseek_val_00037660
Monte Carlo Casino,https://en.wikipedia.org/wiki/Monte_Carlo_Casino,Who is the owner of this building?,Who is the owner of this building?,String,Société des bains de mer de Monaco,0,0,0,infoseek,0,0,0,oven_05010848,infoseek_val_00037711
Heron,https://en.wikipedia.org/wiki/Heron,What is the closest parent taxonomy of this bird?,What is the closest parent taxonomy of this bird?,String,Pelecaniformes,0,0,0,infoseek,0,0,0,oven_04945520,infoseek_val_00037713
Mission Santa Barbara,https://en.wikipedia.org/wiki/Mission_Santa_Barbara,Which city or region does this facility locate in?,Which city or region does this facility locate in?,String,Santa Barbara County,0,0,0,infoseek,0,0,0,oven_05010921,infoseek_val_00037732
Main building of Moscow State University,https://en.wikipedia.org/wiki/Main_building_of_Moscow_State_University,On what date did this building officially open?,On what date did this building officially open?,Time,1953 9 1,0,0,0,infoseek,0,0,0,oven_05018058,infoseek_val_00037811
Pfäffikersee,https://en.wikipedia.org/wiki/Pf%C3%A4ffikersee,What is the length of this lake in kilometre?,What is the length of this lake in kilometre?,Numerical,2.5,0,0,0,infoseek,0,0,0,oven_05018413,infoseek_val_00037817
Dayr-e Gachin,https://en.wikipedia.org/wiki/Dayr-e_Gachin,What is the area in square metre occupied by this building?,What is the area in square metre occupied by this building?,Numerical,12000,0,0,0,infoseek,0,0,0,oven_05026263,infoseek_val_00037822
Nelumbo lutea,https://en.wikipedia.org/wiki/Nelumbo_lutea,What is the closest upper taxonomy of this plant?,What is the closest upper taxonomy of this plant?,String,Nelumbo,0,0,0,infoseek,0,0,0,oven_05038486,infoseek_val_00037824
Australian brushturkey,https://en.wikipedia.org/wiki/Australian_brushturkey,Where is this bird native to?,Where is this bird native to?,String,Australia,0,0,0,infoseek,0,0,0,oven_05029935,infoseek_val_00037855
Wren,https://en.wikipedia.org/wiki/Wren,What is the closest upper taxonomy of this bird?,What is the closest upper taxonomy of this bird?,String,Passeri,0,0,0,infoseek,0,0,0,oven_04945289,infoseek_val_00037939
Nymphaea odorata,https://en.wikipedia.org/wiki/Nymphaea_odorata,What is the closest parent taxonomy of this plant?,What is the closest parent taxonomy of this plant?,String,Nymphaea,0,0,0,infoseek,0,0,0,oven_05045202,infoseek_val_00037948
Hierapolis,https://en.wikipedia.org/wiki/Hierapolis,Which city or region does this place locate in?,Which city or region does this place locate in?,String,Pamukkale,0,0,0,infoseek,0,0,0,oven_05016161,infoseek_val_00037971
Pro Football Hall of Fame,https://en.wikipedia.org/wiki/Pro_Football_Hall_of_Fame,Which city or region does this building locate in?,Which city or region does this building locate in?,String,Canton,0,0,0,infoseek,0,0,0,oven_05019581,infoseek_val_00037985
Rudbeckia laciniata,https://en.wikipedia.org/wiki/Rudbeckia_laciniata,What is the closest parent taxonomy of this plant?,What is the closest parent taxonomy of this plant?,String,Rudbeckia,0,0,0,infoseek,0,0,0,oven_05036268,infoseek_val_00038043
Punta della Dogana,https://en.wikipedia.org/wiki/Punta_della_Dogana,Which city or region does this building locate in?,Which city or region does this building locate in?,String,Venice,0,0,0,infoseek,0,0,0,oven_05013549,infoseek_val_00038081
Qeysarie Gate,https://en.wikipedia.org/wiki/Qeysarie_Gate,What is the architectural style of this place?,What is the architectural style of this place?,String,Safavid architecture,0,0,0,infoseek,0,0,0,oven_05021537,infoseek_val_00038085
Hymenophyllum demissum,https://en.wikipedia.org/wiki/Hymenophyllum_demissum,Which place is this plant endemic to?,Which place is this plant endemic to?,String,New Zealand,0,0,0,infoseek,0,0,0,oven_05043589,infoseek_val_00038122
Buick Enclave,https://en.wikipedia.org/wiki/Buick_Enclave,What is the immediately prior item that this vehicle follows in a series?,What is the immediately prior item that this vehicle follows in a series?,String,Buick Rainier|Buick Terraza,0,0,0,infoseek,0,0,0,oven_05010444,infoseek_val_00038142
Chäserrugg,https://en.wikipedia.org/wiki/Ch%C3%A4serrugg,which mountain range is this mountain belong to?,which mountain range is this mountain belong to?,String,Churfirsten,0,0,0,infoseek,0,0,0,oven_05013199,infoseek_val_00038177
Atalaya Castle (Spain),https://en.wikipedia.org/wiki/Atalaya_Castle_(Spain),What country does this building belong to?,What country does this building belong to?,String,Spain,0,0,0,infoseek,0,0,0,oven_05025952,infoseek_val_00038264
Brabo Fountain,https://en.wikipedia.org/wiki/Brabo_Fountain,In which year did this building officially open?,In which year did this building officially open?,Time,1887,0,0,0,infoseek,0,0,0,oven_05018209,infoseek_val_00038269
Trichostema dichotomum,https://en.wikipedia.org/wiki/Trichostema_dichotomum,What is the closest parent taxonomy of this plant?,What is the closest parent taxonomy of this plant?,String,Trichostema,0,0,0,infoseek,0,0,0,oven_05032583,infoseek_val_00038271
California thrasher,https://en.wikipedia.org/wiki/California_thrasher,What is the closest parent taxonomy of this bird?,What is the closest parent taxonomy of this bird?,String,Toxostoma,0,0,0,infoseek,0,0,0,oven_05031459,infoseek_val_00038313
"Begijnhof, Amsterdam","https://en.wikipedia.org/wiki/Begijnhof,_Amsterdam",Which city or region does this place locate in?,Which city or region does this place locate in?,String,Amsterdam,0,0,0,infoseek,0,0,0,oven_05016277,infoseek_val_00038359
Cuicocha,https://en.wikipedia.org/wiki/Cuicocha,What country does this lake belong to?,What country does this lake belong to?,String,Ecuador,0,0,0,infoseek,0,0,0,oven_05025046,infoseek_val_00038371
Western terrestrial garter snake,https://en.wikipedia.org/wiki/Western_terrestrial_garter_snake,What is the closest upper taxonomy of this animal?,What is the closest upper taxonomy of this animal?,String,Garter snake,0,0,0,infoseek,0,0,0,oven_05029821,infoseek_val_00038391
Silene coronaria,https://en.wikipedia.org/wiki/Silene_coronaria,What is the closest parent taxonomy of this plant?,What is the closest parent taxonomy of this plant?,String,Silene,0,0,0,infoseek,0,0,0,oven_05031321,infoseek_val_00038415
Grand Kremlin Palace,https://en.wikipedia.org/wiki/Grand_Kremlin_Palace,In which year did this building officially open?,In which year did this building officially open?,Time,1849,0,0,0,infoseek,0,0,0,oven_05026941,infoseek_val_00038488
Life Electric,https://en.wikipedia.org/wiki/Life_Electric,Which city or region does this lake locate in?,Which city or region does this lake locate in?,String,Como,0,0,0,infoseek,0,0,0,oven_05021723,infoseek_val_00038529
Corcovado,https://en.wikipedia.org/wiki/Corcovado,What country does this mountain belong to?,What country does this mountain belong to?,String,Brazil,0,0,0,infoseek,0,0,0,oven_05022094,infoseek_val_00038581
Diving duck,https://en.wikipedia.org/wiki/Diving_duck,What is the closest parent taxonomy of this bird?,What is the closest parent taxonomy of this bird?,String,Anatinae,0,0,0,infoseek,0,0,0,oven_05048357,infoseek_val_00038594
Carex lupulina,https://en.wikipedia.org/wiki/Carex_lupulina,What is the closest upper taxonomy of this plant?,What is the closest upper taxonomy of this plant?,String,Carex,0,0,0,infoseek,0,0,0,oven_05029124,infoseek_val_00038632
Cattle egret,https://en.wikipedia.org/wiki/Cattle_egret,"What is the conservation status of this bird? (The status is assigned by the international union for conservation of nature. Choose one among Endangered,Least Concern,Critically Endangered,extinct species,extinct in the wild,Vulnerable,Near Threatened,Data Deficient)","What is the conservation status of this bird? (The status is assigned by the international union for conservation of nature. Choose one among Endangered,Least Concern,Critically Endangered,extinct species,extinct in the wild,Vulnerable,Near Threatened,Data Deficient)",String,Least Concern,0,0,0,infoseek,0,0,0,oven_05048967,infoseek_val_00038682
Acharya Jagadish Chandra Bose Indian Botanic Garden,https://en.wikipedia.org/wiki/Acharya_Jagadish_Chandra_Bose_Indian_Botanic_Garden,who/what operates this garden?,who/what operates this garden?,String,Botanical Survey of India,0,0,0,infoseek,0,0,0,oven_05019265,infoseek_val_00038734
Dresden Hauptbahnhof,https://en.wikipedia.org/wiki/Dresden_Hauptbahnhof,In which year did this building officially open?,In which year did this building officially open?,Time,1898,0,0,0,infoseek,0,0,0,oven_05013885,infoseek_val_00038915
Lepturobosca,https://en.wikipedia.org/wiki/Lepturobosca,What is the closest upper taxonomy of this insect?,What is the closest upper taxonomy of this insect?,String,Cerambycidae,0,0,0,infoseek,0,0,0,oven_05045843,infoseek_val_00038922
Nevada City Downtown Historic District,https://en.wikipedia.org/wiki/Nevada_City_Downtown_Historic_District,Which city or region does this place locate in?,Which city or region does this place locate in?,String,Nevada City,0,0,0,infoseek,0,0,0,oven_05017304,infoseek_val_00039023
Rhopalostylis sapida,https://en.wikipedia.org/wiki/Rhopalostylis_sapida,What is the closest parent taxonomy of this plant?,What is the closest parent taxonomy of this plant?,String,Rhopalostylis,0,0,0,infoseek,0,0,0,oven_05032717,infoseek_val_00039091
Château de Selles-sur-Cher,https://en.wikipedia.org/wiki/Ch%C3%A2teau_de_Selles-sur-Cher,Who designed this building?,Who designed this building?,String,Jacques Androuet II du Cerceau,0,0,0,infoseek,0,0,0,oven_05021619,infoseek_val_00039100
Parka,https://en.wikipedia.org/wiki/Parka,where is this object originally invented or found?,where is this object originally invented or found?,String,Inuit,0,0,0,infoseek,0,0,0,oven_04947827,infoseek_val_00039196
Sceptridium dissectum,https://en.wikipedia.org/wiki/Sceptridium_dissectum,What is the basionym of this plant?,What is the basionym of this plant?,String,Botrychium dissectum,0,0,0,infoseek,0,0,0,oven_05042302,infoseek_val_00039244
"Abbey of Saint-Georges, Boscherville","https://en.wikipedia.org/wiki/Abbey_of_Saint-Georges,_Boscherville",What country does this building belong to?,What country does this building belong to?,String,France,0,0,0,infoseek,0,0,0,oven_05012991,infoseek_val_00039344
Donauturm,https://en.wikipedia.org/wiki/Donauturm,What is the height of this building in metre?,What is the height of this building in metre?,Numerical,252,0,0,0,infoseek,0,0,0,oven_05021667,infoseek_val_00039418
Viburnum opulus,https://en.wikipedia.org/wiki/Viburnum_opulus,What is the closest parent taxonomy of this plant?,What is the closest parent taxonomy of this plant?,String,Viburnum,0,0,0,infoseek,0,0,0,oven_05045644,infoseek_val_00039426
Thasus gigas,https://en.wikipedia.org/wiki/Thasus_gigas,What is the closest parent taxonomy of this insect?,What is the closest parent taxonomy of this insect?,String,Thasus,0,0,0,infoseek,0,0,0,oven_05038610,infoseek_val_00039451
30 St Mary Axe,https://en.wikipedia.org/wiki/30_St_Mary_Axe,Who occupies this building?,Who occupies this building?,String,Swiss Re,0,0,0,infoseek,0,0,0,oven_05021981,infoseek_val_00039595
Confederation Bridge,https://en.wikipedia.org/wiki/Confederation_Bridge,On what date did this island officially open?,On what date did this island officially open?,Time,1997 5 31,0,0,0,infoseek,0,0,0,oven_05018965,infoseek_val_00039665
Maasvlakte 2,https://en.wikipedia.org/wiki/Maasvlakte_2,What is the location of this building?,What is the location of this building?,String,Maasvlakte,0,0,0,infoseek,0,0,0,oven_05026843,infoseek_val_00039690
Scirpus cyperinus,https://en.wikipedia.org/wiki/Scirpus_cyperinus,What is the closest parent taxonomy of this plant?,What is the closest parent taxonomy of this plant?,String,Scirpus,0,0,0,infoseek,0,0,0,oven_05031876,infoseek_val_00039717
Trifolium dubium,https://en.wikipedia.org/wiki/Trifolium_dubium,What is the closest upper taxonomy of this plant?,What is the closest upper taxonomy of this plant?,String,Trifolium,0,0,0,infoseek,0,0,0,oven_05043974,infoseek_val_00039727
Caenurgina crassiuscula,https://en.wikipedia.org/wiki/Caenurgina_crassiuscula,What is the closest upper taxonomy of this insect?,What is the closest upper taxonomy of this insect?,String,Caenurgina,0,0,0,infoseek,0,0,0,oven_05045704,infoseek_val_00039849
"Fresh Meadows, Queens","https://en.wikipedia.org/wiki/Fresh_Meadows,_Queens",Which city or region does this place locate in?,Which city or region does this place locate in?,String,Queens,0,0,0,infoseek,0,0,0,oven_05018827,infoseek_val_00039855
Melon,https://en.wikipedia.org/wiki/Melon,What is the source that produces this food?,What is the source that produces this food?,String,Cucumis melo|Benincasa|Cucumis,0,0,0,infoseek,0,0,0,oven_05063369,infoseek_val_00039862
Hibiscus syriacus,https://en.wikipedia.org/wiki/Hibiscus_syriacus,What is the closest upper taxonomy of this plant?,What is the closest upper taxonomy of this plant?,String,Hibiscus,0,0,0,infoseek,0,0,0,oven_05035818,infoseek_val_00039887
Emirates Stadium,https://en.wikipedia.org/wiki/Emirates_Stadium,What is the location of this building?,What is the location of this building?,String,Holloway,0,0,0,infoseek,0,0,0,oven_05022187,infoseek_val_00039889
Eastern carpenter bee,https://en.wikipedia.org/wiki/Eastern_carpenter_bee,What is the closest upper taxonomy of this insect?,What is the closest upper taxonomy of this insect?,String,Xylocopa,0,0,0,infoseek,0,0,0,oven_05043021,infoseek_val_00039899
Eurasian scops owl,https://en.wikipedia.org/wiki/Eurasian_scops_owl,What is the closest parent taxonomy of this bird?,What is the closest parent taxonomy of this bird?,String,Otus,0,0,0,infoseek,0,0,0,oven_05047757,infoseek_val_00040058
American Falls,https://en.wikipedia.org/wiki/American_Falls,How wide is the place in the image? answer in foot,How wide is the place in the image? answer in foot,Numerical,950,0,0,0,infoseek,0,0,0,oven_05022762,infoseek_val_00040067
Alligator,https://en.wikipedia.org/wiki/Alligator,What is the closest upper taxonomy of this animal?,What is the closest upper taxonomy of this animal?,String,Alligatorinae,0,0,0,infoseek,0,0,0,oven_04945339,infoseek_val_00040069
Rila Monastery,https://en.wikipedia.org/wiki/Rila_Monastery,What is the height of this building in terms of metre above sea level?,What is the height of this building in terms of metre above sea level?,Numerical,1147,0,0,0,infoseek,0,0,0,oven_05018242,infoseek_val_00040131
Plitvice Lakes National Park,https://en.wikipedia.org/wiki/Plitvice_Lakes_National_Park,What is the area in square kilometre occupied by this park?,What is the area in square kilometre occupied by this park?,Numerical,296.85,0,0,0,infoseek,0,0,0,oven_05027001,infoseek_val_00040198
Château d'Écouen,https://en.wikipedia.org/wiki/Ch%C3%A2teau_d%27%C3%89couen,Which city or region does this building locate in?,Which city or region does this building locate in?,String,Écouen,0,0,0,infoseek,0,0,0,oven_05016484,infoseek_val_00040213
Tupolev Tu-154,https://en.wikipedia.org/wiki/Tupolev_Tu-154,What is the total quantity of produced items for this type of aircraft?,What is the total quantity of produced items for this type of aircraft?,Numerical,1026,0,0,0,infoseek,0,0,0,oven_05009771,infoseek_val_00040298
Donauturm,https://en.wikipedia.org/wiki/Donauturm,In which year was this building started production?,In which year was this building started production?,Time,1962,0,0,0,infoseek,0,0,0,oven_05021658,infoseek_val_00040316
Acer pseudoplatanus,https://en.wikipedia.org/wiki/Acer_pseudoplatanus,What is the closest parent taxonomy of this plant?,What is the closest parent taxonomy of this plant?,String,Acer,0,0,0,infoseek,0,0,0,oven_05035476,infoseek_val_00040360
Front de Seine,https://en.wikipedia.org/wiki/Front_de_Seine,What country does this place belong to?,What country does this place belong to?,String,France,0,0,0,infoseek,0,0,0,oven_05017737,infoseek_val_00040367
Tetrahedron,https://en.wikipedia.org/wiki/Tetrahedron,What is the facet of this object?,What is the facet of this object?,String,triangle,0,0,0,infoseek,0,0,0,oven_05070337,infoseek_val_00040389
Parasitic jaeger,https://en.wikipedia.org/wiki/Parasitic_jaeger,how many metre is the wingspan of this bird?,how many metre is the wingspan of this bird?,Numerical,1.06,0,0,0,infoseek,0,0,0,oven_05038346,infoseek_val_00040390
Klevan Castle,https://en.wikipedia.org/wiki/Klevan_Castle,What country does this building belong to?,What country does this building belong to?,String,Ukraine,0,0,0,infoseek,0,0,0,oven_05026406,infoseek_val_00040609
"Knox Church, Christchurch","https://en.wikipedia.org/wiki/Knox_Church,_Christchurch",Who is the architect of this building?,Who is the architect of this building?,String,Robert England,0,0,0,infoseek,0,0,0,oven_05014269,infoseek_val_00040731
Ilex glabra,https://en.wikipedia.org/wiki/Ilex_glabra,What is the closest parent taxonomy of this plant?,What is the closest parent taxonomy of this plant?,String,Ilex,0,0,0,infoseek,0,0,0,oven_05068812,infoseek_val_00040737
Sassenpoort,https://en.wikipedia.org/wiki/Sassenpoort,What country does this building belong to?,What country does this building belong to?,String,Netherlands,0,0,0,infoseek,0,0,0,oven_05014102,infoseek_val_00040750
Cirsium vulgare,https://en.wikipedia.org/wiki/Cirsium_vulgare,What is the closest upper taxonomy of this plant?,What is the closest upper taxonomy of this plant?,String,Cirsium,0,0,0,infoseek,0,0,0,oven_05027287,infoseek_val_00040896
Parnassia,https://en.wikipedia.org/wiki/Parnassia,What is the closest parent taxonomy of this plant?,What is the closest parent taxonomy of this plant?,String,Celastraceae,0,0,0,infoseek,0,0,0,oven_05069000,infoseek_val_00040935
Belogradchik Fortress,https://en.wikipedia.org/wiki/Belogradchik_Fortress,Which city or region does this building locate in?,Which city or region does this building locate in?,String,Belogradchik,0,0,0,infoseek,0,0,0,oven_05021091,infoseek_val_00040953
Tillandsia fasciculata,https://en.wikipedia.org/wiki/Tillandsia_fasciculata,Which geographic area is this plant found?,Which geographic area is this plant found?,String,Brazil,0,0,0,infoseek,0,0,0,oven_05032726,infoseek_val_00040980
Prumnopitys ferruginea,https://en.wikipedia.org/wiki/Prumnopitys_ferruginea,Where is this plant native to?,Where is this plant native to?,String,New Zealand,0,0,0,infoseek,0,0,0,oven_05037833,infoseek_val_00041052
Wrigley Building,https://en.wikipedia.org/wiki/Wrigley_Building,How many levels does this building have?,How many levels does this building have?,Numerical,30,0,0,0,infoseek,0,0,0,oven_05014021,infoseek_val_00041080
Lapland longspur,https://en.wikipedia.org/wiki/Lapland_longspur,What is the closest upper taxonomy of this bird?,What is the closest upper taxonomy of this bird?,String,Longspur,0,0,0,infoseek,0,0,0,oven_05044107,infoseek_val_00041206
Church of Virgin Mary (Ivano-Frankivsk),https://en.wikipedia.org/wiki/Church_of_Virgin_Mary_(Ivano-Frankivsk),What is this building named after?,What is this building named after?,String,Virgin Mary,0,0,0,infoseek,0,0,0,oven_05024205,infoseek_val_00041241
Kongens Nytorv,https://en.wikipedia.org/wiki/Kongens_Nytorv,What country does this building belong to?,What country does this building belong to?,String,Denmark,0,0,0,infoseek,0,0,0,oven_05011747,infoseek_val_00041320
Deutsches Eck,https://en.wikipedia.org/wiki/Deutsches_Eck,Which city or region does this place locate in?,Which city or region does this place locate in?,String,Koblenz,0,0,0,infoseek,0,0,0,oven_05017117,infoseek_val_00041327
Albert Hall Museum,https://en.wikipedia.org/wiki/Albert_Hall_Museum,What is the location of this building?,What is the location of this building?,String,Ram Niwas Garden,0,0,0,infoseek,0,0,0,oven_05014755,infoseek_val_00041340
Supermarine Spitfire,https://en.wikipedia.org/wiki/Supermarine_Spitfire,What is the total quantity of produced items for this type of aircraft?,What is the total quantity of produced items for this type of aircraft?,Numerical,20351,0,0,0,infoseek,0,0,0,oven_05009665,infoseek_val_00041384
Staunton River State Park,https://en.wikipedia.org/wiki/Staunton_River_State_Park,Which city or region does this park locate in?,Which city or region does this park locate in?,String,Virginia,0,0,0,infoseek,0,0,0,oven_05017715,infoseek_val_00041523
Wandering albatross,https://en.wikipedia.org/wiki/Wandering_albatross,What is the weight of a female of this bird in kilogram?,What is the weight of a female of this bird in kilogram?,Numerical,7.27,0,0,0,infoseek,0,0,0,oven_05049246,infoseek_val_00041619
Konzerthaus Berlin,https://en.wikipedia.org/wiki/Konzerthaus_Berlin,Who designed this building?,Who designed this building?,String,Karl Friedrich Schinkel,0,0,0,infoseek,0,0,0,oven_05016386,infoseek_val_00041644
Quay with Sphinxes,https://en.wikipedia.org/wiki/Quay_with_Sphinxes,Which city or region does this facility locate in?,Which city or region does this facility locate in?,String,Saint Petersburg|Universitetskaya Embankment,0,0,0,infoseek,0,0,0,oven_05020081,infoseek_val_00041670
Euphorbia antisyphilitica,https://en.wikipedia.org/wiki/Euphorbia_antisyphilitica,What is the closest upper taxonomy of this plant?,What is the closest upper taxonomy of this plant?,String,Euphorbia,0,0,0,infoseek,0,0,0,oven_05033745,infoseek_val_00041770
Royal Palace of Cambodia,https://en.wikipedia.org/wiki/Royal_Palace_of_Cambodia,What is the architectural style of this building?,What is the architectural style of this building?,String,Khmer architecture,0,0,0,infoseek,0,0,0,oven_05025280,infoseek_val_00041839
Vasquez Rocks,https://en.wikipedia.org/wiki/Vasquez_Rocks,What is the location of this park?,What is the location of this park?,String,Agua Dulce,0,0,0,infoseek,0,0,0,oven_05025430,infoseek_val_00041841
Neon skimmer,https://en.wikipedia.org/wiki/Neon_skimmer,What is the closest upper taxonomy of this insect?,What is the closest upper taxonomy of this insect?,String,Libellula,0,0,0,infoseek,0,0,0,oven_05042930,infoseek_val_00041845
Triodanis perfoliata,https://en.wikipedia.org/wiki/Triodanis_perfoliata,What is the closest parent taxonomy of this plant?,What is the closest parent taxonomy of this plant?,String,Triodanis,0,0,0,infoseek,0,0,0,oven_05032557,infoseek_val_00041853
Electric eel,https://en.wikipedia.org/wiki/Electric_eel,What is the closest upper taxonomy of this animal?,What is the closest upper taxonomy of this animal?,String,Gymnotidae,0,0,0,infoseek,0,0,0,oven_05047029,infoseek_val_00041936
American red fox,https://en.wikipedia.org/wiki/American_red_fox,What is the closest parent taxonomy of this animal?,What is the closest parent taxonomy of this animal?,String,red fox,0,0,0,infoseek,0,0,0,oven_05035281,infoseek_val_00041976
Puebla Cathedral,https://en.wikipedia.org/wiki/Puebla_Cathedral,Which diocese does this building belong to?,Which diocese does this building belong to?,String,Roman Catholic Archdiocese of Puebla,0,0,0,infoseek,0,0,0,oven_05022627,infoseek_val_00042020
Yuelu Academy,https://en.wikipedia.org/wiki/Yuelu_Academy,What country does this building belong to?,What country does this building belong to?,String,People's Republic of China,0,0,0,infoseek,0,0,0,oven_05012838,infoseek_val_00042117
American carrion beetle,https://en.wikipedia.org/wiki/American_carrion_beetle,What is the closest upper taxonomy of this insect?,What is the closest upper taxonomy of this insect?,String,Silpha,0,0,0,infoseek,0,0,0,oven_05031295,infoseek_val_00042127
Mor Gabriel Monastery,https://en.wikipedia.org/wiki/Mor_Gabriel_Monastery,What country does this building belong to?,What country does this building belong to?,String,Turkey,0,0,0,infoseek,0,0,0,oven_05018109,infoseek_val_00042210
Hyundai Tucson,https://en.wikipedia.org/wiki/Hyundai_Tucson,What is the brand of this vehicle?,What is the brand of this vehicle?,String,Hyundai Motor Company,0,0,0,infoseek,0,0,0,oven_05010546,infoseek_val_00042221
Ford Field,https://en.wikipedia.org/wiki/Ford_Field,Who occupies this building?,Who occupies this building?,String,Detroit Lions,0,0,0,infoseek,0,0,0,oven_05023204,infoseek_val_00042336
E 11 road (United Arab Emirates),https://en.wikipedia.org/wiki/E_11_road_(United_Arab_Emirates),Where does this place end?,Where does this place end?,String,Ras al-Khaimah,0,0,0,infoseek,0,0,0,oven_05020889,infoseek_val_00042366
Silene gallica,https://en.wikipedia.org/wiki/Silene_gallica,What is the closest parent taxonomy of this plant?,What is the closest parent taxonomy of this plant?,String,Silene,0,0,0,infoseek,0,0,0,oven_05041108,infoseek_val_00042396
Ailsa Craig,https://en.wikipedia.org/wiki/Ailsa_Craig,What is the area in hectare occupied by this island?,What is the area in hectare occupied by this island?,Numerical,99,0,0,0,infoseek,0,0,0,oven_05020006,infoseek_val_00042411
Tracy Arm,https://en.wikipedia.org/wiki/Tracy_Arm,What country does this place belong to?,What country does this place belong to?,String,United States of America,0,0,0,infoseek,0,0,0,oven_05014157,infoseek_val_00042426
Edith's checkerspot,https://en.wikipedia.org/wiki/Edith%27s_checkerspot,What is the closest parent taxonomy of this insect?,What is the closest parent taxonomy of this insect?,String,Euphydryas,0,0,0,infoseek,0,0,0,oven_05030355,infoseek_val_00042430
Balearic green toad,https://en.wikipedia.org/wiki/Balearic_green_toad,What is the closest upper taxonomy of this animal?,What is the closest upper taxonomy of this animal?,String,Bufotes,0,0,0,infoseek,0,0,0,oven_05032110,infoseek_val_00042563
"Sri Mariamman Temple, Singapore","https://en.wikipedia.org/wiki/Sri_Mariamman_Temple,_Singapore",Who is the founder of the building in the image?,Who is the founder of the building in the image?,String,Naraina Pillai,0,0,0,infoseek,0,0,0,oven_05018686,infoseek_val_00042577
Lingering Garden,https://en.wikipedia.org/wiki/Lingering_Garden,What country does this garden belong to?,What country does this garden belong to?,String,People's Republic of China,0,0,0,infoseek,0,0,0,oven_05022140,infoseek_val_00042584
"St. Andrew's Church, Kraków","https://en.wikipedia.org/wiki/St._Andrew%27s_Church,_Krak%C3%B3w",What country does this building belong to?,What country does this building belong to?,String,Poland,0,0,0,infoseek,0,0,0,oven_05025167,infoseek_val_00042587
Rusty blackbird,https://en.wikipedia.org/wiki/Rusty_blackbird,"What is the conservation status of this bird? (The status is assigned by the international union for conservation of nature. Choose one among Endangered,Least Concern,Critically Endangered,extinct species,extinct in the wild,Vulnerable,Near Threatened,Data Deficient)","What is the conservation status of this bird? (The status is assigned by the international union for conservation of nature. Choose one among Endangered,Least Concern,Critically Endangered,extinct species,extinct in the wild,Vulnerable,Near Threatened,Data Deficient)",String,Vulnerable,0,0,0,infoseek,0,0,0,oven_05042810,infoseek_val_00042618
Adventfjorden,https://en.wikipedia.org/wiki/Adventfjorden,Which (geo)physical feature is the place located in or on?,Which (geo)physical feature is the place located in or on?,String,Spitsbergen,0,0,0,infoseek,0,0,0,oven_05018182,infoseek_val_00042682
Brooklands,https://en.wikipedia.org/wiki/Brooklands,In which year did this building officially open?,In which year did this building officially open?,Time,1907,0,0,0,infoseek,0,0,0,oven_05019854,infoseek_val_00042802
Amberd,https://en.wikipedia.org/wiki/Amberd,Who found this building?,Who found this building?,String,Kamsarakan,0,0,0,infoseek,0,0,0,oven_05024028,infoseek_val_00042820
Infiniti QX80,https://en.wikipedia.org/wiki/Infiniti_QX80,Which company manufactures this vehicle?,Which company manufactures this vehicle?,String,Infiniti,0,0,0,infoseek,0,0,0,oven_05010123,infoseek_val_00042824
Kykkos Monastery,https://en.wikipedia.org/wiki/Kykkos_Monastery,What country does this building belong to?,What country does this building belong to?,String,Cyprus,0,0,0,infoseek,0,0,0,oven_05021057,infoseek_val_00042868
Monadenia fidelis,https://en.wikipedia.org/wiki/Monadenia_fidelis,What is the closest parent taxonomy of this animal?,What is the closest parent taxonomy of this animal?,String,Monadenia,0,0,0,infoseek,0,0,0,oven_05046289,infoseek_val_00042954
Shrine of Remembrance,https://en.wikipedia.org/wiki/Shrine_of_Remembrance,In which year did this building officially open?,In which year did this building officially open?,Time,1934,0,0,0,infoseek,0,0,0,oven_05012153,infoseek_val_00043019
Yellow-faced grassquit,https://en.wikipedia.org/wiki/Yellow-faced_grassquit,What is the closest parent taxonomy of this bird?,What is the closest parent taxonomy of this bird?,String,Tiaris,0,0,0,infoseek,0,0,0,oven_05037367,infoseek_val_00043033
Grigna,https://en.wikipedia.org/wiki/Grigna,Which body of water is this mountain located in or next to?,Which body of water is this mountain located in or next to?,String,Lake Como,0,0,0,infoseek,0,0,0,oven_05019510,infoseek_val_00043108
Prunus cerasus,https://en.wikipedia.org/wiki/Prunus_cerasus,What is the closest upper taxonomy of this plant?,What is the closest upper taxonomy of this plant?,String,Prunus,0,0,0,infoseek,0,0,0,oven_05063418,infoseek_val_00043127
Palm tanager,https://en.wikipedia.org/wiki/Palm_tanager,What is the litter size of this bird?,What is the litter size of this bird?,Numerical,2,0,0,0,infoseek,0,0,0,oven_05032918,infoseek_val_00043134
Porta Nigra,https://en.wikipedia.org/wiki/Porta_Nigra,Which city or region does this place locate in?,Which city or region does this place locate in?,String,Trier,0,0,0,infoseek,0,0,0,oven_05016950,infoseek_val_00043203
Lysichiton americanus,https://en.wikipedia.org/wiki/Lysichiton_americanus,Which location has this plant invaded?,Which location has this plant invaded?,String,European Union,0,0,0,infoseek,0,0,0,oven_05031137,infoseek_val_00043208
Rolduc,https://en.wikipedia.org/wiki/Rolduc,Who occupies this building?,Who occupies this building?,String,Rolduc College,0,0,0,infoseek,0,0,0,oven_05021599,infoseek_val_00043216
Limacus flavus,https://en.wikipedia.org/wiki/Limacus_flavus,What is the closest parent taxonomy of this animal?,What is the closest parent taxonomy of this animal?,String,Limacus,0,0,0,infoseek,0,0,0,oven_05043185,infoseek_val_00043230
Quinta da Boa Vista,https://en.wikipedia.org/wiki/Quinta_da_Boa_Vista,What is the location of this park?,What is the location of this park?,String,São Cristóvão,0,0,0,infoseek,0,0,0,oven_05011075,infoseek_val_00043279
Siproeta stelenes,https://en.wikipedia.org/wiki/Siproeta_stelenes,What is the closest parent taxonomy of this insect?,What is the closest parent taxonomy of this insect?,String,Siproeta,0,0,0,infoseek,0,0,0,oven_05040561,infoseek_val_00043439
Scion xD,https://en.wikipedia.org/wiki/Scion_xD,What is the immediately prior item that this vehicle follows in a series?,What is the immediately prior item that this vehicle follows in a series?,String,Scion xA,0,0,0,infoseek,0,0,0,oven_05010421,infoseek_val_00043558
Wat Pho,https://en.wikipedia.org/wiki/Wat_Pho,What country does this building belong to?,What country does this building belong to?,String,Thailand,0,0,0,infoseek,0,0,0,oven_05012521,infoseek_val_00043589
Euphorbia dentata,https://en.wikipedia.org/wiki/Euphorbia_dentata,What is the closest parent taxonomy of this plant?,What is the closest parent taxonomy of this plant?,String,Euphorbia,0,0,0,infoseek,0,0,0,oven_05034202,infoseek_val_00043608
Kammerzell House,https://en.wikipedia.org/wiki/Kammerzell_House,What is the street address of this building?,What is the street address of this building?,String,place de la Cathédrale,0,0,0,infoseek,0,0,0,oven_05011675,infoseek_val_00043725
Masticophis flagellum,https://en.wikipedia.org/wiki/Masticophis_flagellum,What is the closest parent taxonomy of this animal?,What is the closest parent taxonomy of this animal?,String,Masticophis,0,0,0,infoseek,0,0,0,oven_05038672,infoseek_val_00043826
Acer pensylvanicum,https://en.wikipedia.org/wiki/Acer_pensylvanicum,What is the closest upper taxonomy of this plant?,What is the closest upper taxonomy of this plant?,String,Acer,0,0,0,infoseek,0,0,0,oven_05032274,infoseek_val_00043856
Khotyn Fortress,https://en.wikipedia.org/wiki/Khotyn_Fortress,What country does this building belong to?,What country does this building belong to?,String,Ukraine,0,0,0,infoseek,0,0,0,oven_05021847,infoseek_val_00043971
Chäserrugg,https://en.wikipedia.org/wiki/Ch%C3%A4serrugg,What is the topographic prominence of this mountain?,What is the topographic prominence of this mountain?,Numerical,14,0,0,0,infoseek,0,0,0,oven_05013189,infoseek_val_00043977
Olsztyn Castle,https://en.wikipedia.org/wiki/Olsztyn_Castle,What country does this building belong to?,What country does this building belong to?,String,Poland,0,0,0,infoseek,0,0,0,oven_05015281,infoseek_val_00043998
Umeda Sky Building,https://en.wikipedia.org/wiki/Umeda_Sky_Building,Who is the main building contractor of this building?,Who is the main building contractor of this building?,String,Takenaka Corporation,0,0,0,infoseek,0,0,0,oven_05011277,infoseek_val_00044215
Astraeus hygrometricus,https://en.wikipedia.org/wiki/Astraeus_hygrometricus,What is the hymenium type of this plant?,What is the hymenium type of this plant?,String,gleba,0,0,0,infoseek,0,0,0,oven_05029175,infoseek_val_00044228
Bran Castle,https://en.wikipedia.org/wiki/Bran_Castle,Who found this building?,Who found this building?,String,Teutonic Order,0,0,0,infoseek,0,0,0,oven_05013247,infoseek_val_00044239
Ramesseum,https://en.wikipedia.org/wiki/Ramesseum,What country does this building belong to?,What country does this building belong to?,String,Egypt,0,0,0,infoseek,0,0,0,oven_05021795,infoseek_val_00044440
Dohány Street Synagogue,https://en.wikipedia.org/wiki/Doh%C3%A1ny_Street_Synagogue,What is the maximum capacity of this building?,What is the maximum capacity of this building?,Numerical,2964,0,0,0,infoseek,0,0,0,oven_05014359,infoseek_val_00044489
Platanthera chlorantha,https://en.wikipedia.org/wiki/Platanthera_chlorantha,What is the closest parent taxonomy of this plant?,What is the closest parent taxonomy of this plant?,String,Platanthera,0,0,0,infoseek,0,0,0,oven_05067134,infoseek_val_00044530
Pygmy marmoset,https://en.wikipedia.org/wiki/Pygmy_marmoset,What is the closest parent taxonomy of this animal?,What is the closest parent taxonomy of this animal?,String,Callitrichidae,0,0,0,infoseek,0,0,0,oven_05050807,infoseek_val_00044586
Embraer EMB 120 Brasilia,https://en.wikipedia.org/wiki/Embraer_EMB_120_Brasilia,What is the country of origin of this aircraft?,What is the country of origin of this aircraft?,String,Brazil,0,0,0,infoseek,0,0,0,oven_05009697,infoseek_val_00044597
Limenitis reducta,https://en.wikipedia.org/wiki/Limenitis_reducta,What is the closest upper taxonomy of this insect?,What is the closest upper taxonomy of this insect?,String,Limenitis,0,0,0,infoseek,0,0,0,oven_05035574,infoseek_val_00044675
Myrica californica,https://en.wikipedia.org/wiki/Myrica_californica,What is the closest upper taxonomy of this plant?,What is the closest upper taxonomy of this plant?,String,Myrica,0,0,0,infoseek,0,0,0,oven_05039174,infoseek_val_00044714
Calyptocarpus vialis,https://en.wikipedia.org/wiki/Calyptocarpus_vialis,What is the closest parent taxonomy of this plant?,What is the closest parent taxonomy of this plant?,String,Calyptocarpus,0,0,0,infoseek,0,0,0,oven_05038427,infoseek_val_00044730
Galium odoratum,https://en.wikipedia.org/wiki/Galium_odoratum,What is the closest parent taxonomy of this plant?,What is the closest parent taxonomy of this plant?,String,Galium,0,0,0,infoseek,0,0,0,oven_05063783,infoseek_val_00044781
Chickpea,https://en.wikipedia.org/wiki/Chickpea,What is the closest upper taxonomy of this plant?,What is the closest upper taxonomy of this plant?,String,Cicer,0,0,0,infoseek,0,0,0,oven_05063190,infoseek_val_00044843
Hill of Crosses,https://en.wikipedia.org/wiki/Hill_of_Crosses,What country does this building belong to?,What country does this building belong to?,String,Lithuania,0,0,0,infoseek,0,0,0,oven_05014468,infoseek_val_00044883
Saxon Railway Museum,https://en.wikipedia.org/wiki/Saxon_Railway_Museum,Which city or region does this building locate in?,Which city or region does this building locate in?,String,Hilbersdorf,0,0,0,infoseek,0,0,0,oven_05022460,infoseek_val_00044993
Château de Falaise,https://en.wikipedia.org/wiki/Ch%C3%A2teau_de_Falaise,Which city or region does this building locate in?,Which city or region does this building locate in?,String,Falaise,0,0,0,infoseek,0,0,0,oven_05024722,infoseek_val_00045005
Artemisia californica,https://en.wikipedia.org/wiki/Artemisia_californica,What is the closest upper taxonomy of this plant?,What is the closest upper taxonomy of this plant?,String,Artemisia,0,0,0,infoseek,0,0,0,oven_05031548,infoseek_val_00045010
Sea otter,https://en.wikipedia.org/wiki/Sea_otter,What is the closest parent taxonomy of this animal?,What is the closest parent taxonomy of this animal?,String,Enhydra,0,0,0,infoseek,0,0,0,oven_05043245,infoseek_val_00045016
Aeshna constricta,https://en.wikipedia.org/wiki/Aeshna_constricta,"What is the conservation status of this insect? (The status is assigned by the international union for conservation of nature. Choose one among Endangered,Least Concern,Critically Endangered,extinct species,extinct in the wild,Vulnerable,Near Threatened,Data Deficient)","What is the conservation status of this insect? (The status is assigned by the international union for conservation of nature. Choose one among Endangered,Least Concern,Critically Endangered,extinct species,extinct in the wild,Vulnerable,Near Threatened,Data Deficient)",String,Least Concern,0,0,0,infoseek,0,0,0,oven_05037407,infoseek_val_00045033
Guangxiao Temple (Guangzhou),https://en.wikipedia.org/wiki/Guangxiao_Temple_(Guangzhou),What is the architectural style of this building?,What is the architectural style of this building?,String,Chinese architecture,0,0,0,infoseek,0,0,0,oven_05017478,infoseek_val_00045037
Bombus impatiens,https://en.wikipedia.org/wiki/Bombus_impatiens,What is the closest upper taxonomy of this insect?,What is the closest upper taxonomy of this insect?,String,Bombus,0,0,0,infoseek,0,0,0,oven_05034858,infoseek_val_00045087
Acer macrophyllum,https://en.wikipedia.org/wiki/Acer_macrophyllum,What is the highest observed lifespan of this plant?,What is the highest observed lifespan of this plant?,Numerical,175,0,0,0,infoseek,0,0,0,oven_05038517,infoseek_val_00045101
Itaúnas State Park,https://en.wikipedia.org/wiki/Ita%C3%BAnas_State_Park,Which government has executive power of this facility?,Which government has executive power of this facility?,String,state,0,0,0,infoseek,0,0,0,oven_05014890,infoseek_val_00045114
Pseudognaphalium californicum,https://en.wikipedia.org/wiki/Pseudognaphalium_californicum,What is the basionym of this plant?,What is the basionym of this plant?,String,Gnaphalium californicum,0,0,0,infoseek,0,0,0,oven_05041113,infoseek_val_00045118
Lilium humboldtii,https://en.wikipedia.org/wiki/Lilium_humboldtii,What is this plant named after?,What is this plant named after?,String,Alexander von Humboldt,0,0,0,infoseek,0,0,0,oven_05043613,infoseek_val_00045403
Brown recluse spider,https://en.wikipedia.org/wiki/Brown_recluse_spider,What is the closest parent taxonomy of this insect?,What is the closest parent taxonomy of this insect?,String,Loxosceles,0,0,0,infoseek,0,0,0,oven_05034958,infoseek_val_00045500
Buff-bellied hummingbird,https://en.wikipedia.org/wiki/Buff-bellied_hummingbird,What is the closest upper taxonomy of this bird?,What is the closest upper taxonomy of this bird?,String,Amazilia,0,0,0,infoseek,0,0,0,oven_05038267,infoseek_val_00045529
Elegant tern,https://en.wikipedia.org/wiki/Elegant_tern,What is the length of the wingspan in centimetre of this bird?,What is the length of the wingspan in centimetre of this bird?,Numerical,76.0-81.0,0,0,0,infoseek,0,0,0,oven_05039515,infoseek_val_00045545
Common kingfisher,https://en.wikipedia.org/wiki/Common_kingfisher,"What is the conservation status of this bird? (The status is assigned by the international union for conservation of nature. Choose one among Endangered,Least Concern,Critically Endangered,extinct species,extinct in the wild,Vulnerable,Near Threatened,Data Deficient)","What is the conservation status of this bird? (The status is assigned by the international union for conservation of nature. Choose one among Endangered,Least Concern,Critically Endangered,extinct species,extinct in the wild,Vulnerable,Near Threatened,Data Deficient)",String,Least Concern,0,0,0,infoseek,0,0,0,oven_05040798,infoseek_val_00045595
Bloomeria crocea,https://en.wikipedia.org/wiki/Bloomeria_crocea,What is the closest parent taxonomy of this plant?,What is the closest parent taxonomy of this plant?,String,Bloomeria,0,0,0,infoseek,0,0,0,oven_05040954,infoseek_val_00045619
Tsumago-juku,https://en.wikipedia.org/wiki/Tsumago-juku,What is the immediately prior item that this town follows in a series?,What is the immediately prior item that this town follows in a series?,String,Midono-juku,0,0,0,infoseek,0,0,0,oven_05021020,infoseek_val_00045646
Sherardia,https://en.wikipedia.org/wiki/Sherardia,What is the closest upper taxonomy of this plant?,What is the closest upper taxonomy of this plant?,String,Rubiaceae,0,0,0,infoseek,0,0,0,oven_05044611,infoseek_val_00045661
Vasa Museum,https://en.wikipedia.org/wiki/Vasa_Museum,On what date did this building officially open?,On what date did this building officially open?,Time,1990 6 15,0,0,0,infoseek,0,0,0,oven_05023258,infoseek_val_00045710
Azrieli Center,https://en.wikipedia.org/wiki/Azrieli_Center,In which year did this building officially open?,In which year did this building officially open?,Time,1998,0,0,0,infoseek,0,0,0,oven_05016042,infoseek_val_00045718
Vologda,https://en.wikipedia.org/wiki/Vologda,What is the area in square kilometre occupied by this place?,What is the area in square kilometre occupied by this place?,Numerical,116,0,0,0,infoseek,0,0,0,oven_05014220,infoseek_val_00045733
Dryas iulia,https://en.wikipedia.org/wiki/Dryas_iulia,What is the closest upper taxonomy of this insect?,What is the closest upper taxonomy of this insect?,String,Dryas,0,0,0,infoseek,0,0,0,oven_05037525,infoseek_val_00046064
Rundetaarn,https://en.wikipedia.org/wiki/Rundetaarn,In which year did this building officially open?,In which year did this building officially open?,Time,1642,0,0,0,infoseek,0,0,0,oven_05022070,infoseek_val_00046369
Hermetia illucens,https://en.wikipedia.org/wiki/Hermetia_illucens,What is the closest parent taxonomy of this insect?,What is the closest parent taxonomy of this insect?,String,Hermetia,0,0,0,infoseek,0,0,0,oven_05034593,infoseek_val_00046373
Tupolev Tu-154,https://en.wikipedia.org/wiki/Tupolev_Tu-154,Who is the manufacturer of this aircraft?,Who is the manufacturer of this aircraft?,String,Tupolev,0,0,0,infoseek,0,0,0,oven_05009756,infoseek_val_00046390
Lapland longspur,https://en.wikipedia.org/wiki/Lapland_longspur,how many centimetre is the wingspan of this bird?,how many centimetre is the wingspan of this bird?,Numerical,26,0,0,0,infoseek,0,0,0,oven_05044094,infoseek_val_00046417
Cyperus eragrostis,https://en.wikipedia.org/wiki/Cyperus_eragrostis,What is the closest parent taxonomy of this plant?,What is the closest parent taxonomy of this plant?,String,Cyperus,0,0,0,infoseek,0,0,0,oven_05032966,infoseek_val_00046474
Gorée,https://en.wikipedia.org/wiki/Gor%C3%A9e,What is the area in square kilometre occupied by this place?,What is the area in square kilometre occupied by this place?,Numerical,0.182,0,0,0,infoseek,0,0,0,oven_05013093,infoseek_val_00046527
Bonefish,https://en.wikipedia.org/wiki/Bonefish,What is the closest upper taxonomy of this fish?,What is the closest upper taxonomy of this fish?,String,Albula,0,0,0,infoseek,0,0,0,oven_05051020,infoseek_val_00046540
Heteromeles,https://en.wikipedia.org/wiki/Heteromeles,What is the basionym of this plant?,What is the basionym of this plant?,String,Photinia arbutifolia,0,0,0,infoseek,0,0,0,oven_05028971,infoseek_val_00046550
Biscuit (bread),https://en.wikipedia.org/wiki/Biscuit_(bread),What is the country of origin of this food?,What is the country of origin of this food?,String,United States of America,0,0,0,infoseek,0,0,0,oven_05062955,infoseek_val_00046551
Sanicula crassicaulis,https://en.wikipedia.org/wiki/Sanicula_crassicaulis,What is the closest parent taxonomy of this plant?,What is the closest parent taxonomy of this plant?,String,Sanicula,0,0,0,infoseek,0,0,0,oven_05042992,infoseek_val_00046555
Lampropeltis getula,https://en.wikipedia.org/wiki/Lampropeltis_getula,What is the closest parent taxonomy of this animal?,What is the closest parent taxonomy of this animal?,String,Lampropeltis,0,0,0,infoseek,0,0,0,oven_05030302,infoseek_val_00046693
Klausen Pass,https://en.wikipedia.org/wiki/Klausen_Pass,What is the sea level in metre of this mountain?,What is the sea level in metre of this mountain?,Numerical,1948,0,0,0,infoseek,0,0,0,oven_05020721,infoseek_val_00046698
Fort St. Angelo,https://en.wikipedia.org/wiki/Fort_St._Angelo,Who or what maintains this building?,Who or what maintains this building?,String,Heritage Malta,0,0,0,infoseek,0,0,0,oven_05019157,infoseek_val_00046754
Airbus A310,https://en.wikipedia.org/wiki/Airbus_A310,What is the total quantity of produced items for this type of aircraft?,What is the total quantity of produced items for this type of aircraft?,Numerical,255,0,0,0,infoseek,0,0,0,oven_05009568,infoseek_val_00046818
Eurasian teal,https://en.wikipedia.org/wiki/Eurasian_teal,What is the closest upper taxonomy of this bird?,What is the closest upper taxonomy of this bird?,String,Anas,0,0,0,infoseek,0,0,0,oven_05035711,infoseek_val_00047002
Lenbachhaus,https://en.wikipedia.org/wiki/Lenbachhaus,Which city or region does this building locate in?,Which city or region does this building locate in?,String,Munich,0,0,0,infoseek,0,0,0,oven_05020641,infoseek_val_00047084
Hackesche Höfe,https://en.wikipedia.org/wiki/Hackesche_H%C3%B6fe,What is the architectural style of this place?,What is the architectural style of this place?,String,Art Nouveau,0,0,0,infoseek,0,0,0,oven_05017920,infoseek_val_00047098
Yellow-footed gull,https://en.wikipedia.org/wiki/Yellow-footed_gull,"What is the conservation status of this bird? (The status is assigned by the international union for conservation of nature. Choose one among Endangered,Least Concern,Critically Endangered,extinct species,extinct in the wild,Vulnerable,Near Threatened,Data Deficient)","What is the conservation status of this bird? (The status is assigned by the international union for conservation of nature. Choose one among Endangered,Least Concern,Critically Endangered,extinct species,extinct in the wild,Vulnerable,Near Threatened,Data Deficient)",String,Least Concern,0,0,0,infoseek,0,0,0,oven_05038228,infoseek_val_00047107
Prosopis glandulosa,https://en.wikipedia.org/wiki/Prosopis_glandulosa,What is the closest upper taxonomy of this plant?,What is the closest upper taxonomy of this plant?,String,Prosopis,0,0,0,infoseek,0,0,0,oven_05034166,infoseek_val_00047145
Conisbrough Castle,https://en.wikipedia.org/wiki/Conisbrough_Castle,Which historic county does this building belong to?,Which historic county does this building belong to?,String,Yorkshire,0,0,0,infoseek,0,0,0,oven_05018587,infoseek_val_00047156
Tuning fork,https://en.wikipedia.org/wiki/Tuning_fork,Who is the discoverer or inventor of this item?,Who is the discoverer or inventor of this item?,String,John Shore,0,0,0,infoseek,0,0,0,oven_05061948,infoseek_val_00047166
Polypodium scouleri,https://en.wikipedia.org/wiki/Polypodium_scouleri,What is the closest parent taxonomy of this plant?,What is the closest parent taxonomy of this plant?,String,Polypodium,0,0,0,infoseek,0,0,0,oven_05033001,infoseek_val_00047219
Orthodera novaezealandiae,https://en.wikipedia.org/wiki/Orthodera_novaezealandiae,Where is this insect native to?,Where is this insect native to?,String,New Zealand,0,0,0,infoseek,0,0,0,oven_05030935,infoseek_val_00047226
Mustang,https://en.wikipedia.org/wiki/Mustang,Which country does this animal come from?,Which country does this animal come from?,String,Canada|United States of America,0,0,0,infoseek,0,0,0,oven_05050297,infoseek_val_00047244
Legoland Windsor Resort,https://en.wikipedia.org/wiki/Legoland_Windsor_Resort,Who is the owner of this park?,Who is the owner of this park?,String,Merlin Entertainments,0,0,0,infoseek,0,0,0,oven_05016103,infoseek_val_00047315
Lake Teletskoye,https://en.wikipedia.org/wiki/Lake_Teletskoye,What is the area in square kilometre occupied by this lake?,What is the area in square kilometre occupied by this lake?,Numerical,233,0,0,0,infoseek,0,0,0,oven_05015176,infoseek_val_00047322
BMW 6 Series (E63),https://en.wikipedia.org/wiki/BMW_6_Series_(E63),What is the brand of this vehicle?,What is the brand of this vehicle?,String,BMW,0,0,0,infoseek,0,0,0,oven_05010588,infoseek_val_00047380
American crow,https://en.wikipedia.org/wiki/American_crow,What is the closest parent taxonomy of this bird?,What is the closest parent taxonomy of this bird?,String,Corvus,0,0,0,infoseek,0,0,0,oven_05036983,infoseek_val_00047480
Parc de Saint-Cloud,https://en.wikipedia.org/wiki/Parc_de_Saint-Cloud,What country does this park belong to?,What country does this park belong to?,String,France,0,0,0,infoseek,0,0,0,oven_05018543,infoseek_val_00047504
Smoky jungle frog,https://en.wikipedia.org/wiki/Smoky_jungle_frog,What is the closest parent taxonomy of this animal?,What is the closest parent taxonomy of this animal?,String,Leptodactylus,0,0,0,infoseek,0,0,0,oven_05047828,infoseek_val_00047519
Pohick Creek,https://en.wikipedia.org/wiki/Pohick_Creek,What water body does the river in the image drain to?,What water body does the river in the image drain to?,String,Potomac River,0,0,0,infoseek,0,0,0,oven_05011933,infoseek_val_00047535
Jasper National Park,https://en.wikipedia.org/wiki/Jasper_National_Park,who/what operates this park?,who/what operates this park?,String,Parks Canada,0,0,0,infoseek,0,0,0,oven_05011026,infoseek_val_00047689
Bidens cernua,https://en.wikipedia.org/wiki/Bidens_cernua,What is the closest upper taxonomy of this plant?,What is the closest upper taxonomy of this plant?,String,Bidens,0,0,0,infoseek,0,0,0,oven_05039015,infoseek_val_00047716
Tupolev Tu-134,https://en.wikipedia.org/wiki/Tupolev_Tu-134,What is the total quantity of produced items for this type of aircraft?,What is the total quantity of produced items for this type of aircraft?,Numerical,854,0,0,0,infoseek,0,0,0,oven_05009781,infoseek_val_00047755
Fort Clinch State Park,https://en.wikipedia.org/wiki/Fort_Clinch_State_Park,Which city or region does this park locate in?,Which city or region does this park locate in?,String,Nassau County,0,0,0,infoseek,0,0,0,oven_05018786,infoseek_val_00047794
Peregrine falcon,https://en.wikipedia.org/wiki/Peregrine_falcon,Which geographic area is this bird found?,Which geographic area is this bird found?,String,Brazil,0,0,0,infoseek,0,0,0,oven_05035666,infoseek_val_00047846
Barnes & Noble Nook,https://en.wikipedia.org/wiki/Barnes_%26_Noble_Nook,Who is the developer of this object?,Who is the developer of this object?,String,Barnes & Noble,0,0,0,infoseek,0,0,0,oven_05054371,infoseek_val_00047848
Chipping sparrow,https://en.wikipedia.org/wiki/Chipping_sparrow,What is the closest parent taxonomy of this bird?,What is the closest parent taxonomy of this bird?,String,Spizella,0,0,0,infoseek,0,0,0,oven_05042702,infoseek_val_00047892
Supermarine Spitfire,https://en.wikipedia.org/wiki/Supermarine_Spitfire,Who is the developer of this aircraft?,Who is the developer of this aircraft?,String,Supermarine,0,0,0,infoseek,0,0,0,oven_05009639,infoseek_val_00047923
New Brighton Lighthouse,https://en.wikipedia.org/wiki/New_Brighton_Lighthouse,What is the location of this building?,What is the location of this building?,String,New Brighton,0,0,0,infoseek,0,0,0,oven_05014700,infoseek_val_00048022
Shrine of Remembrance,https://en.wikipedia.org/wiki/Shrine_of_Remembrance,Who designed this building?,Who designed this building?,String,Hudson and Wardrop,0,0,0,infoseek,0,0,0,oven_05012137,infoseek_val_00048023
Ranunculus,https://en.wikipedia.org/wiki/Ranunculus,What is the closest upper taxonomy of this plant?,What is the closest upper taxonomy of this plant?,String,Ranunculeae,0,0,0,infoseek,0,0,0,oven_05027428,infoseek_val_00048041
Toxicodendron diversilobum,https://en.wikipedia.org/wiki/Toxicodendron_diversilobum,What is the basionym of this plant?,What is the basionym of this plant?,String,Rhus diversiloba,0,0,0,infoseek,0,0,0,oven_05044238,infoseek_val_00048095
Libochovice Chateau,https://en.wikipedia.org/wiki/Libochovice_Chateau,What is the architectural style of this building?,What is the architectural style of this building?,String,baroque architecture,0,0,0,infoseek,0,0,0,oven_05020275,infoseek_val_00048109
Dodge Caliber,https://en.wikipedia.org/wiki/Dodge_Caliber,What equipment or engine is used by this vehicle to provide power?,What equipment or engine is used by this vehicle to provide power?,String,gasoline engine,0,0,0,infoseek,0,0,0,oven_05010271,infoseek_val_00048172
Fontana della Barcaccia,https://en.wikipedia.org/wiki/Fontana_della_Barcaccia,Who is the architect of this building?,Who is the architect of this building?,String,Pietro Bernini,0,0,0,infoseek,0,0,0,oven_05016784,infoseek_val_00048197
Ulmus americana,https://en.wikipedia.org/wiki/Ulmus_americana,What is the closest parent taxonomy of this plant?,What is the closest parent taxonomy of this plant?,String,Ulmus,0,0,0,infoseek,0,0,0,oven_05033392,infoseek_val_00048213
Parallelia bistriaris,https://en.wikipedia.org/wiki/Parallelia_bistriaris,What is the closest upper taxonomy of this insect?,What is the closest upper taxonomy of this insect?,String,Parallelia,0,0,0,infoseek,0,0,0,oven_05036341,infoseek_val_00048219
Spaghetti,https://en.wikipedia.org/wiki/Spaghetti,What type of cuisine is this food?,What type of cuisine is this food?,String,Italian cuisine,0,0,0,infoseek,0,0,0,oven_04949020,infoseek_val_00048316
American woodcock,https://en.wikipedia.org/wiki/American_woodcock,What is the closest parent taxonomy of this bird?,What is the closest parent taxonomy of this bird?,String,Woodcock,0,0,0,infoseek,0,0,0,oven_05037554,infoseek_val_00048341
Neuenburg Castle (Freyburg),https://en.wikipedia.org/wiki/Neuenburg_Castle_(Freyburg),Which city or region does this building locate in?,Which city or region does this building locate in?,String,Freyburg,0,0,0,infoseek,0,0,0,oven_05012733,infoseek_val_00048362
Centaurea,https://en.wikipedia.org/wiki/Centaurea,What is the closest upper taxonomy of this plant?,What is the closest upper taxonomy of this plant?,String,Centaureinae,0,0,0,infoseek,0,0,0,oven_05066895,infoseek_val_00048471
Mycteroperca bonaci,https://en.wikipedia.org/wiki/Mycteroperca_bonaci,"What is the conservation status of this fish? (The status is assigned by the international union for conservation of nature. Choose one among Endangered,Least Concern,Critically Endangered,extinct species,extinct in the wild,Vulnerable,Near Threatened,Data Deficient)","What is the conservation status of this fish? (The status is assigned by the international union for conservation of nature. Choose one among Endangered,Least Concern,Critically Endangered,extinct species,extinct in the wild,Vulnerable,Near Threatened,Data Deficient)",String,Near Threatened,0,0,0,infoseek,0,0,0,oven_05051132,infoseek_val_00048486
Gorée,https://en.wikipedia.org/wiki/Gor%C3%A9e,Which body of water is this place located in or next to?,Which body of water is this place located in or next to?,String,Atlantic Ocean,0,0,0,infoseek,0,0,0,oven_05013093,infoseek_val_00048525
Stilton,https://en.wikipedia.org/wiki/Stilton,Which historic county does this village belong to?,Which historic county does this village belong to?,String,Huntingdonshire,0,0,0,infoseek,0,0,0,oven_05064026,infoseek_val_00048574
ATR 72,https://en.wikipedia.org/wiki/ATR_72,What is the total quantity of produced items for this type of aircraft?,What is the total quantity of produced items for this type of aircraft?,Numerical,1000,0,0,0,infoseek,0,0,0,oven_05010002,infoseek_val_00048587
Yosemite National Park,https://en.wikipedia.org/wiki/Yosemite_National_Park,which mountain range is this park belong to?,which mountain range is this park belong to?,String,Sierra Nevada,0,0,0,infoseek,0,0,0,oven_05017808,infoseek_val_00048701
Central United Methodist Church (Manila),https://en.wikipedia.org/wiki/Central_United_Methodist_Church_(Manila),What country does this building belong to?,What country does this building belong to?,String,Philippines,0,0,0,infoseek,0,0,0,oven_05024520,infoseek_val_00048715
White-winged dove,https://en.wikipedia.org/wiki/White-winged_dove,How heavy does this bird typically grow up to in terms of gram?,How heavy does this bird typically grow up to in terms of gram?,Numerical,153,0,0,0,infoseek,0,0,0,oven_05041228,infoseek_val_00048732
Epitheca princeps,https://en.wikipedia.org/wiki/Epitheca_princeps,"What is the conservation status of this insect? (The status is assigned by the international union for conservation of nature. Choose one among Endangered,Least Concern,Critically Endangered,extinct species,extinct in the wild,Vulnerable,Near Threatened,Data Deficient)","What is the conservation status of this insect? (The status is assigned by the international union for conservation of nature. Choose one among Endangered,Least Concern,Critically Endangered,extinct species,extinct in the wild,Vulnerable,Near Threatened,Data Deficient)",String,Least Concern,0,0,0,infoseek,0,0,0,oven_05039955,infoseek_val_00048740
Dodge Magnum,https://en.wikipedia.org/wiki/Dodge_Magnum,What is the brand of this vehicle?,What is the brand of this vehicle?,String,Dodge,0,0,0,infoseek,0,0,0,oven_05010690,infoseek_val_00048894
Lobelia inflata,https://en.wikipedia.org/wiki/Lobelia_inflata,What is the closest upper taxonomy of this plant?,What is the closest upper taxonomy of this plant?,String,Lobelia,0,0,0,infoseek,0,0,0,oven_05030253,infoseek_val_00048920
Muscovy duck,https://en.wikipedia.org/wiki/Muscovy_duck,What is the litter size of this bird?,What is the litter size of this bird?,Numerical,11,0,0,0,infoseek,0,0,0,oven_05038096,infoseek_val_00048998
Woodlouse,https://en.wikipedia.org/wiki/Woodlouse,What is the closest upper taxonomy of this animal?,What is the closest upper taxonomy of this animal?,String,Isopoda,0,0,0,infoseek,0,0,0,oven_05048856,infoseek_val_00049091
Egyptian goose,https://en.wikipedia.org/wiki/Egyptian_goose,Which location has this bird invaded?,Which location has this bird invaded?,String,European Union,0,0,0,infoseek,0,0,0,oven_05031181,infoseek_val_00049143
"Chapel of the Resurrection (Valparaiso, Indiana)","https://en.wikipedia.org/wiki/Chapel_of_the_Resurrection_(Valparaiso,_Indiana)",In which year did this building officially open?,In which year did this building officially open?,Time,1959,0,0,0,infoseek,0,0,0,oven_05017384,infoseek_val_00049173
Dendrocalamus giganteus,https://en.wikipedia.org/wiki/Dendrocalamus_giganteus,What is the closest parent taxonomy of this plant?,What is the closest parent taxonomy of this plant?,String,Dendrocalamus,0,0,0,infoseek,0,0,0,oven_05067344,infoseek_val_00049213
Electric motor,https://en.wikipedia.org/wiki/Electric_motor,What equipment or engine is used by this item to provide power?,What equipment or engine is used by this item to provide power?,String,magnet,0,0,0,infoseek,0,0,0,oven_05054902,infoseek_val_00049230
Cerioporus squamosus,https://en.wikipedia.org/wiki/Cerioporus_squamosus,What is the hymenium type of this plant?,What is the hymenium type of this plant?,String,pores,0,0,0,infoseek,0,0,0,oven_05043415,infoseek_val_00049232
Grindelia stricta,https://en.wikipedia.org/wiki/Grindelia_stricta,What is the closest upper taxonomy of this plant?,What is the closest upper taxonomy of this plant?,String,Grindelia,0,0,0,infoseek,0,0,0,oven_05042476,infoseek_val_00049259
Quercus kelloggii,https://en.wikipedia.org/wiki/Quercus_kelloggii,What is the closest parent taxonomy of this plant?,What is the closest parent taxonomy of this plant?,String,Quercus,0,0,0,infoseek,0,0,0,oven_05046165,infoseek_val_00049314
Callopistria mollissima,https://en.wikipedia.org/wiki/Callopistria_mollissima,What is the closest upper taxonomy of this insect?,What is the closest upper taxonomy of this insect?,String,Callopistria,0,0,0,infoseek,0,0,0,oven_05032908,infoseek_val_00049348
Macramé,https://en.wikipedia.org/wiki/Macram%C3%A9,What product does this object produce?,What product does this object produce?,String,macramé,0,0,0,infoseek,0,0,0,oven_05056988,infoseek_val_00049358
Dythemis nigrescens,https://en.wikipedia.org/wiki/Dythemis_nigrescens,What is the closest upper taxonomy of this insect?,What is the closest upper taxonomy of this insect?,String,Dythemis,0,0,0,infoseek,0,0,0,oven_05033670,infoseek_val_00049408
Avena fatua,https://en.wikipedia.org/wiki/Avena_fatua,What is the closest upper taxonomy of this plant?,What is the closest upper taxonomy of this plant?,String,Avena,0,0,0,infoseek,0,0,0,oven_05042038,infoseek_val_00049441
European rhinoceros beetle,https://en.wikipedia.org/wiki/European_rhinoceros_beetle,What is the closest parent taxonomy of this insect?,What is the closest parent taxonomy of this insect?,String,Oryctes,0,0,0,infoseek,0,0,0,oven_05040064,infoseek_val_00049486
Coenonympha tullia,https://en.wikipedia.org/wiki/Coenonympha_tullia,What is the closest upper taxonomy of this insect?,What is the closest upper taxonomy of this insect?,String,Coenonympha,0,0,0,infoseek,0,0,0,oven_05033309,infoseek_val_00049514
Common sandpiper,https://en.wikipedia.org/wiki/Common_sandpiper,What is the closest parent taxonomy of this bird?,What is the closest parent taxonomy of this bird?,String,Actitis,0,0,0,infoseek,0,0,0,oven_05030007,infoseek_val_00049535
Prunus serotina,https://en.wikipedia.org/wiki/Prunus_serotina,What is the closest upper taxonomy of this plant?,What is the closest upper taxonomy of this plant?,String,Prunus,0,0,0,infoseek,0,0,0,oven_05036521,infoseek_val_00049542
Clérigos Church,https://en.wikipedia.org/wiki/Cl%C3%A9rigos_Church,Who is the architect of this building?,Who is the architect of this building?,String,Nicolau Nasoni,0,0,0,infoseek,0,0,0,oven_05022351,infoseek_val_00049555
Central Sofia Market Hall,https://en.wikipedia.org/wiki/Central_Sofia_Market_Hall,What is the location of this place?,What is the location of this place?,String,Sofia,0,0,0,infoseek,0,0,0,oven_05016780,infoseek_val_00049557
Maksutov telescope,https://en.wikipedia.org/wiki/Maksutov_telescope,Who is the discoverer or inventor of this object?,Who is the discoverer or inventor of this object?,String,Dmitry Dmitrievich Maksutov,0,0,0,infoseek,0,0,0,oven_05057050,infoseek_val_00049566
Lake Orestiada,https://en.wikipedia.org/wiki/Lake_Orestiada,What is the sea level in metre of this lake?,What is the sea level in metre of this lake?,Numerical,630,0,0,0,infoseek,0,0,0,oven_05022711,infoseek_val_00049618
Sigiriya,https://en.wikipedia.org/wiki/Sigiriya,Who designed this place?,Who designed this place?,String,Kashyapa I of Anuradhapura,0,0,0,infoseek,0,0,0,oven_05013835,infoseek_val_00049628
Sheep moth,https://en.wikipedia.org/wiki/Sheep_moth,What is the closest upper taxonomy of this insect?,What is the closest upper taxonomy of this insect?,String,Hemileuca,0,0,0,infoseek,0,0,0,oven_05034050,infoseek_val_00049696
York River State Park,https://en.wikipedia.org/wiki/York_River_State_Park,Which city or region does this facility locate in?,Which city or region does this facility locate in?,String,James City County,0,0,0,infoseek,0,0,0,oven_05026164,infoseek_val_00049785
Euonymus fortunei,https://en.wikipedia.org/wiki/Euonymus_fortunei,What is the closest parent taxonomy of this plant?,What is the closest parent taxonomy of this plant?,String,Euonymus,0,0,0,infoseek,0,0,0,oven_05028874,infoseek_val_00049793
Nasir-ol-Molk Mosque,https://en.wikipedia.org/wiki/Nasir-ol-Molk_Mosque,In which year did this facility officially open?,In which year did this facility officially open?,Time,1888,0,0,0,infoseek,0,0,0,oven_05013742,infoseek_val_00049883
Embraer Legacy 600,https://en.wikipedia.org/wiki/Embraer_Legacy_600,what is the date this vehicle took the first flight?,what is the date this vehicle took the first flight?,Time,2001 3 31,0,0,0,infoseek,0,0,0,oven_05009628,infoseek_val_00049898
Arch of Hadrian (Jerash),https://en.wikipedia.org/wiki/Arch_of_Hadrian_(Jerash),What is this place dedicated to?,What is this place dedicated to?,String,Hadrian,0,0,0,infoseek,0,0,0,oven_05020023,infoseek_val_00050041
Monument Valley,https://en.wikipedia.org/wiki/Monument_Valley,What is the location of this place?,What is the location of this place?,String,Colorado Plateau,0,0,0,infoseek,0,0,0,oven_05019071,infoseek_val_00050059
Agrochola bicolorago,https://en.wikipedia.org/wiki/Agrochola_bicolorago,What is the closest upper taxonomy of this insect?,What is the closest upper taxonomy of this insect?,String,Agrochola,0,0,0,infoseek,0,0,0,oven_05039082,infoseek_val_00050138
Gymnocarpium robertianum,https://en.wikipedia.org/wiki/Gymnocarpium_robertianum,What is the closest parent taxonomy of this plant?,What is the closest parent taxonomy of this plant?,String,Gymnocarpium,0,0,0,infoseek,0,0,0,oven_05070135,infoseek_val_00050220
Megisto cymela,https://en.wikipedia.org/wiki/Megisto_cymela,What is the closest upper taxonomy of this insect?,What is the closest upper taxonomy of this insect?,String,Megisto,0,0,0,infoseek,0,0,0,oven_05037771,infoseek_val_00050256
Potentilla recta,https://en.wikipedia.org/wiki/Potentilla_recta,What is the closest parent taxonomy of this plant?,What is the closest parent taxonomy of this plant?,String,Potentilla,0,0,0,infoseek,0,0,0,oven_05039458,infoseek_val_00050367
Penstemon newberryi,https://en.wikipedia.org/wiki/Penstemon_newberryi,What is the closest upper taxonomy of this plant?,What is the closest upper taxonomy of this plant?,String,Penstemon,0,0,0,infoseek,0,0,0,oven_05033506,infoseek_val_00050414
Salix exigua,https://en.wikipedia.org/wiki/Salix_exigua,What is the closest upper taxonomy of this plant?,What is the closest upper taxonomy of this plant?,String,Salix,0,0,0,infoseek,0,0,0,oven_05037244,infoseek_val_00050426
Sisymbrium irio,https://en.wikipedia.org/wiki/Sisymbrium_irio,What is the closest upper taxonomy of this plant?,What is the closest upper taxonomy of this plant?,String,Sisymbrium,0,0,0,infoseek,0,0,0,oven_05031812,infoseek_val_00050445
Petra,https://en.wikipedia.org/wiki/Petra,Which culture is associated with this city?,Which culture is associated with this city?,String,Nabataean kingdom,0,0,0,infoseek,0,0,0,oven_05011771,infoseek_val_00050452
Emerita analoga,https://en.wikipedia.org/wiki/Emerita_analoga,What is the closest parent taxonomy of this animal?,What is the closest parent taxonomy of this animal?,String,Emerita,0,0,0,infoseek,0,0,0,oven_05034018,infoseek_val_00050490
Vanšu Bridge,https://en.wikipedia.org/wiki/Van%C5%A1u_Bridge,In which year did this bridge officially open?,In which year did this bridge officially open?,Time,1981,0,0,0,infoseek,0,0,0,oven_05019131,infoseek_val_00050593
Isuzu Ascender,https://en.wikipedia.org/wiki/Isuzu_Ascender,Who is the manufacturer of this vehicle?,Who is the manufacturer of this vehicle?,String,General Motors|Isuzu,0,0,0,infoseek,0,0,0,oven_05010362,infoseek_val_00050671
Harris's sparrow,https://en.wikipedia.org/wiki/Harris%27s_sparrow,What is the closest parent taxonomy of this bird?,What is the closest parent taxonomy of this bird?,String,Zonotrichia,0,0,0,infoseek,0,0,0,oven_05030499,infoseek_val_00050720
Lycaena hyllus,https://en.wikipedia.org/wiki/Lycaena_hyllus,What is the closest parent taxonomy of this insect?,What is the closest parent taxonomy of this insect?,String,Lycaena,0,0,0,infoseek,0,0,0,oven_05039219,infoseek_val_00050770
Automeris io,https://en.wikipedia.org/wiki/Automeris_io,What is the closest parent taxonomy of this insect?,What is the closest parent taxonomy of this insect?,String,Automeris,0,0,0,infoseek,0,0,0,oven_05042529,infoseek_val_00050794
Prunus ilicifolia,https://en.wikipedia.org/wiki/Prunus_ilicifolia,What is the basionym of this plant?,What is the basionym of this plant?,String,Cerasus ilicifolia,0,0,0,infoseek,0,0,0,oven_05039143,infoseek_val_00050803
Fuchsia excorticata,https://en.wikipedia.org/wiki/Fuchsia_excorticata,Which place is this plant endemic to?,Which place is this plant endemic to?,String,New Zealand,0,0,0,infoseek,0,0,0,oven_05030556,infoseek_val_00050918
Gypsophila,https://en.wikipedia.org/wiki/Gypsophila,What is the closest parent taxonomy of this plant?,What is the closest parent taxonomy of this plant?,String,Caryophyllaceae,0,0,0,infoseek,0,0,0,oven_05066435,infoseek_val_00050935
Strecker's chorus frog,https://en.wikipedia.org/wiki/Strecker%27s_chorus_frog,"What is the conservation status of this animal? (The status is assigned by the international union for conservation of nature. Choose one among Endangered,Least Concern,Critically Endangered,extinct species,extinct in the wild,Vulnerable,Near Threatened,Data Deficient)","What is the conservation status of this animal? (The status is assigned by the international union for conservation of nature. Choose one among Endangered,Least Concern,Critically Endangered,extinct species,extinct in the wild,Vulnerable,Near Threatened,Data Deficient)",String,Least Concern,0,0,0,infoseek,0,0,0,oven_05037097,infoseek_val_00051022
Ambigolimax valentianus,https://en.wikipedia.org/wiki/Ambigolimax_valentianus,What is the closest upper taxonomy of this animal?,What is the closest upper taxonomy of this animal?,String,Ambigolimax,0,0,0,infoseek,0,0,0,oven_05038716,infoseek_val_00051040
Battersea Power Station,https://en.wikipedia.org/wiki/Battersea_Power_Station,Who is the architect of this facility?,Who is the architect of this facility?,String,Giles Gilbert Scott,0,0,0,infoseek,0,0,0,oven_05013610,infoseek_val_00051046
Hoher Kasten,https://en.wikipedia.org/wiki/Hoher_Kasten,which mountain range is this mountain belong to?,which mountain range is this mountain belong to?,String,Appenzell Alps,0,0,0,infoseek,0,0,0,oven_05011176,infoseek_val_00051158
Machu Picchu,https://en.wikipedia.org/wiki/Machu_Picchu,What is the sea level in metre of this building?,What is the sea level in metre of this building?,Numerical,2430,0,0,0,infoseek,0,0,0,oven_05024353,infoseek_val_00051180
Derawar Fort,https://en.wikipedia.org/wiki/Derawar_Fort,Which (geo)physical feature is the building located in or on?,Which (geo)physical feature is the building located in or on?,String,Cholistan Desert,0,0,0,infoseek,0,0,0,oven_05013389,infoseek_val_00051204
Col de la Givrine,https://en.wikipedia.org/wiki/Col_de_la_Givrine,What is the sea level in metre of this mountain?,What is the sea level in metre of this mountain?,Numerical,1228,0,0,0,infoseek,0,0,0,oven_05019550,infoseek_val_00051223
Mesembryanthemum cordifolium,https://en.wikipedia.org/wiki/Mesembryanthemum_cordifolium,What is the closest parent taxonomy of this plant?,What is the closest parent taxonomy of this plant?,String,Mesembryanthemum,0,0,0,infoseek,0,0,0,oven_05045181,infoseek_val_00051238
Erigenia,https://en.wikipedia.org/wiki/Erigenia,What is the closest upper taxonomy of this plant?,What is the closest upper taxonomy of this plant?,String,Erigenia,0,0,0,infoseek,0,0,0,oven_05036719,infoseek_val_00051245
Asplenium,https://en.wikipedia.org/wiki/Asplenium,What is the closest parent taxonomy of this plant?,What is the closest parent taxonomy of this plant?,String,Aspleniaceae,0,0,0,infoseek,0,0,0,oven_05070001,infoseek_val_00051277
Schwägalp Pass,https://en.wikipedia.org/wiki/Schw%C3%A4galp_Pass,What country does this mountain belong to?,What country does this mountain belong to?,String,Switzerland,0,0,0,infoseek,0,0,0,oven_05025758,infoseek_val_00051279
Hoffmann's two-toed sloth,https://en.wikipedia.org/wiki/Hoffmann%27s_two-toed_sloth,How many days does the gestation of this animal take?,How many days does the gestation of this animal take?,Numerical,350,0,0,0,infoseek,0,0,0,oven_05041326,infoseek_val_00051287
Echinargus isola,https://en.wikipedia.org/wiki/Echinargus_isola,What is the length of the wingspan in millimetre of this insect?,What is the length of the wingspan in millimetre of this insect?,Numerical,16.0-23.0,0,0,0,infoseek,0,0,0,oven_05036906,infoseek_val_00051443
Anderton Boat Lift,https://en.wikipedia.org/wiki/Anderton_Boat_Lift,What country does this village belong to?,What country does this village belong to?,String,United Kingdom,0,0,0,infoseek,0,0,0,oven_05012008,infoseek_val_00051444
Peltandra virginica,https://en.wikipedia.org/wiki/Peltandra_virginica,What is the basionym of this plant?,What is the basionym of this plant?,String,Arum virginicum,0,0,0,infoseek,0,0,0,oven_05037587,infoseek_val_00051463
Hammond's flycatcher,https://en.wikipedia.org/wiki/Hammond%27s_flycatcher,What is the closest upper taxonomy of this bird?,What is the closest upper taxonomy of this bird?,String,Empidonax,0,0,0,infoseek,0,0,0,oven_05036592,infoseek_val_00051497
Misumena vatia,https://en.wikipedia.org/wiki/Misumena_vatia,What is the closest parent taxonomy of this insect?,What is the closest parent taxonomy of this insect?,String,Flower crab spider,0,0,0,infoseek,0,0,0,oven_05043800,infoseek_val_00051570
Dunguaire Castle,https://en.wikipedia.org/wiki/Dunguaire_Castle,Which historic county does this building belong to?,Which historic county does this building belong to?,String,County Galway,0,0,0,infoseek,0,0,0,oven_05019681,infoseek_val_00051582
Lenbachhaus,https://en.wikipedia.org/wiki/Lenbachhaus,In which year did this building officially open?,In which year did this building officially open?,Time,1929,0,0,0,infoseek,0,0,0,oven_05020649,infoseek_val_00051652
Apodemia mormo,https://en.wikipedia.org/wiki/Apodemia_mormo,What is the closest upper taxonomy of this insect?,What is the closest upper taxonomy of this insect?,String,Apodemia,0,0,0,infoseek,0,0,0,oven_05045093,infoseek_val_00051665
Jujube,https://en.wikipedia.org/wiki/Jujube,What is the closest upper taxonomy of this plant?,What is the closest upper taxonomy of this plant?,String,Ziziphus,0,0,0,infoseek,0,0,0,oven_05063492,infoseek_val_00051702
Ornithogalum umbellatum,https://en.wikipedia.org/wiki/Ornithogalum_umbellatum,What is the closest parent taxonomy of this plant?,What is the closest parent taxonomy of this plant?,String,Ornithogalum,0,0,0,infoseek,0,0,0,oven_05028885,infoseek_val_00051709
Boerhavia coccinea,https://en.wikipedia.org/wiki/Boerhavia_coccinea,What is the closest upper taxonomy of this plant?,What is the closest upper taxonomy of this plant?,String,Boerhavia,0,0,0,infoseek,0,0,0,oven_05037933,infoseek_val_00051911
Reddish egret,https://en.wikipedia.org/wiki/Reddish_egret,What is the closest upper taxonomy of this bird?,What is the closest upper taxonomy of this bird?,String,Egretta,0,0,0,infoseek,0,0,0,oven_05033877,infoseek_val_00051946
Common greenshank,https://en.wikipedia.org/wiki/Common_greenshank,What is the closest upper taxonomy of this bird?,What is the closest upper taxonomy of this bird?,String,Tringa,0,0,0,infoseek,0,0,0,oven_05037281,infoseek_val_00051967
Least grebe,https://en.wikipedia.org/wiki/Least_grebe,how many day is the egg incubation period of this bird?,how many day is the egg incubation period of this bird?,Numerical,21,0,0,0,infoseek,0,0,0,oven_05045399,infoseek_val_00051975
Parthenium integrifolium,https://en.wikipedia.org/wiki/Parthenium_integrifolium,What is the closest upper taxonomy of this plant?,What is the closest upper taxonomy of this plant?,String,Parthenium,0,0,0,infoseek,0,0,0,oven_05042683,infoseek_val_00052066
Château d'Écouen,https://en.wikipedia.org/wiki/Ch%C3%A2teau_d%27%C3%89couen,In which year did this building officially open?,In which year did this building officially open?,Time,1977,0,0,0,infoseek,0,0,0,oven_05016492,infoseek_val_00052080
ATR 72,https://en.wikipedia.org/wiki/ATR_72,what was the date this aircraft enter into service?,what was the date this aircraft enter into service?,Time,1989 10 27,0,0,0,infoseek,0,0,0,oven_05009995,infoseek_val_00052110
Palm tanager,https://en.wikipedia.org/wiki/Palm_tanager,What is the closest parent taxonomy of this bird?,What is the closest parent taxonomy of this bird?,String,Thraupis,0,0,0,infoseek,0,0,0,oven_05032915,infoseek_val_00052133
Corcovado,https://en.wikipedia.org/wiki/Corcovado,What is the sea level in metre of this mountain?,What is the sea level in metre of this mountain?,Numerical,710,0,0,0,infoseek,0,0,0,oven_05022106,infoseek_val_00052186
Golden pheasant,https://en.wikipedia.org/wiki/Golden_pheasant,how many day is the egg incubation period of this bird?,how many day is the egg incubation period of this bird?,Numerical,22,0,0,0,infoseek,0,0,0,oven_05048184,infoseek_val_00052188
Aegiceras corniculatum,https://en.wikipedia.org/wiki/Aegiceras_corniculatum,What is the closest upper taxonomy of this plant?,What is the closest upper taxonomy of this plant?,String,Aegiceras,0,0,0,infoseek,0,0,0,oven_05069393,infoseek_val_00052196
Ergaki,https://en.wikipedia.org/wiki/Ergaki,What country does this place belong to?,What country does this place belong to?,String,Russia,0,0,0,infoseek,0,0,0,oven_05015637,infoseek_val_00052198
Ruminant,https://en.wikipedia.org/wiki/Ruminant,What is the closest upper taxonomy of this animal?,What is the closest upper taxonomy of this animal?,String,Ruminantiamorpha,0,0,0,infoseek,0,0,0,oven_05050368,infoseek_val_00052203
Leucadendron argenteum,https://en.wikipedia.org/wiki/Leucadendron_argenteum,What is the closest parent taxonomy of this plant?,What is the closest parent taxonomy of this plant?,String,Leucadendron,0,0,0,infoseek,0,0,0,oven_05067530,infoseek_val_00052302
Nehru Trophy Boat Race,https://en.wikipedia.org/wiki/Nehru_Trophy_Boat_Race,What country does this sport belong to?,What country does this sport belong to?,String,India,0,0,0,infoseek,0,0,0,oven_05018479,infoseek_val_00052317
Cabo da Roca Lighthouse,https://en.wikipedia.org/wiki/Cabo_da_Roca_Lighthouse,What is the height of this building in metre?,What is the height of this building in metre?,Numerical,22,0,0,0,infoseek,0,0,0,oven_05019945,infoseek_val_00052337
Power inverter,https://en.wikipedia.org/wiki/Power_inverter,What product does this item produce?,What product does this item produce?,String,alternating current,0,0,0,infoseek,0,0,0,oven_05056500,infoseek_val_00052388
Monte Carlo Casino,https://en.wikipedia.org/wiki/Monte_Carlo_Casino,What date was the earliest written record of this building?,What date was the earliest written record of this building?,Time,1856 12 14,0,0,0,infoseek,0,0,0,oven_05010826,infoseek_val_00052447
Aporia crataegi,https://en.wikipedia.org/wiki/Aporia_crataegi,What is the closest parent taxonomy of this insect?,What is the closest parent taxonomy of this insect?,String,Aporia,0,0,0,infoseek,0,0,0,oven_05037989,infoseek_val_00052487
Sable antelope,https://en.wikipedia.org/wiki/Sable_antelope,What is the highest observed lifespan of this animal?,What is the highest observed lifespan of this animal?,Numerical,22.2,0,0,0,infoseek,0,0,0,oven_05050520,infoseek_val_00052510
Fomitopsis pinicola,https://en.wikipedia.org/wiki/Fomitopsis_pinicola,What is the spore print color of this plant?,What is the spore print color of this plant?,String,yellow,0,0,0,infoseek,0,0,0,oven_05032366,infoseek_val_00052546
Huaca de la Luna,https://en.wikipedia.org/wiki/Huaca_de_la_Luna,Which culture is associated with this building?,Which culture is associated with this building?,String,Moche culture,0,0,0,infoseek,0,0,0,oven_05024867,infoseek_val_00052555
Eurasian oystercatcher,https://en.wikipedia.org/wiki/Eurasian_oystercatcher,What is the closest parent taxonomy of this bird?,What is the closest parent taxonomy of this bird?,String,Haematopus,0,0,0,infoseek,0,0,0,oven_05042344,infoseek_val_00052567
Parasitic jaeger,https://en.wikipedia.org/wiki/Parasitic_jaeger,What is the closest parent taxonomy of this bird?,What is the closest parent taxonomy of this bird?,String,Stercorarius,0,0,0,infoseek,0,0,0,oven_05038343,infoseek_val_00052572
Ford Ranger (Americas),https://en.wikipedia.org/wiki/Ford_Ranger_(Americas),What is the immediately prior item that this vehicle follows in a series?,What is the immediately prior item that this vehicle follows in a series?,String,Ford Courier,0,0,0,infoseek,0,0,0,oven_05010206,infoseek_val_00052574
Mountain chickadee,https://en.wikipedia.org/wiki/Mountain_chickadee,What is the closest parent taxonomy of this bird?,What is the closest parent taxonomy of this bird?,String,Poecile,0,0,0,infoseek,0,0,0,oven_05045510,infoseek_val_00052604
Pelargonium peltatum,https://en.wikipedia.org/wiki/Pelargonium_peltatum,What is the closest upper taxonomy of this plant?,What is the closest upper taxonomy of this plant?,String,Pelargonium,0,0,0,infoseek,0,0,0,oven_05068674,infoseek_val_00052622
Tupolev Tu-134,https://en.wikipedia.org/wiki/Tupolev_Tu-134,In which year did this aircraft come into service?,In which year did this aircraft come into service?,Time,1967,0,0,0,infoseek,0,0,0,oven_05009851,infoseek_val_00052643
Trausnitz Castle,https://en.wikipedia.org/wiki/Trausnitz_Castle,What is the architectural style of this building?,What is the architectural style of this building?,String,Renaissance architecture,0,0,0,infoseek,0,0,0,oven_05015590,infoseek_val_00052658
Royal Andalusian School of Equestrian Art,https://en.wikipedia.org/wiki/Royal_Andalusian_School_of_Equestrian_Art,What country does this place belong to?,What country does this place belong to?,String,Spain,0,0,0,infoseek,0,0,0,oven_05025453,infoseek_val_00052700
Oklahoma City National Memorial,https://en.wikipedia.org/wiki/Oklahoma_City_National_Memorial,Which building or structure has been replaced by the building in the image?,Which building or structure has been replaced by the building in the image?,String,Alfred P. Murrah Federal Building,0,0,0,infoseek,0,0,0,oven_05015236,infoseek_val_00052782
Lake Orestiada,https://en.wikipedia.org/wiki/Lake_Orestiada,Which city or region does this lake locate in?,Which city or region does this lake locate in?,String,Western Macedonia,0,0,0,infoseek,0,0,0,oven_05022725,infoseek_val_00052783
Glasgow Cathedral,https://en.wikipedia.org/wiki/Glasgow_Cathedral,Which christian liturgical rite is this building associated with?,Which christian liturgical rite is this building associated with?,String,Church of Scotland,0,0,0,infoseek,0,0,0,oven_05023782,infoseek_val_00052805
Lantana camara,https://en.wikipedia.org/wiki/Lantana_camara,What is the closest parent taxonomy of this plant?,What is the closest parent taxonomy of this plant?,String,Lantana,0,0,0,infoseek,0,0,0,oven_05037865,infoseek_val_00052825
Gračanica Monastery,https://en.wikipedia.org/wiki/Gra%C4%8Danica_Monastery,What country does this building belong to?,What country does this building belong to?,String,Kosovo,0,0,0,infoseek,0,0,0,oven_05022038,infoseek_val_00052884
Andropogon glomeratus,https://en.wikipedia.org/wiki/Andropogon_glomeratus,What is the closest upper taxonomy of this plant?,What is the closest upper taxonomy of this plant?,String,Andropogon,0,0,0,infoseek,0,0,0,oven_05033764,infoseek_val_00052934
Calocedrus decurrens,https://en.wikipedia.org/wiki/Calocedrus_decurrens,What is the closest upper taxonomy of this plant?,What is the closest upper taxonomy of this plant?,String,Calocedrus,0,0,0,infoseek,0,0,0,oven_05031777,infoseek_val_00052935
Trillium chloropetalum,https://en.wikipedia.org/wiki/Trillium_chloropetalum,What is the basionym of this plant?,What is the basionym of this plant?,String,Trillium sessile var. chloropetalum,0,0,0,infoseek,0,0,0,oven_05044133,infoseek_val_00052999
Jungle cat,https://en.wikipedia.org/wiki/Jungle_cat,where do you usually find this animal?,where do you usually find this animal?,String,forest,0,0,0,infoseek,0,0,0,oven_05049697,infoseek_val_00053001
Miso,https://en.wikipedia.org/wiki/Miso,What type of cuisine is this food?,What type of cuisine is this food?,String,Japanese cuisine,0,0,0,infoseek,0,0,0,oven_05064075,infoseek_val_00053022
Rhododendron maximum,https://en.wikipedia.org/wiki/Rhododendron_maximum,What is the closest parent taxonomy of this plant?,What is the closest parent taxonomy of this plant?,String,Rhododendron,0,0,0,infoseek,0,0,0,oven_05039941,infoseek_val_00053043
Cornus,https://en.wikipedia.org/wiki/Cornus,What is the closest upper taxonomy of this plant?,What is the closest upper taxonomy of this plant?,String,Cornaceae,0,0,0,infoseek,0,0,0,oven_05069422,infoseek_val_00053156
Shwezigon Pagoda,https://en.wikipedia.org/wiki/Shwezigon_Pagoda,Which city or region does this building locate in?,Which city or region does this building locate in?,String,Nyaung-U,0,0,0,infoseek,0,0,0,oven_05022821,infoseek_val_00053279
Cabo da Roca Lighthouse,https://en.wikipedia.org/wiki/Cabo_da_Roca_Lighthouse,In which year did this building come into service?,In which year did this building come into service?,Time,1772,0,0,0,infoseek,0,0,0,oven_05019964,infoseek_val_00053298
White-lipped snail,https://en.wikipedia.org/wiki/White-lipped_snail,What is the closest parent taxonomy of this animal?,What is the closest parent taxonomy of this animal?,String,Cepaea,0,0,0,infoseek,0,0,0,oven_05043820,infoseek_val_00053422
Coriander,https://en.wikipedia.org/wiki/Coriander,What is the closest parent taxonomy of this plant?,What is the closest parent taxonomy of this plant?,String,Coriandrum,0,0,0,infoseek,0,0,0,oven_05063651,infoseek_val_00053448
Warsaw Uprising Monument,https://en.wikipedia.org/wiki/Warsaw_Uprising_Monument,What is the height of this building in metre?,What is the height of this building in metre?,Numerical,10,0,0,0,infoseek,0,0,0,oven_05019892,infoseek_val_00053495
Panoquina ocola,https://en.wikipedia.org/wiki/Panoquina_ocola,What is the closest parent taxonomy of this insect?,What is the closest parent taxonomy of this insect?,String,Panoquina,0,0,0,infoseek,0,0,0,oven_05045042,infoseek_val_00053525
Actaea racemosa,https://en.wikipedia.org/wiki/Actaea_racemosa,What is the closest parent taxonomy of this plant?,What is the closest parent taxonomy of this plant?,String,Actaea,0,0,0,infoseek,0,0,0,oven_05040123,infoseek_val_00053555
Amberd,https://en.wikipedia.org/wiki/Amberd,What is the sea level in metre of this building?,What is the sea level in metre of this building?,Numerical,2300,0,0,0,infoseek,0,0,0,oven_05024047,infoseek_val_00053710
Agapia Monastery,https://en.wikipedia.org/wiki/Agapia_Monastery,What is the location of this place?,What is the location of this place?,String,Agapia,0,0,0,infoseek,0,0,0,oven_05012896,infoseek_val_00053745
Long-billed curlew,https://en.wikipedia.org/wiki/Long-billed_curlew,What is the closest parent taxonomy of this bird?,What is the closest parent taxonomy of this bird?,String,Numenius,0,0,0,infoseek,0,0,0,oven_05037227,infoseek_val_00053777
Vologda,https://en.wikipedia.org/wiki/Vologda,Which body of water is this place located in or next to?,Which body of water is this place located in or next to?,String,Vologda River,0,0,0,infoseek,0,0,0,oven_05014222,infoseek_val_00053811
La Recoleta Cemetery,https://en.wikipedia.org/wiki/La_Recoleta_Cemetery,What country does this facility belong to?,What country does this facility belong to?,String,Argentina,0,0,0,infoseek,0,0,0,oven_05015757,infoseek_val_00053962
Lamborghini Gallardo,https://en.wikipedia.org/wiki/Lamborghini_Gallardo,How heavy does this vehicle typically grow up to in terms of kilogram?,How heavy does this vehicle typically grow up to in terms of kilogram?,Numerical,1520,0,0,0,infoseek,0,0,0,oven_05010674,infoseek_val_00053985
Gingham,https://en.wikipedia.org/wiki/Gingham,"What pattern, design or motif is applied to the surface of this material?","What pattern, design or motif is applied to the surface of this material?",String,check,0,0,0,infoseek,0,0,0,oven_05055603,infoseek_val_00053996
Lovage,https://en.wikipedia.org/wiki/Lovage,What is the closest parent taxonomy of this plant?,What is the closest parent taxonomy of this plant?,String,Levisticum,0,0,0,infoseek,0,0,0,oven_05063707,infoseek_val_00054010
Postelsia,https://en.wikipedia.org/wiki/Postelsia,What is the closest parent taxonomy of this plant?,What is the closest parent taxonomy of this plant?,String,Postelsia,0,0,0,infoseek,0,0,0,oven_05033155,infoseek_val_00054098
Diphasiastrum digitatum,https://en.wikipedia.org/wiki/Diphasiastrum_digitatum,What is the basionym of this plant?,What is the basionym of this plant?,String,Lycopodium digitatum,0,0,0,infoseek,0,0,0,oven_05036430,infoseek_val_00054119
Pont du Carrousel,https://en.wikipedia.org/wiki/Pont_du_Carrousel,Which city or region does this bridge locate in?,Which city or region does this bridge locate in?,String,Paris,0,0,0,infoseek,0,0,0,oven_05020932,infoseek_val_00054132
Aysgarth Falls,https://en.wikipedia.org/wiki/Aysgarth_Falls,Which historic county does this place belong to?,Which historic county does this place belong to?,String,Yorkshire,0,0,0,infoseek,0,0,0,oven_05016859,infoseek_val_00054173
Red-legged honeycreeper,https://en.wikipedia.org/wiki/Red-legged_honeycreeper,What is the length of the incubation period (in day) of this bird's egg?,What is the length of the incubation period (in day) of this bird's egg?,Numerical,12,0,0,0,infoseek,0,0,0,oven_05042212,infoseek_val_00054313
Syringa,https://en.wikipedia.org/wiki/Syringa,What is the closest upper taxonomy of this plant?,What is the closest upper taxonomy of this plant?,String,Ligustrinae,0,0,0,infoseek,0,0,0,oven_05068985,infoseek_val_00054316
Hanauma Bay,https://en.wikipedia.org/wiki/Hanauma_Bay,Which city or region does this place locate in?,Which city or region does this place locate in?,String,Honolulu County,0,0,0,infoseek,0,0,0,oven_05020558,infoseek_val_00054329
Western cottonmouth,https://en.wikipedia.org/wiki/Agkistrodon_piscivorus_leucostoma,What is the closest upper taxonomy of this animal?,What is the closest upper taxonomy of this animal?,String,Agkistrodon piscivorus,0,0,0,infoseek,0,0,0,oven_05035424,infoseek_val_00054388
Oregon Coast Scenic Railroad,https://en.wikipedia.org/wiki/Oregon_Coast_Scenic_Railroad,What country does this building belong to?,What country does this building belong to?,String,United States of America,0,0,0,infoseek,0,0,0,oven_05024941,infoseek_val_00054405
Buchlovice Castle,https://en.wikipedia.org/wiki/Buchlovice_Castle,Which city or region does this building locate in?,Which city or region does this building locate in?,String,Buchlovice,0,0,0,infoseek,0,0,0,oven_05011603,infoseek_val_00054417
Saint Gregory the Great Parish Church (Majayjay),https://en.wikipedia.org/wiki/Saint_Gregory_the_Great_Parish_Church_(Majayjay),What is this building dedicated to?,What is this building dedicated to?,String,Gregory I,0,0,0,infoseek,0,0,0,oven_05012251,infoseek_val_00054432
Allianz Arena,https://en.wikipedia.org/wiki/Allianz_Arena,On what date did this building officially open?,On what date did this building officially open?,Time,2005 5 30,0,0,0,infoseek,0,0,0,oven_05018307,infoseek_val_00054471
Salvia columbariae,https://en.wikipedia.org/wiki/Salvia_columbariae,What is the closest parent taxonomy of this plant?,What is the closest parent taxonomy of this plant?,String,Salvia,0,0,0,infoseek,0,0,0,oven_05035585,infoseek_val_00054529
Black-legged kittiwake,https://en.wikipedia.org/wiki/Black-legged_kittiwake,What is the length of the wingspan in metre of this bird?,What is the length of the wingspan in metre of this bird?,Numerical,0.96,0,0,0,infoseek,0,0,0,oven_05045854,infoseek_val_00054619
Yak,https://en.wikipedia.org/wiki/Domestic_yak,What is the closest upper taxonomy of this animal?,What is the closest upper taxonomy of this animal?,String,Bos,0,0,0,infoseek,0,0,0,oven_05050427,infoseek_val_00054715
Josselin Castle,https://en.wikipedia.org/wiki/Josselin_Castle,What country does this building belong to?,What country does this building belong to?,String,France,0,0,0,infoseek,0,0,0,oven_05020150,infoseek_val_00054726
Lookout,https://en.wikipedia.org/wiki/Lookout,What is the location of this person?,What is the location of this person?,String,crow's nest,0,0,0,infoseek,0,0,0,oven_04947527,infoseek_val_00054824
Sea otter,https://en.wikipedia.org/wiki/Sea_otter,What is the length of a female of this animal in centimetre?,What is the length of a female of this animal in centimetre?,Numerical,140,0,0,0,infoseek,0,0,0,oven_05043226,infoseek_val_00054857
Cardisoma guanhumi,https://en.wikipedia.org/wiki/Cardisoma_guanhumi,What is the closest parent taxonomy of this animal?,What is the closest parent taxonomy of this animal?,String,Cardisoma,0,0,0,infoseek,0,0,0,oven_05036673,infoseek_val_00054974
Hoopoe,https://en.wikipedia.org/wiki/Hoopoe,What is the closest parent taxonomy of this bird?,What is the closest parent taxonomy of this bird?,String,Bucerotiformes,0,0,0,infoseek,0,0,0,oven_05048281,infoseek_val_00054983
Celastrina lucia,https://en.wikipedia.org/wiki/Celastrina_lucia,What is the closest upper taxonomy of this insect?,What is the closest upper taxonomy of this insect?,String,Celastrina,0,0,0,infoseek,0,0,0,oven_05040963,infoseek_val_00054995
"Avenue of Stars, Hong Kong","https://en.wikipedia.org/wiki/Avenue_of_Stars,_Hong_Kong",Which city or region does this place locate in?,Which city or region does this place locate in?,String,Hong Kong,0,0,0,infoseek,0,0,0,oven_05018279,infoseek_val_00055030
Blackneck garter snake,https://en.wikipedia.org/wiki/Blackneck_garter_snake,What is the closest parent taxonomy of this animal?,What is the closest parent taxonomy of this animal?,String,Garter snake,0,0,0,infoseek,0,0,0,oven_05029971,infoseek_val_00055035
"Marble Church, Bodelwyddan","https://en.wikipedia.org/wiki/Marble_Church,_Bodelwyddan",What is the location of this building?,What is the location of this building?,String,Bodelwyddan,0,0,0,infoseek,0,0,0,oven_05013228,infoseek_val_00055126
Orobanche fasciculata,https://en.wikipedia.org/wiki/Orobanche_fasciculata,What is the closest upper taxonomy of this plant?,What is the closest upper taxonomy of this plant?,String,Orobanche,0,0,0,infoseek,0,0,0,oven_05041321,infoseek_val_00055200
Marina Beach,https://en.wikipedia.org/wiki/Marina_Beach,Which city or region does this place locate in?,Which city or region does this place locate in?,String,Chennai,0,0,0,infoseek,0,0,0,oven_05011373,infoseek_val_00055253
Coq au vin,https://en.wikipedia.org/wiki/Coq_au_vin,What is the country of origin of this food?,What is the country of origin of this food?,String,France,0,0,0,infoseek,0,0,0,oven_05064171,infoseek_val_00055259
Flying gurnard,https://en.wikipedia.org/wiki/Flying_gurnard,What is the closest upper taxonomy of this fish?,What is the closest upper taxonomy of this fish?,String,Dactylopterus,0,0,0,infoseek,0,0,0,oven_05051406,infoseek_val_00055277
Cascabela thevetia,https://en.wikipedia.org/wiki/Cascabela_thevetia,What is the closest parent taxonomy of this plant?,What is the closest parent taxonomy of this plant?,String,Cascabela,0,0,0,infoseek,0,0,0,oven_05066059,infoseek_val_00055358
Cautleya spicata,https://en.wikipedia.org/wiki/Cautleya_spicata,What is the basionym of this plant?,What is the basionym of this plant?,String,Roscoea spicata,0,0,0,infoseek,0,0,0,oven_05027183,infoseek_val_00055373
Rock dove,https://en.wikipedia.org/wiki/Rock_dove,how many millimetre is the wingspan of this bird?,how many millimetre is the wingspan of this bird?,Numerical,678.0-702.0,0,0,0,infoseek,0,0,0,oven_05046320,infoseek_val_00055406
Thames Barrier,https://en.wikipedia.org/wiki/Thames_Barrier,who/what operates this place?,who/what operates this place?,String,Greater London Council,0,0,0,infoseek,0,0,0,oven_05016563,infoseek_val_00055444
Cucurbita moschata,https://en.wikipedia.org/wiki/Cucurbita_moschata,What is the closest parent taxonomy of this plant?,What is the closest parent taxonomy of this plant?,String,Cucurbita,0,0,0,infoseek,0,0,0,oven_05067442,infoseek_val_00055517
Clintonia uniflora,https://en.wikipedia.org/wiki/Clintonia_uniflora,What is the closest upper taxonomy of this plant?,What is the closest upper taxonomy of this plant?,String,Clintonia,0,0,0,infoseek,0,0,0,oven_05029773,infoseek_val_00055533
Bombus vagans,https://en.wikipedia.org/wiki/Bombus_vagans,What is the closest upper taxonomy of this insect?,What is the closest upper taxonomy of this insect?,String,Bombus,0,0,0,infoseek,0,0,0,oven_05032002,infoseek_val_00055568
Argia sedula,https://en.wikipedia.org/wiki/Argia_sedula,What is the closest parent taxonomy of this insect?,What is the closest parent taxonomy of this insect?,String,Argia,0,0,0,infoseek,0,0,0,oven_05036764,infoseek_val_00055593
Common whitetail,https://en.wikipedia.org/wiki/Common_whitetail,What is the closest upper taxonomy of this insect?,What is the closest upper taxonomy of this insect?,String,Plathemis,0,0,0,infoseek,0,0,0,oven_05045026,infoseek_val_00055632
Deinacrida rugosa,https://en.wikipedia.org/wiki/Deinacrida_rugosa,Which place is this insect endemic to?,Which place is this insect endemic to?,String,New Zealand,0,0,0,infoseek,0,0,0,oven_05032573,infoseek_val_00055691
Oat,https://en.wikipedia.org/wiki/Oat,What is the closest parent taxonomy of this plant?,What is the closest parent taxonomy of this plant?,String,Avena,0,0,0,infoseek,0,0,0,oven_05067178,infoseek_val_00055697
Lion Rock,https://en.wikipedia.org/wiki/Lion_Rock,What is the height of this place in terms of metre above sea level?,What is the height of this place in terms of metre above sea level?,Numerical,495,0,0,0,infoseek,0,0,0,oven_05022393,infoseek_val_00055707
Mertensia paniculata,https://en.wikipedia.org/wiki/Mertensia_paniculata,What is the closest upper taxonomy of this plant?,What is the closest upper taxonomy of this plant?,String,Mertensia,0,0,0,infoseek,0,0,0,oven_05037067,infoseek_val_00055901
Dresden Hauptbahnhof,https://en.wikipedia.org/wiki/Dresden_Hauptbahnhof,who/what operates this building?,who/what operates this building?,String,DB Station&Service,0,0,0,infoseek,0,0,0,oven_05013877,infoseek_val_00055904
Ambrosia artemisiifolia,https://en.wikipedia.org/wiki/Ambrosia_artemisiifolia,What is the closest parent taxonomy of this plant?,What is the closest parent taxonomy of this plant?,String,Ambrosia,0,0,0,infoseek,0,0,0,oven_05040739,infoseek_val_00056143
Convenience,https://en.wikipedia.org/wiki/Convenience,What kind of effect does this object have?,What kind of effect does this object have?,String,improvement,0,0,0,infoseek,0,0,0,oven_04945883,infoseek_val_00056191
Lotus Temple,https://en.wikipedia.org/wiki/Lotus_Temple,In which year did this place officially open?,In which year did this place officially open?,Time,1986,0,0,0,infoseek,0,0,0,oven_05011114,infoseek_val_00056226
Vervet monkey,https://en.wikipedia.org/wiki/Vervet_monkey,What is the closest parent taxonomy of this animal?,What is the closest parent taxonomy of this animal?,String,Chlorocebus,0,0,0,infoseek,0,0,0,oven_05040370,infoseek_val_00056231
Alarm device,https://en.wikipedia.org/wiki/Alarm_device,What kind of effect does this item have?,What kind of effect does this item have?,String,signal|warning,0,0,0,infoseek,0,0,0,oven_05051641,infoseek_val_00056377
Megisto cymela,https://en.wikipedia.org/wiki/Megisto_cymela,how many millimetre is the wingspan of this insect?,how many millimetre is the wingspan of this insect?,Numerical,29.0-42.0,0,0,0,infoseek,0,0,0,oven_05037760,infoseek_val_00056422
Papilio troilus,https://en.wikipedia.org/wiki/Papilio_troilus,What is the closest upper taxonomy of this insect?,What is the closest upper taxonomy of this insect?,String,Papilio,0,0,0,infoseek,0,0,0,oven_05036621,infoseek_val_00056431
Dythemis velox,https://en.wikipedia.org/wiki/Dythemis_velox,"What is the conservation status of this insect? (The status is assigned by the international union for conservation of nature. Choose one among Endangered,Least Concern,Critically Endangered,extinct species,extinct in the wild,Vulnerable,Near Threatened,Data Deficient)","What is the conservation status of this insect? (The status is assigned by the international union for conservation of nature. Choose one among Endangered,Least Concern,Critically Endangered,extinct species,extinct in the wild,Vulnerable,Near Threatened,Data Deficient)",String,Least Concern,0,0,0,infoseek,0,0,0,oven_05040450,infoseek_val_00056433
Le Reculet,https://en.wikipedia.org/wiki/Le_Reculet,What is the sea level in metre of this mountain?,What is the sea level in metre of this mountain?,Numerical,1717,0,0,0,infoseek,0,0,0,oven_05015713,infoseek_val_00056441
Confederation Bridge,https://en.wikipedia.org/wiki/Confederation_Bridge,What country does this island belong to?,What country does this island belong to?,String,Canada,0,0,0,infoseek,0,0,0,oven_05018959,infoseek_val_00056501
Pseudognaphalium obtusifolium,https://en.wikipedia.org/wiki/Pseudognaphalium_obtusifolium,What is the closest parent taxonomy of this plant?,What is the closest parent taxonomy of this plant?,String,Pseudognaphalium,0,0,0,infoseek,0,0,0,oven_05037469,infoseek_val_00056532
Thymus serpyllum,https://en.wikipedia.org/wiki/Thymus_serpyllum,What is the closest upper taxonomy of this plant?,What is the closest upper taxonomy of this plant?,String,Thymus,0,0,0,infoseek,0,0,0,oven_05069278,infoseek_val_00056698
Fish,https://en.wikipedia.org/wiki/Fish,What is the closest upper taxonomy of this animal?,What is the closest upper taxonomy of this animal?,String,Gnathostomata,0,0,0,infoseek,0,0,0,oven_04945837,infoseek_val_00056722
Hazuri Bagh Baradari,https://en.wikipedia.org/wiki/Hazuri_Bagh_Baradari,What country does this place belong to?,What country does this place belong to?,String,Pakistan,0,0,0,infoseek,0,0,0,oven_05015914,infoseek_val_00056739
Medici Fountain,https://en.wikipedia.org/wiki/Medici_Fountain,Who are the structure engineers of this building?,Who are the structure engineers of this building?,String,Tommaso Francini,0,0,0,infoseek,0,0,0,oven_05023069,infoseek_val_00056743
Rila,https://en.wikipedia.org/wiki/Rila,What is the sea level in metre of this mountain?,What is the sea level in metre of this mountain?,Numerical,2925,0,0,0,infoseek,0,0,0,oven_05016609,infoseek_val_00056754
Blue grosbeak,https://en.wikipedia.org/wiki/Blue_grosbeak,What is the closest upper taxonomy of this bird?,What is the closest upper taxonomy of this bird?,String,Passerina,0,0,0,infoseek,0,0,0,oven_05037055,infoseek_val_00056763
Tephrosia virginiana,https://en.wikipedia.org/wiki/Tephrosia_virginiana,What is the closest parent taxonomy of this plant?,What is the closest parent taxonomy of this plant?,String,Tephrosia,0,0,0,infoseek,0,0,0,oven_05035556,infoseek_val_00056791
Bénédictine,https://en.wikipedia.org/wiki/B%C3%A9n%C3%A9dictine,Who is the discoverer or inventor of this drink?,Who is the discoverer or inventor of this drink?,String,Alexandre Le Grand,0,0,0,infoseek,0,0,0,oven_05064468,infoseek_val_00056805
Asplenium rhizophyllum,https://en.wikipedia.org/wiki/Asplenium_rhizophyllum,What is the closest parent taxonomy of this plant?,What is the closest parent taxonomy of this plant?,String,Asplenium,0,0,0,infoseek,0,0,0,oven_05035498,infoseek_val_00056826
Prohodna,https://en.wikipedia.org/wiki/Prohodna,Which city or region does this building locate in?,Which city or region does this building locate in?,String,Karlukovo,0,0,0,infoseek,0,0,0,oven_05026380,infoseek_val_00056865
Red-throated loon,https://en.wikipedia.org/wiki/Red-throated_loon,"What is the conservation status of this bird? (The status is assigned by the international union for conservation of nature. Choose one among Endangered,Least Concern,Critically Endangered,extinct species,extinct in the wild,Vulnerable,Near Threatened,Data Deficient)","What is the conservation status of this bird? (The status is assigned by the international union for conservation of nature. Choose one among Endangered,Least Concern,Critically Endangered,extinct species,extinct in the wild,Vulnerable,Near Threatened,Data Deficient)",String,Least Concern,0,0,0,infoseek,0,0,0,oven_05043068,infoseek_val_00056959
Lohagad,https://en.wikipedia.org/wiki/Lohagad,which mountain range is this place belong to?,which mountain range is this place belong to?,String,Western Ghats,0,0,0,infoseek,0,0,0,oven_05021409,infoseek_val_00056998
Okenia rosacea,https://en.wikipedia.org/wiki/Okenia_rosacea,What is the closest parent taxonomy of this animal?,What is the closest parent taxonomy of this animal?,String,Okenia,0,0,0,infoseek,0,0,0,oven_05037945,infoseek_val_00057004
Temple of Athena (Paestum),https://en.wikipedia.org/wiki/Temple_of_Athena_(Paestum),What is the location of this building?,What is the location of this building?,String,Paestum,0,0,0,infoseek,0,0,0,oven_05021716,infoseek_val_00057008
De Havilland Canada DHC-6 Twin Otter,https://en.wikipedia.org/wiki/De_Havilland_Canada_DHC-6_Twin_Otter,What is the maximum capacity of this aircraft?,What is the maximum capacity of this aircraft?,Numerical,19,0,0,0,infoseek,0,0,0,oven_00004044,infoseek_val_00057059
Chamaedaphne,https://en.wikipedia.org/wiki/Chamaedaphne,What is the closest upper taxonomy of this plant?,What is the closest upper taxonomy of this plant?,String,Ericaceae,0,0,0,infoseek,0,0,0,oven_05034509,infoseek_val_00057092
Golden-crowned sparrow,https://en.wikipedia.org/wiki/Golden-crowned_sparrow,What is the closest parent taxonomy of this bird?,What is the closest parent taxonomy of this bird?,String,Zonotrichia,0,0,0,infoseek,0,0,0,oven_05046098,infoseek_val_00057126
Batalha Monastery,https://en.wikipedia.org/wiki/Batalha_Monastery,What is the architectural style of this building?,What is the architectural style of this building?,String,Manueline|Gothic architecture,0,0,0,infoseek,0,0,0,oven_05020590,infoseek_val_00057139
Cahors Cathedral,https://en.wikipedia.org/wiki/Cahors_Cathedral,What is this building dedicated to?,What is this building dedicated to?,String,Stephen,0,0,0,infoseek,0,0,0,oven_05012973,infoseek_val_00057198
Palafoxia callosa,https://en.wikipedia.org/wiki/Palafoxia_callosa,What is the closest upper taxonomy of this plant?,What is the closest upper taxonomy of this plant?,String,Palafoxia,0,0,0,infoseek,0,0,0,oven_05029588,infoseek_val_00057239
Hermitage of El Rocío,https://en.wikipedia.org/wiki/Hermitage_of_El_Roc%C3%ADo,What country does this building belong to?,What country does this building belong to?,String,Spain,0,0,0,infoseek,0,0,0,oven_05015347,infoseek_val_00057309
Pachysphinx modesta,https://en.wikipedia.org/wiki/Pachysphinx_modesta,What is the closest upper taxonomy of this insect?,What is the closest upper taxonomy of this insect?,String,Pachysphinx,0,0,0,infoseek,0,0,0,oven_05040808,infoseek_val_00057325
Nougat,https://en.wikipedia.org/wiki/Nougat,What is the country of origin of this food?,What is the country of origin of this food?,String,Italy,0,0,0,infoseek,0,0,0,oven_05062875,infoseek_val_00057328
Pantherophis alleghaniensis,https://en.wikipedia.org/wiki/Pantherophis_alleghaniensis,Where is this animal native to?,Where is this animal native to?,String,United States of America,0,0,0,infoseek,0,0,0,oven_05034272,infoseek_val_00057404
Elephant,https://en.wikipedia.org/wiki/Elephant,What is the height of this animal in metre?,What is the height of this animal in metre?,Numerical,4,0,0,0,infoseek,0,0,0,oven_04945756,infoseek_val_00057476
Green and black poison dart frog,https://en.wikipedia.org/wiki/Green_and_black_poison_dart_frog,"What is the conservation status of this animal? (The status is assigned by the international union for conservation of nature. Choose one among Endangered,Least Concern,Critically Endangered,extinct species,extinct in the wild,Vulnerable,Near Threatened,Data Deficient)","What is the conservation status of this animal? (The status is assigned by the international union for conservation of nature. Choose one among Endangered,Least Concern,Critically Endangered,extinct species,extinct in the wild,Vulnerable,Near Threatened,Data Deficient)",String,Least Concern,0,0,0,infoseek,0,0,0,oven_05029534,infoseek_val_00057492
Fissurella volcano,https://en.wikipedia.org/wiki/Fissurella_volcano,What is the closest parent taxonomy of this animal?,What is the closest parent taxonomy of this animal?,String,Fissurella,0,0,0,infoseek,0,0,0,oven_05034719,infoseek_val_00057496
Forte do Presépio,https://en.wikipedia.org/wiki/Forte_do_Pres%C3%A9pio,Which city or region does this building locate in?,Which city or region does this building locate in?,String,Belém,0,0,0,infoseek,0,0,0,oven_05022896,infoseek_val_00057504
Tiarella,https://en.wikipedia.org/wiki/Tiarella,What is the closest parent taxonomy of this plant?,What is the closest parent taxonomy of this plant?,String,Saxifragaceae,0,0,0,infoseek,0,0,0,oven_05069082,infoseek_val_00057540
Cucurbita foetidissima,https://en.wikipedia.org/wiki/Cucurbita_foetidissima,What is the closest parent taxonomy of this plant?,What is the closest parent taxonomy of this plant?,String,Cucurbita,0,0,0,infoseek,0,0,0,oven_05030106,infoseek_val_00057592
Arctostaphylos glauca,https://en.wikipedia.org/wiki/Arctostaphylos_glauca,What is the closest parent taxonomy of this plant?,What is the closest parent taxonomy of this plant?,String,Arctostaphylos,0,0,0,infoseek,0,0,0,oven_05044894,infoseek_val_00057613
Hoffmann's two-toed sloth,https://en.wikipedia.org/wiki/Hoffmann%27s_two-toed_sloth,What is the closest upper taxonomy of this animal?,What is the closest upper taxonomy of this animal?,String,Choloepus,0,0,0,infoseek,0,0,0,oven_05041329,infoseek_val_00057636
Chinese mystery snail,https://en.wikipedia.org/wiki/Chinese_mystery_snail,What is the closest upper taxonomy of this animal?,What is the closest upper taxonomy of this animal?,String,Bellamya,0,0,0,infoseek,0,0,0,oven_05030323,infoseek_val_00057750
Grey plover,https://en.wikipedia.org/wiki/Grey_plover,What is the closest parent taxonomy of this bird?,What is the closest parent taxonomy of this bird?,String,Pluvialis,0,0,0,infoseek,0,0,0,oven_05029102,infoseek_val_00057754
Palais de Chaillot,https://en.wikipedia.org/wiki/Palais_de_Chaillot,What is the immediately prior item that this building follows in a series?,What is the immediately prior item that this building follows in a series?,String,Palais du Trocadéro,0,0,0,infoseek,0,0,0,oven_05015432,infoseek_val_00057758
Aizoaceae,https://en.wikipedia.org/wiki/Aizoaceae,What is the closest parent taxonomy of this plant?,What is the closest parent taxonomy of this plant?,String,Caryophyllales,0,0,0,infoseek,0,0,0,oven_05066459,infoseek_val_00057791
Battersea Power Station,https://en.wikipedia.org/wiki/Battersea_Power_Station,What is the installed power capacity of this in megawatt?,What is the installed power capacity of this in megawatt?,Numerical,500,0,0,0,infoseek,0,0,0,oven_05013603,infoseek_val_00057807
Cupressus arizonica,https://en.wikipedia.org/wiki/Cupressus_arizonica,What is the closest parent taxonomy of this plant?,What is the closest parent taxonomy of this plant?,String,Cupressus,0,0,0,infoseek,0,0,0,oven_05065643,infoseek_val_00057818
Będzin Castle,https://en.wikipedia.org/wiki/B%C4%99dzin_Castle,Which city or region does this building locate in?,Which city or region does this building locate in?,String,Będzin,0,0,0,infoseek,0,0,0,oven_05013075,infoseek_val_00057830
Le Reculet,https://en.wikipedia.org/wiki/Le_Reculet,Which city or region does this mountain locate in?,Which city or region does this mountain locate in?,String,Thoiry,0,0,0,infoseek,0,0,0,oven_05015695,infoseek_val_00057882
Diaphania hyalinata,https://en.wikipedia.org/wiki/Diaphania_hyalinata,What is the closest parent taxonomy of this insect?,What is the closest parent taxonomy of this insect?,String,Diaphania,0,0,0,infoseek,0,0,0,oven_05045112,infoseek_val_00057941
Prinzipalmarkt,https://en.wikipedia.org/wiki/Prinzipalmarkt,Which city or region does this building locate in?,Which city or region does this building locate in?,String,Münster,0,0,0,infoseek,0,0,0,oven_05026193,infoseek_val_00057953
Western reef heron,https://en.wikipedia.org/wiki/Western_reef_heron,where is this bird originally discovered?,where is this bird originally discovered?,String,Brazil,0,0,0,infoseek,0,0,0,oven_05037595,infoseek_val_00057973
Luetkea,https://en.wikipedia.org/wiki/Luetkea,What is the closest upper taxonomy of this plant?,What is the closest upper taxonomy of this plant?,String,Luetkea,0,0,0,infoseek,0,0,0,oven_05031746,infoseek_val_00058032
Great crested flycatcher,https://en.wikipedia.org/wiki/Great_crested_flycatcher,What is the closest upper taxonomy of this bird?,What is the closest upper taxonomy of this bird?,String,Myiarchus,0,0,0,infoseek,0,0,0,oven_05028984,infoseek_val_00058041
Ajloun Castle,https://en.wikipedia.org/wiki/Ajloun_Castle,Which city or region does this building locate in?,Which city or region does this building locate in?,String,Ajloun,0,0,0,infoseek,0,0,0,oven_05018670,infoseek_val_00058194
Trajan's Market,https://en.wikipedia.org/wiki/Trajan%27s_Market,Who designed this place?,Who designed this place?,String,Apollodorus of Damascus,0,0,0,infoseek,0,0,0,oven_05019658,infoseek_val_00058255
Battersea Power Station,https://en.wikipedia.org/wiki/Battersea_Power_Station,In which year was this facility retired from operational service?,In which year was this facility retired from operational service?,Time,1983,0,0,0,infoseek,0,0,0,oven_05013622,infoseek_val_00058301
Doornenburg Castle,https://en.wikipedia.org/wiki/Doornenburg_Castle,What is the location of this building?,What is the location of this building?,String,Doornenburg,0,0,0,infoseek,0,0,0,oven_05022844,infoseek_val_00058363
Tussilago,https://en.wikipedia.org/wiki/Tussilago,What is the closest parent taxonomy of this plant?,What is the closest parent taxonomy of this plant?,String,Tussilago,0,0,0,infoseek,0,0,0,oven_05039318,infoseek_val_00058407
Common box turtle,https://en.wikipedia.org/wiki/Common_box_turtle,"What is the conservation status of this animal? (The status is assigned by the international union for conservation of nature. Choose one among Endangered,Least Concern,Critically Endangered,extinct species,extinct in the wild,Vulnerable,Near Threatened,Data Deficient)","What is the conservation status of this animal? (The status is assigned by the international union for conservation of nature. Choose one among Endangered,Least Concern,Critically Endangered,extinct species,extinct in the wild,Vulnerable,Near Threatened,Data Deficient)",String,Vulnerable,0,0,0,infoseek,0,0,0,oven_05046237,infoseek_val_00058418
Claviceps purpurea,https://en.wikipedia.org/wiki/Claviceps_purpurea,What is the closest parent taxonomy of this plant?,What is the closest parent taxonomy of this plant?,String,Ergot,0,0,0,infoseek,0,0,0,oven_05069449,infoseek_val_00058455
Palazzo Re Enzo,https://en.wikipedia.org/wiki/Palazzo_Re_Enzo,What country does this building belong to?,What country does this building belong to?,String,Italy,0,0,0,infoseek,0,0,0,oven_05014918,infoseek_val_00058496
Lomaria discolor,https://en.wikipedia.org/wiki/Lomaria_discolor,Where is this plant native to?,Where is this plant native to?,String,New Zealand,0,0,0,infoseek,0,0,0,oven_05039705,infoseek_val_00058533
Andropogon gerardi,https://en.wikipedia.org/wiki/Andropogon_gerardi,What is the closest upper taxonomy of this plant?,What is the closest upper taxonomy of this plant?,String,Andropogon,0,0,0,infoseek,0,0,0,oven_05029725,infoseek_val_00058562
"Santa Teresa, Rio de Janeiro","https://en.wikipedia.org/wiki/Santa_Teresa,_Rio_de_Janeiro",What country does this place belong to?,What country does this place belong to?,String,Brazil,0,0,0,infoseek,0,0,0,oven_05017998,infoseek_val_00058566
Elegant tern,https://en.wikipedia.org/wiki/Elegant_tern,What is the closest upper taxonomy of this bird?,What is the closest upper taxonomy of this bird?,String,Thalasseus,0,0,0,infoseek,0,0,0,oven_05039505,infoseek_val_00058608
New Lanark,https://en.wikipedia.org/wiki/New_Lanark,Which city or region does this village locate in?,Which city or region does this village locate in?,String,South Lanarkshire,0,0,0,infoseek,0,0,0,oven_05017833,infoseek_val_00058612
Scabiosa,https://en.wikipedia.org/wiki/Scabiosa,What is the closest upper taxonomy of this plant?,What is the closest upper taxonomy of this plant?,String,Caprifoliaceae,0,0,0,infoseek,0,0,0,oven_05027087,infoseek_val_00058644
Visby City Wall,https://en.wikipedia.org/wiki/Visby_City_Wall,What is the location of this building?,What is the location of this building?,String,Visby,0,0,0,infoseek,0,0,0,oven_05016180,infoseek_val_00058654
Derwentwater,https://en.wikipedia.org/wiki/Derwentwater,How many metre is the vertical depth of the lake?,How many metre is the vertical depth of the lake?,Numerical,22,0,0,0,infoseek,0,0,0,oven_05020368,infoseek_val_00058702
Jeanne d'Arc (Frémiet),https://en.wikipedia.org/wiki/Jeanne_d%27Arc_(Fr%C3%A9miet),What country does this building belong to?,What country does this building belong to?,String,France,0,0,0,infoseek,0,0,0,oven_05021776,infoseek_val_00058731
"Marienstiftskirche, Lich","https://en.wikipedia.org/wiki/Marienstiftskirche,_Lich",What is the architectural style of this building?,What is the architectural style of this building?,String,Gothic architecture,0,0,0,infoseek,0,0,0,oven_05023344,infoseek_val_00058773
Athirappilly Falls,https://en.wikipedia.org/wiki/Athirappilly_Falls,Which body of water is this place located in or next to?,Which body of water is this place located in or next to?,String,Chalakudy River,0,0,0,infoseek,0,0,0,oven_05012043,infoseek_val_00058785
Stella Maris Monastery,https://en.wikipedia.org/wiki/Stella_Maris_Monastery,What is this building dedicated to?,What is this building dedicated to?,String,"Our Lady, Star of the Sea",0,0,0,infoseek,0,0,0,oven_05011442,infoseek_val_00058834
Gate of All Nations,https://en.wikipedia.org/wiki/Gate_of_All_Nations,What country does this building belong to?,What country does this building belong to?,String,Iran,0,0,0,infoseek,0,0,0,oven_05021297,infoseek_val_00058843
Citadel of Qaitbay,https://en.wikipedia.org/wiki/Citadel_of_Qaitbay,What country does this building belong to?,What country does this building belong to?,String,Egypt,0,0,0,infoseek,0,0,0,oven_05024082,infoseek_val_00058937
Phalangium opilio,https://en.wikipedia.org/wiki/Phalangium_opilio,What is the closest upper taxonomy of this insect?,What is the closest upper taxonomy of this insect?,String,Phalangium,0,0,0,infoseek,0,0,0,oven_05034303,infoseek_val_00059027
Compact Disc Digital Audio,https://en.wikipedia.org/wiki/Compact_Disc_Digital_Audio,Who is the owner of this object?,Who is the owner of this object?,String,Sony,0,0,0,infoseek,0,0,0,oven_05051964,infoseek_val_00059110
Gomphrena globosa,https://en.wikipedia.org/wiki/Gomphrena_globosa,What is the closest parent taxonomy of this plant?,What is the closest parent taxonomy of this plant?,String,Gomphrena,0,0,0,infoseek,0,0,0,oven_05066518,infoseek_val_00059160
Elbphilharmonie,https://en.wikipedia.org/wiki/Elbphilharmonie,Who is the owner of this building?,Who is the owner of this building?,String,Hamburg,0,0,0,infoseek,0,0,0,oven_05025981,infoseek_val_00059170
Sailfish,https://en.wikipedia.org/wiki/Sailfish,What is the closest upper taxonomy of this animal?,What is the closest upper taxonomy of this animal?,String,marlin,0,0,0,infoseek,0,0,0,oven_05051370,infoseek_val_00059172
Western whiptail,https://en.wikipedia.org/wiki/Western_whiptail,What is the closest parent taxonomy of this animal?,What is the closest parent taxonomy of this animal?,String,Aspidoscelis,0,0,0,infoseek,0,0,0,oven_05036208,infoseek_val_00059176
Euptoieta hegesia,https://en.wikipedia.org/wiki/Euptoieta_hegesia,What is the closest parent taxonomy of this insect?,What is the closest parent taxonomy of this insect?,String,Euptoieta,0,0,0,infoseek,0,0,0,oven_05035181,infoseek_val_00059247
Eilean Donan,https://en.wikipedia.org/wiki/Eilean_Donan,Who is the owner of this island?,Who is the owner of this island?,String,Kintail,0,0,0,infoseek,0,0,0,oven_05015960,infoseek_val_00059346
Magnolia grandiflora,https://en.wikipedia.org/wiki/Magnolia_grandiflora,What is the closest parent taxonomy of this plant?,What is the closest parent taxonomy of this plant?,String,Magnolia,0,0,0,infoseek,0,0,0,oven_05043757,infoseek_val_00059439
Foothill yellow-legged frog,https://en.wikipedia.org/wiki/Foothill_yellow-legged_frog,"What is the conservation status of this animal? (The status is assigned by the international union for conservation of nature. Choose one among Endangered,Least Concern,Critically Endangered,extinct species,extinct in the wild,Vulnerable,Near Threatened,Data Deficient)","What is the conservation status of this animal? (The status is assigned by the international union for conservation of nature. Choose one among Endangered,Least Concern,Critically Endangered,extinct species,extinct in the wild,Vulnerable,Near Threatened,Data Deficient)",String,Near Threatened,0,0,0,infoseek,0,0,0,oven_05042494,infoseek_val_00059641
Hayravank Monastery,https://en.wikipedia.org/wiki/Hayravank_Monastery,Which city or region does this building locate in?,Which city or region does this building locate in?,String,Hayravank,0,0,0,infoseek,0,0,0,oven_05024467,infoseek_val_00059666
Pernod Ricard,https://en.wikipedia.org/wiki/Pernod_Ricard,Who found this drink?,Who found this drink?,String,Paul Ricard,0,0,0,infoseek,0,0,0,oven_05064509,infoseek_val_00059798
Lithacodes fasciola,https://en.wikipedia.org/wiki/Lithacodes_fasciola,What is the closest upper taxonomy of this insect?,What is the closest upper taxonomy of this insect?,String,Lithacodes,0,0,0,infoseek,0,0,0,oven_05029195,infoseek_val_00059804
Black-necked stilt,https://en.wikipedia.org/wiki/Black-necked_stilt,What is the closest upper taxonomy of this bird?,What is the closest upper taxonomy of this bird?,String,Himantopus,0,0,0,infoseek,0,0,0,oven_05038758,infoseek_val_00059822
Monument to the Great Fire of London,https://en.wikipedia.org/wiki/Monument_to_the_Great_Fire_of_London,Who is the creator of this building?,Who is the creator of this building?,String,Caius Gabriel Cibber,0,0,0,infoseek,0,0,0,oven_05020818,infoseek_val_00059829
Dejima,https://en.wikipedia.org/wiki/Dejima,Which body of water is this island located in or next to?,Which body of water is this island located in or next to?,String,Nakashima River,0,0,0,infoseek,0,0,0,oven_05025610,infoseek_val_00059835
Pinyon pine,https://en.wikipedia.org/wiki/Pinyon_pine,What is the closest upper taxonomy of this plant?,What is the closest upper taxonomy of this plant?,String,Pinus,0,0,0,infoseek,0,0,0,oven_05065473,infoseek_val_00059845
Goathland railway station,https://en.wikipedia.org/wiki/Goathland_railway_station,Which city or region does this building locate in?,Which city or region does this building locate in?,String,Goathland,0,0,0,infoseek,0,0,0,oven_05015320,infoseek_val_00059901
Brooklands,https://en.wikipedia.org/wiki/Brooklands,Which city or region does this building locate in?,Which city or region does this building locate in?,String,Weybridge,0,0,0,infoseek,0,0,0,oven_05019827,infoseek_val_00059920
Spathodea,https://en.wikipedia.org/wiki/Spathodea,What is the closest parent taxonomy of this plant?,What is the closest parent taxonomy of this plant?,String,Bignoniaceae,0,0,0,infoseek,0,0,0,oven_05035645,infoseek_val_00059943
Baleen whale,https://en.wikipedia.org/wiki/Baleen_whale,What is the closest parent taxonomy of this animal?,What is the closest parent taxonomy of this animal?,String,Cetacea,0,0,0,infoseek,0,0,0,oven_05049354,infoseek_val_00059950
Fontfroide Abbey,https://en.wikipedia.org/wiki/Fontfroide_Abbey,Which city or region does this building locate in?,Which city or region does this building locate in?,String,Narbonne,0,0,0,infoseek,0,0,0,oven_05025711,infoseek_val_00059961
Vasco da Gama Bridge,https://en.wikipedia.org/wiki/Vasco_da_Gama_Bridge,In which year did this bridge officially open?,In which year did this bridge officially open?,Time,1998,0,0,0,infoseek,0,0,0,oven_05013468,infoseek_val_00059965
Banana bread,https://en.wikipedia.org/wiki/Banana_bread,Which country does this food come from?,Which country does this food come from?,String,United States of America,0,0,0,infoseek,0,0,0,oven_04948928,infoseek_val_00059970
West Coast lady,https://en.wikipedia.org/wiki/West_Coast_lady,What is the closest upper taxonomy of this insect?,What is the closest upper taxonomy of this insect?,String,Vanessa,0,0,0,infoseek,0,0,0,oven_05031079,infoseek_val_00060151
Mantled howler,https://en.wikipedia.org/wiki/Mantled_howler,Where is the habitat of this animal?,Where is the habitat of this animal?,String,Ecuador,0,0,0,infoseek,0,0,0,oven_05034470,infoseek_val_00060159
Avenue of the Baobabs,https://en.wikipedia.org/wiki/Avenue_of_the_Baobabs,What is this place named after?,What is this place named after?,String,Adansonia grandidieri,0,0,0,infoseek,0,0,0,oven_05017623,infoseek_val_00060201
Forest tent caterpillar moth,https://en.wikipedia.org/wiki/Forest_tent_caterpillar_moth,What is the closest parent taxonomy of this insect?,What is the closest parent taxonomy of this insect?,String,Malacosoma,0,0,0,infoseek,0,0,0,oven_05042861,infoseek_val_00060211
Accentor,https://en.wikipedia.org/wiki/Accentor,What is the closest parent taxonomy of this bird?,What is the closest parent taxonomy of this bird?,String,Prunellidae,0,0,0,infoseek,0,0,0,oven_05047190,infoseek_val_00060253
Tribune of Galileo,https://en.wikipedia.org/wiki/Tribune_of_Galileo,Which city or region does this building locate in?,Which city or region does this building locate in?,String,Florence,0,0,0,infoseek,0,0,0,oven_05026073,infoseek_val_00060286
Main Street Electrical Parade,https://en.wikipedia.org/wiki/Main_Street_Electrical_Parade,What is the location of this event?,What is the location of this event?,String,Magic Kingdom|Disney California Adventure|Disneyland Park|Disneyland|Tokyo Disneyland,0,0,0,infoseek,0,0,0,oven_05016440,infoseek_val_00060305
De Havilland Canada DHC-6 Twin Otter,https://en.wikipedia.org/wiki/De_Havilland_Canada_DHC-6_Twin_Otter,Who is the manufacturer of this aircraft?,Who is the manufacturer of this aircraft?,String,de Havilland Canada|Viking Air,0,0,0,infoseek,0,0,0,oven_00004129,infoseek_val_00060329
Bluethroat,https://en.wikipedia.org/wiki/Bluethroat,What is the closest upper taxonomy of this bird?,What is the closest upper taxonomy of this bird?,String,Luscinia,0,0,0,infoseek,0,0,0,oven_05044291,infoseek_val_00060337
Common eider,https://en.wikipedia.org/wiki/Common_eider,What is the closest upper taxonomy of this bird?,What is the closest upper taxonomy of this bird?,String,Eider,0,0,0,infoseek,0,0,0,oven_05044803,infoseek_val_00060372
Shakespeare's Birthplace,https://en.wikipedia.org/wiki/Shakespeare%27s_Birthplace,Who is the owner of this building?,Who is the owner of this building?,String,Shakespeare Birthplace Trust,0,0,0,infoseek,0,0,0,oven_05024803,infoseek_val_00060389
Mortuary Temple of Hatshepsut,https://en.wikipedia.org/wiki/Mortuary_Temple_of_Hatshepsut,What country does this building belong to?,What country does this building belong to?,String,Egypt,0,0,0,infoseek,0,0,0,oven_05015883,infoseek_val_00060493
Puente de la Mujer,https://en.wikipedia.org/wiki/Puente_de_la_Mujer,Who designed this bridge?,Who designed this bridge?,String,Santiago Calatrava,0,0,0,infoseek,0,0,0,oven_05026915,infoseek_val_00060516
Žiča,https://en.wikipedia.org/wiki/%C5%BDi%C4%8Da,Who is the founder of the building in the image?,Who is the founder of the building in the image?,String,Stefan the First-Crowned,0,0,0,infoseek,0,0,0,oven_05017056,infoseek_val_00060553
Quercus ilex,https://en.wikipedia.org/wiki/Quercus_ilex,What is the closest parent taxonomy of this plant?,What is the closest parent taxonomy of this plant?,String,Quercus,0,0,0,infoseek,0,0,0,oven_05033481,infoseek_val_00060568
Dadivank,https://en.wikipedia.org/wiki/Dadivank,Which city or region does this building locate in?,Which city or region does this building locate in?,String,Kalbajar District,0,0,0,infoseek,0,0,0,oven_05021422,infoseek_val_00060594
Insect,https://en.wikipedia.org/wiki/Insect,What is the closest parent taxonomy of this animal?,What is the closest parent taxonomy of this animal?,String,Hexapoda,0,0,0,infoseek,0,0,0,oven_05049740,infoseek_val_00060674
Argia lugens,https://en.wikipedia.org/wiki/Argia_lugens,"What is the conservation status of this insect? (The status is assigned by the international union for conservation of nature. Choose one among Endangered,Least Concern,Critically Endangered,extinct species,extinct in the wild,Vulnerable,Near Threatened,Data Deficient)","What is the conservation status of this insect? (The status is assigned by the international union for conservation of nature. Choose one among Endangered,Least Concern,Critically Endangered,extinct species,extinct in the wild,Vulnerable,Near Threatened,Data Deficient)",String,Least Concern,0,0,0,infoseek,0,0,0,oven_05042229,infoseek_val_00060721
Cardiff Bay,https://en.wikipedia.org/wiki/Cardiff_Bay,What is this place named after?,What is this place named after?,String,Cardiff,0,0,0,infoseek,0,0,0,oven_05016634,infoseek_val_00060798
Ratargul Swamp Forest,https://en.wikipedia.org/wiki/Ratargul_Swamp_Forest,What country does this forest belong to?,What country does this forest belong to?,String,Bangladesh,0,0,0,infoseek,0,0,0,oven_05023630,infoseek_val_00060878
Lottia gigantea,https://en.wikipedia.org/wiki/Lottia_gigantea,What is the closest upper taxonomy of this animal?,What is the closest upper taxonomy of this animal?,String,Lottia,0,0,0,infoseek,0,0,0,oven_05029390,infoseek_val_00060984
Main building of Moscow State University,https://en.wikipedia.org/wiki/Main_building_of_Moscow_State_University,What is the height of this building in metre?,What is the height of this building in metre?,Numerical,240,0,0,0,infoseek,0,0,0,oven_05018084,infoseek_val_00061056
Belogradchik Rocks,https://en.wikipedia.org/wiki/Belogradchik_Rocks,What is this building named after?,What is this building named after?,String,Belogradchik,0,0,0,infoseek,0,0,0,oven_05013321,infoseek_val_00061077
Dayr-e Gachin,https://en.wikipedia.org/wiki/Dayr-e_Gachin,What country does this building belong to?,What country does this building belong to?,String,Iran,0,0,0,infoseek,0,0,0,oven_05026260,infoseek_val_00061119
Olive (color),https://en.wikipedia.org/wiki/Olive_(color),What is this material named after?,What is this material named after?,String,olive,0,0,0,infoseek,0,0,0,oven_05057632,infoseek_val_00061152
Saint-Étienne Church (Beauvais),https://en.wikipedia.org/wiki/Saint-%C3%89tienne_Church_(Beauvais),What is the architectural style of this building?,What is the architectural style of this building?,String,Romanesque architecture,0,0,0,infoseek,0,0,0,oven_05011854,infoseek_val_00061220
Museum de Fundatie,https://en.wikipedia.org/wiki/Museum_de_Fundatie,What is the location of this building?,What is the location of this building?,String,former justice palace,0,0,0,infoseek,0,0,0,oven_05025908,infoseek_val_00061271
Bronbeek,https://en.wikipedia.org/wiki/Bronbeek,Which city or region does this place locate in?,Which city or region does this place locate in?,String,Arnhem,0,0,0,infoseek,0,0,0,oven_05019308,infoseek_val_00061299
Laughing falcon,https://en.wikipedia.org/wiki/Laughing_falcon,What is the weight of a male of this bird in gram?,What is the weight of a male of this bird in gram?,Numerical,583,0,0,0,infoseek,0,0,0,oven_05041666,infoseek_val_00061305
Eastern tailed-blue,https://en.wikipedia.org/wiki/Eastern_tailed-blue,What is the closest upper taxonomy of this insect?,What is the closest upper taxonomy of this insect?,String,Everes,0,0,0,infoseek,0,0,0,oven_05034564,infoseek_val_00061485
Batalha Monastery,https://en.wikipedia.org/wiki/Batalha_Monastery,In which year did this building officially open?,In which year did this building officially open?,Time,1517,0,0,0,infoseek,0,0,0,oven_05020561,infoseek_val_00061609
High Level Bridge (Edmonton),https://en.wikipedia.org/wiki/High_Level_Bridge_(Edmonton),"Which road, railway or canal does this bridge carry?","Which road, railway or canal does this bridge carry?",String,109 Street,0,0,0,infoseek,0,0,0,oven_05024580,infoseek_val_00061626
Storforsen,https://en.wikipedia.org/wiki/Storforsen,Which city or region does this place locate in?,Which city or region does this place locate in?,String,Älvsbyn Municipality,0,0,0,infoseek,0,0,0,oven_05019866,infoseek_val_00061627
Hearse,https://en.wikipedia.org/wiki/Hearse,who/what operates this vehicle?,who/what operates this vehicle?,String,funeral hearse driver,0,0,0,infoseek,0,0,0,oven_05056064,infoseek_val_00061656
Port of Sevastopol,https://en.wikipedia.org/wiki/Port_of_Sevastopol,What country does this building belong to?,What country does this building belong to?,String,Ukraine|Russia,0,0,0,infoseek,0,0,0,oven_05019472,infoseek_val_00061680
Macromia taeniolata,https://en.wikipedia.org/wiki/Macromia_taeniolata,What is the closest upper taxonomy of this insect?,What is the closest upper taxonomy of this insect?,String,Macromia,0,0,0,infoseek,0,0,0,oven_05045717,infoseek_val_00061826
Veined tree frog,https://en.wikipedia.org/wiki/Veined_tree_frog,What is the closest parent taxonomy of this animal?,What is the closest parent taxonomy of this animal?,String,Trachycephalus,0,0,0,infoseek,0,0,0,oven_05034056,infoseek_val_00061895
Jaguar XK,https://en.wikipedia.org/wiki/Jaguar_XK,Which company manufactures this vehicle?,Which company manufactures this vehicle?,String,Jaguar Cars,0,0,0,infoseek,0,0,0,oven_05010337,infoseek_val_00061904
Durdle Door,https://en.wikipedia.org/wiki/Durdle_Door,Which historic county does this place belong to?,Which historic county does this place belong to?,String,Dorset,0,0,0,infoseek,0,0,0,oven_05011829,infoseek_val_00061911
Turaco,https://en.wikipedia.org/wiki/Turaco,What is the closest parent taxonomy of this bird?,What is the closest parent taxonomy of this bird?,String,Musophagiformes,0,0,0,infoseek,0,0,0,oven_05048246,infoseek_val_00061947
Dianthus chinensis,https://en.wikipedia.org/wiki/Dianthus_chinensis,What is the closest upper taxonomy of this plant?,What is the closest upper taxonomy of this plant?,String,Dianthus,0,0,0,infoseek,0,0,0,oven_05066324,infoseek_val_00061959
Blue-gray tanager,https://en.wikipedia.org/wiki/Blue-gray_tanager,What is the closest upper taxonomy of this bird?,What is the closest upper taxonomy of this bird?,String,Thraupis,0,0,0,infoseek,0,0,0,oven_05043128,infoseek_val_00061961
Altit Fort,https://en.wikipedia.org/wiki/Altit_Fort,Which city or region does this building locate in?,Which city or region does this building locate in?,String,Altit,0,0,0,infoseek,0,0,0,oven_05023732,infoseek_val_00061991
Aqua-Lung,https://en.wikipedia.org/wiki/Aqua-Lung,Who is the discoverer or inventor of this object?,Who is the discoverer or inventor of this object?,String,Émile Gagnan|Jacques Cousteau,0,0,0,infoseek,0,0,0,oven_05051767,infoseek_val_00061996
Blackfriars Bridge,https://en.wikipedia.org/wiki/Blackfriars_Bridge,What is the length of this bridge in metre?,What is the length of this bridge in metre?,Numerical,281,0,0,0,infoseek,0,0,0,oven_05015057,infoseek_val_00061999
Quercus muehlenbergii,https://en.wikipedia.org/wiki/Quercus_muehlenbergii,What is the closest parent taxonomy of this plant?,What is the closest parent taxonomy of this plant?,String,Quercus,0,0,0,infoseek,0,0,0,oven_05033031,infoseek_val_00062037
Brühl's Terrace,https://en.wikipedia.org/wiki/Br%C3%BChl%27s_Terrace,What country does this facility belong to?,What country does this facility belong to?,String,Germany,0,0,0,infoseek,0,0,0,oven_05019444,infoseek_val_00062038
Pontederia crassipes,https://en.wikipedia.org/wiki/Eichhornia_crassipes,Which location has this plant invaded?,Which location has this plant invaded?,String,European Union,0,0,0,infoseek,0,0,0,oven_05033058,infoseek_val_00062056
Trifolium incarnatum,https://en.wikipedia.org/wiki/Trifolium_incarnatum,What is the closest parent taxonomy of this plant?,What is the closest parent taxonomy of this plant?,String,Trifolium,0,0,0,infoseek,0,0,0,oven_05035928,infoseek_val_00062101
Polygonum paronychia,https://en.wikipedia.org/wiki/Polygonum_paronychia,What is the closest parent taxonomy of this plant?,What is the closest parent taxonomy of this plant?,String,Polygonum,0,0,0,infoseek,0,0,0,oven_05042462,infoseek_val_00062103
Rolodex,https://en.wikipedia.org/wiki/Rolodex,What is this item named after?,What is this item named after?,String,Index|rolling,0,0,0,infoseek,0,0,0,oven_05059446,infoseek_val_00062134
Berovo Lake,https://en.wikipedia.org/wiki/Berovo_Lake,What is the basin country to the building?,What is the basin country to the building?,String,North Macedonia,0,0,0,infoseek,0,0,0,oven_05020671,infoseek_val_00062198
Solanum americanum,https://en.wikipedia.org/wiki/Solanum_americanum,What is the closest parent taxonomy of this plant?,What is the closest parent taxonomy of this plant?,String,Solanum,0,0,0,infoseek,0,0,0,oven_05040293,infoseek_val_00062234
Black-winged stilt,https://en.wikipedia.org/wiki/Black-winged_stilt,What is the closest parent taxonomy of this bird?,What is the closest parent taxonomy of this bird?,String,Himantopus,0,0,0,infoseek,0,0,0,oven_05044252,infoseek_val_00062272
Dominus Flevit Church,https://en.wikipedia.org/wiki/Dominus_Flevit_Church,Who is the architect of this building?,Who is the architect of this building?,String,Antonio Barluzzi,0,0,0,infoseek,0,0,0,oven_05021508,infoseek_val_00062277
Radika,https://en.wikipedia.org/wiki/Radika,What is the size in square kilometre of this river?,What is the size in square kilometre of this river?,Numerical,665,0,0,0,infoseek,0,0,0,oven_05018027,infoseek_val_00062348
Miller,https://en.wikipedia.org/wiki/Miller,What fields are the person in the image specialized in?,What fields are the person in the image specialized in?,String,mill|grinding,0,0,0,infoseek,0,0,0,oven_05057260,infoseek_val_00062408
Verdicchio,https://en.wikipedia.org/wiki/Verdicchio,What is the country of origin of this plant?,What is the country of origin of this plant?,String,Italy,0,0,0,infoseek,0,0,0,oven_05064371,infoseek_val_00062492
Great frigatebird,https://en.wikipedia.org/wiki/Great_frigatebird,how many metre is the wingspan of this bird?,how many metre is the wingspan of this bird?,Numerical,2.18,0,0,0,infoseek,0,0,0,oven_05035163,infoseek_val_00062519
Butterflyfish,https://en.wikipedia.org/wiki/Butterflyfish,What is the closest upper taxonomy of this animal?,What is the closest upper taxonomy of this animal?,String,Chaetodontiformes,0,0,0,infoseek,0,0,0,oven_05051195,infoseek_val_00062552
Morchella conica,https://en.wikipedia.org/wiki/Morchella_conica,What is the closest parent taxonomy of this plant?,What is the closest parent taxonomy of this plant?,String,Morchella,0,0,0,infoseek,0,0,0,oven_05069609,infoseek_val_00062562
American football,https://en.wikipedia.org/wiki/American_football,What is the maximum number of players of this game?,What is the maximum number of players of this game?,Numerical,22,0,0,0,infoseek,0,0,0,oven_05046584,infoseek_val_00062574
Liriodendron tulipifera,https://en.wikipedia.org/wiki/Liriodendron_tulipifera,What is the oldest age of this plant?,What is the oldest age of this plant?,Numerical,509,0,0,0,infoseek,0,0,0,oven_05032476,infoseek_val_00062575
Taipei Confucius Temple,https://en.wikipedia.org/wiki/Taipei_Confucius_Temple,What country does this building belong to?,What country does this building belong to?,String,Taiwan,0,0,0,infoseek,0,0,0,oven_05018912,infoseek_val_00062586
Eggs Benedict,https://en.wikipedia.org/wiki/Eggs_Benedict,What is the country of origin of this food?,What is the country of origin of this food?,String,United States of America,0,0,0,infoseek,0,0,0,oven_04944730,infoseek_val_00062606
Schwägalp Pass,https://en.wikipedia.org/wiki/Schw%C3%A4galp_Pass,What is the height of this mountain in terms of metre above sea level?,What is the height of this mountain in terms of metre above sea level?,Numerical,1278,0,0,0,infoseek,0,0,0,oven_05025779,infoseek_val_00062623
Rhus aromatica,https://en.wikipedia.org/wiki/Rhus_aromatica,What is the closest upper taxonomy of this plant?,What is the closest upper taxonomy of this plant?,String,Rhus,0,0,0,infoseek,0,0,0,oven_05032152,infoseek_val_00062652
Vachellia xanthophloea,https://en.wikipedia.org/wiki/Vachellia_xanthophloea,What is the closest parent taxonomy of this plant?,What is the closest parent taxonomy of this plant?,String,Acacia,0,0,0,infoseek,0,0,0,oven_05065955,infoseek_val_00062683
Erythranthe moschata,https://en.wikipedia.org/wiki/Erythranthe_moschata,What is the basionym of this plant?,What is the basionym of this plant?,String,Mimulus moschatus,0,0,0,infoseek,0,0,0,oven_05043472,infoseek_val_00062755
Great frigatebird,https://en.wikipedia.org/wiki/Great_frigatebird,What is the closest upper taxonomy of this bird?,What is the closest upper taxonomy of this bird?,String,Fregata,0,0,0,infoseek,0,0,0,oven_05035171,infoseek_val_00062783
Chichester Cathedral,https://en.wikipedia.org/wiki/Chichester_Cathedral,Which diocese does this building belong to?,Which diocese does this building belong to?,String,Anglican Diocese of Chichester,0,0,0,infoseek,0,0,0,oven_05013583,infoseek_val_00062813
Buff-breasted sandpiper,https://en.wikipedia.org/wiki/Buff-breasted_sandpiper,What is the closest parent taxonomy of this bird?,What is the closest parent taxonomy of this bird?,String,Calidris,0,0,0,infoseek,0,0,0,oven_05044986,infoseek_val_00062819
Lemnoideae,https://en.wikipedia.org/wiki/Lemnoideae,What is the closest parent taxonomy of this plant?,What is the closest parent taxonomy of this plant?,String,Araceae,0,0,0,infoseek,0,0,0,oven_05066132,infoseek_val_00062852
Nissan Juke,https://en.wikipedia.org/wiki/Nissan_Juke,What is the brand of this vehicle?,What is the brand of this vehicle?,String,Nissan,0,0,0,infoseek,0,0,0,oven_05010095,infoseek_val_00062943
Clark's nutcracker,https://en.wikipedia.org/wiki/Clark%27s_nutcracker,What is the closest parent taxonomy of this bird?,What is the closest parent taxonomy of this bird?,String,Nucifraga,0,0,0,infoseek,0,0,0,oven_05036072,infoseek_val_00062975
Macadamia,https://en.wikipedia.org/wiki/Macadamia,What is the closest parent taxonomy of this plant?,What is the closest parent taxonomy of this plant?,String,Proteaceae,0,0,0,infoseek,0,0,0,oven_04949276,infoseek_val_00063065
Kwun Tong,https://en.wikipedia.org/wiki/Kwun_Tong,Which city or region does this place locate in?,Which city or region does this place locate in?,String,Kwun Tong District,0,0,0,infoseek,0,0,0,oven_05014815,infoseek_val_00063076
Ratibida pinnata,https://en.wikipedia.org/wiki/Ratibida_pinnata,What is the closest upper taxonomy of this plant?,What is the closest upper taxonomy of this plant?,String,Ratibida,0,0,0,infoseek,0,0,0,oven_05044709,infoseek_val_00063079
Oenothera lindheimeri,https://en.wikipedia.org/wiki/Gaura_lindheimeri,What is the closest upper taxonomy of this plant?,What is the closest upper taxonomy of this plant?,String,Oenothera,0,0,0,infoseek,0,0,0,oven_05039770,infoseek_val_00063089
Parliament Hill,https://en.wikipedia.org/wiki/Parliament_Hill,What country does this building belong to?,What country does this building belong to?,String,Canada,0,0,0,infoseek,0,0,0,oven_05023280,infoseek_val_00063114
Ochlodes agricola,https://en.wikipedia.org/wiki/Ochlodes_agricola,What is the closest parent taxonomy of this insect?,What is the closest parent taxonomy of this insect?,String,Ochlodes,0,0,0,infoseek,0,0,0,oven_05033872,infoseek_val_00063128
Lindisfarne,https://en.wikipedia.org/wiki/Lindisfarne,What country does this island belong to?,What country does this island belong to?,String,United Kingdom,0,0,0,infoseek,0,0,0,oven_05012374,infoseek_val_00063142
Punta della Dogana,https://en.wikipedia.org/wiki/Punta_della_Dogana,In which year did this building officially open?,In which year did this building officially open?,Time,2009,0,0,0,infoseek,0,0,0,oven_05013523,infoseek_val_00063146
American Falls,https://en.wikipedia.org/wiki/American_Falls,Which city or region does this place locate in?,Which city or region does this place locate in?,String,Niagara Falls,0,0,0,infoseek,0,0,0,oven_05022763,infoseek_val_00063168
Anacridium aegyptium,https://en.wikipedia.org/wiki/Anacridium_aegyptium,What is the closest parent taxonomy of this insect?,What is the closest parent taxonomy of this insect?,String,Anacridium,0,0,0,infoseek,0,0,0,oven_05034284,infoseek_val_00063229
Yellow-crowned night heron,https://en.wikipedia.org/wiki/Yellow-crowned_night_heron,"What is the conservation status of this bird? (The status is assigned by the international union for conservation of nature. Choose one among Endangered,Least Concern,Critically Endangered,extinct species,extinct in the wild,Vulnerable,Near Threatened,Data Deficient)","What is the conservation status of this bird? (The status is assigned by the international union for conservation of nature. Choose one among Endangered,Least Concern,Critically Endangered,extinct species,extinct in the wild,Vulnerable,Near Threatened,Data Deficient)",String,Least Concern,0,0,0,infoseek,0,0,0,oven_05042637,infoseek_val_00063232
Novi Sad Synagogue,https://en.wikipedia.org/wiki/Novi_Sad_Synagogue,What is the street address of this building?,What is the street address of this building?,String,Jevrejska,0,0,0,infoseek,0,0,0,oven_05020611,infoseek_val_00063234
Mallophora fautrix,https://en.wikipedia.org/wiki/Mallophora_fautrix,What is the closest upper taxonomy of this insect?,What is the closest upper taxonomy of this insect?,String,Mallophora,0,0,0,infoseek,0,0,0,oven_05030396,infoseek_val_00063381
Darapsa myron,https://en.wikipedia.org/wiki/Darapsa_myron,What is the closest upper taxonomy of this insect?,What is the closest upper taxonomy of this insect?,String,Darapsa,0,0,0,infoseek,0,0,0,oven_05039700,infoseek_val_00063383
San Clemente State Beach,https://en.wikipedia.org/wiki/San_Clemente_State_Beach,Which city or region does this building locate in?,Which city or region does this building locate in?,String,California,0,0,0,infoseek,0,0,0,oven_05019368,infoseek_val_00063448
Texas river cooter,https://en.wikipedia.org/wiki/Texas_river_cooter,Which place is this animal endemic to?,Which place is this animal endemic to?,String,Texas,0,0,0,infoseek,0,0,0,oven_05040236,infoseek_val_00063453
Greater kudu,https://en.wikipedia.org/wiki/Greater_kudu,What is the closest parent taxonomy of this animal?,What is the closest parent taxonomy of this animal?,String,Tragelaphus,0,0,0,infoseek,0,0,0,oven_05040857,infoseek_val_00063498
Bloomers,https://en.wikipedia.org/wiki/Bloomers,What is this object named after?,What is this object named after?,String,Amelia Bloomer,0,0,0,infoseek,0,0,0,oven_05052977,infoseek_val_00063566
Clitocybe nuda,https://en.wikipedia.org/wiki/Clitocybe_nuda,What is the closest parent taxonomy of this plant?,What is the closest parent taxonomy of this plant?,String,Lepista,0,0,0,infoseek,0,0,0,oven_05045773,infoseek_val_00063574
Centaurea cineraria,https://en.wikipedia.org/wiki/Centaurea_cineraria,What is the closest upper taxonomy of this plant?,What is the closest upper taxonomy of this plant?,String,Centaurea,0,0,0,infoseek,0,0,0,oven_05066820,infoseek_val_00063594
Pottery,https://en.wikipedia.org/wiki/Pottery,What product does this object produce?,What product does this object produce?,String,pottery ware,0,0,0,infoseek,0,0,0,oven_04946744,infoseek_val_00063602
Nationals Park,https://en.wikipedia.org/wiki/Nationals_Park,On what date did this park officially open?,On what date did this park officially open?,Time,2008 3 22,0,0,0,infoseek,0,0,0,oven_04944545,infoseek_val_00063614
Millennium of Russia,https://en.wikipedia.org/wiki/Millennium_of_Russia,What is the height of this building in metre?,What is the height of this building in metre?,Numerical,15.7,0,0,0,infoseek,0,0,0,oven_05011408,infoseek_val_00063713
Diamondback moth,https://en.wikipedia.org/wiki/Diamondback_moth,What is the closest parent taxonomy of this insect?,What is the closest parent taxonomy of this insect?,String,Plutella,0,0,0,infoseek,0,0,0,oven_05038826,infoseek_val_00063725
Simonov Monastery,https://en.wikipedia.org/wiki/Simonov_Monastery,Which city or region does this building locate in?,Which city or region does this building locate in?,String,Moscow,0,0,0,infoseek,0,0,0,oven_05024143,infoseek_val_00063819
Sumidero Canyon,https://en.wikipedia.org/wiki/Sumidero_Canyon,What country does this river belong to?,What country does this river belong to?,String,Mexico,0,0,0,infoseek,0,0,0,oven_05012270,infoseek_val_00063878
Ceratomia catalpae,https://en.wikipedia.org/wiki/Ceratomia_catalpae,What is the closest upper taxonomy of this insect?,What is the closest upper taxonomy of this insect?,String,Ceratomia,0,0,0,infoseek,0,0,0,oven_05041291,infoseek_val_00063893
Coprinopsis lagopus,https://en.wikipedia.org/wiki/Coprinopsis_lagopus,What is the hymenium type of this plant?,What is the hymenium type of this plant?,String,lamella,0,0,0,infoseek,0,0,0,oven_05036648,infoseek_val_00063971
Airplane,https://en.wikipedia.org/wiki/Airplane,What type of wing is designed for this object?,What type of wing is designed for this object?,String,fixed-wing,0,0,0,infoseek,0,0,0,oven_05051555,infoseek_val_00063993
Wattled jacana,https://en.wikipedia.org/wiki/Wattled_jacana,What is the closest upper taxonomy of this bird?,What is the closest upper taxonomy of this bird?,String,Jacana,0,0,0,infoseek,0,0,0,oven_05033147,infoseek_val_00064005
Calvatia gigantea,https://en.wikipedia.org/wiki/Calvatia_gigantea,What is the spore print color of this plant?,What is the spore print color of this plant?,String,brown,0,0,0,infoseek,0,0,0,oven_05044343,infoseek_val_00064023
Pierhead Building,https://en.wikipedia.org/wiki/Pierhead_Building,What is the location of this building?,What is the location of this building?,String,Cardiff Bay,0,0,0,infoseek,0,0,0,oven_05015206,infoseek_val_00064072
Dohány Street Synagogue,https://en.wikipedia.org/wiki/Doh%C3%A1ny_Street_Synagogue,Who designed this building?,Who designed this building?,String,Ludwig Förster,0,0,0,infoseek,0,0,0,oven_05014348,infoseek_val_00064074
Turquoise-browed motmot,https://en.wikipedia.org/wiki/Turquoise-browed_motmot,What is the closest upper taxonomy of this bird?,What is the closest upper taxonomy of this bird?,String,Eumomota,0,0,0,infoseek,0,0,0,oven_05030188,infoseek_val_00064088
Gardener,https://en.wikipedia.org/wiki/Gardener,What fields are the person in the image specialized in?,What fields are the person in the image specialized in?,String,gardening,0,0,0,infoseek,0,0,0,oven_04949881,infoseek_val_00064108
Borscht,https://en.wikipedia.org/wiki/Borscht,What is the country of origin of this food?,What is the country of origin of this food?,String,Kievan Rus',0,0,0,infoseek,0,0,0,oven_05062694,infoseek_val_00064175
Impatiens,https://en.wikipedia.org/wiki/Impatiens,What is the closest parent taxonomy of this plant?,What is the closest parent taxonomy of this plant?,String,Balsaminaceae,0,0,0,infoseek,0,0,0,oven_05068619,infoseek_val_00064179
Road,https://en.wikipedia.org/wiki/Road,Which maintenance method is used for this place?,Which maintenance method is used for this place?,String,road maintenance,0,0,0,infoseek,0,0,0,oven_05059290,infoseek_val_00064307
Mantled howler,https://en.wikipedia.org/wiki/Mantled_howler,What is the oldest age of this animal?,What is the oldest age of this animal?,Numerical,24,0,0,0,infoseek,0,0,0,oven_05034451,infoseek_val_00064352
Allianz Arena,https://en.wikipedia.org/wiki/Allianz_Arena,Who is the sponsor of this building?,Who is the sponsor of this building?,String,Allianz SE,0,0,0,infoseek,0,0,0,oven_05018343,infoseek_val_00064359
Cosmos bipinnatus,https://en.wikipedia.org/wiki/Cosmos_bipinnatus,What is the closest parent taxonomy of this plant?,What is the closest parent taxonomy of this plant?,String,Cosmos,0,0,0,infoseek,0,0,0,oven_05027149,infoseek_val_00064372
Dianthus gratianopolitanus,https://en.wikipedia.org/wiki/Dianthus_gratianopolitanus,What is the closest parent taxonomy of this plant?,What is the closest parent taxonomy of this plant?,String,Dianthus,0,0,0,infoseek,0,0,0,oven_05066358,infoseek_val_00064463
Morchella esculenta,https://en.wikipedia.org/wiki/Morchella_esculenta,What is the hymenium type of this plant?,What is the hymenium type of this plant?,String,smooth,0,0,0,infoseek,0,0,0,oven_05042575,infoseek_val_00064464
Least grebe,https://en.wikipedia.org/wiki/Least_grebe,What is the closest upper taxonomy of this bird?,What is the closest upper taxonomy of this bird?,String,Tachybaptus,0,0,0,infoseek,0,0,0,oven_05045425,infoseek_val_00064499
Prothonotary warbler,https://en.wikipedia.org/wiki/Prothonotary_warbler,What is the closest parent taxonomy of this bird?,What is the closest parent taxonomy of this bird?,String,Protonotaria,0,0,0,infoseek,0,0,0,oven_05041689,infoseek_val_00064560
Nahargarh Fort,https://en.wikipedia.org/wiki/Nahargarh_Fort,What country does this building belong to?,What country does this building belong to?,String,India,0,0,0,infoseek,0,0,0,oven_05023501,infoseek_val_00064581
American pika,https://en.wikipedia.org/wiki/American_pika,What is the closest upper taxonomy of this animal?,What is the closest upper taxonomy of this animal?,String,Pika,0,0,0,infoseek,0,0,0,oven_05032863,infoseek_val_00064582
Coscoroba swan,https://en.wikipedia.org/wiki/Coscoroba_swan,What is the weight of a female of this bird in kilogram?,What is the weight of a female of this bird in kilogram?,Numerical,3.8,0,0,0,infoseek,0,0,0,oven_05048567,infoseek_val_00064639
Pectoral sandpiper,https://en.wikipedia.org/wiki/Pectoral_sandpiper,What is the closest upper taxonomy of this bird?,What is the closest upper taxonomy of this bird?,String,Calidris,0,0,0,infoseek,0,0,0,oven_05034906,infoseek_val_00064645
Supermarine Spitfire,https://en.wikipedia.org/wiki/Supermarine_Spitfire,what is the date this aircraft took the first flight?,what is the date this aircraft took the first flight?,Time,1936 3 5,0,0,0,infoseek,0,0,0,oven_05009643,infoseek_val_00064699
Sigiriya,https://en.wikipedia.org/wiki/Sigiriya,What is the height of this place in metre?,What is the height of this place in metre?,Numerical,180,0,0,0,infoseek,0,0,0,oven_05013832,infoseek_val_00064713
Apodemia virgulti,https://en.wikipedia.org/wiki/Apodemia_virgulti,What is the closest parent taxonomy of this insect?,What is the closest parent taxonomy of this insect?,String,Apodemia,0,0,0,infoseek,0,0,0,oven_05032252,infoseek_val_00064743
Teriyaki,https://en.wikipedia.org/wiki/Teriyaki,What is the country of origin of this food?,What is the country of origin of this food?,String,Japan,0,0,0,infoseek,0,0,0,oven_04949502,infoseek_val_00064752
Embraer EMB 120 Brasilia,https://en.wikipedia.org/wiki/Embraer_EMB_120_Brasilia,What is the maximum capacity of this aircraft?,What is the maximum capacity of this aircraft?,Numerical,30,0,0,0,infoseek,0,0,0,oven_05009686,infoseek_val_00064793
Elbphilharmonie,https://en.wikipedia.org/wiki/Elbphilharmonie,What is the area in square metre occupied by this building?,What is the area in square metre occupied by this building?,Numerical,120000,0,0,0,infoseek,0,0,0,oven_05025985,infoseek_val_00064814
Poinsettia,https://en.wikipedia.org/wiki/Poinsettia,What is the closest upper taxonomy of this plant?,What is the closest upper taxonomy of this plant?,String,Euphorbia,0,0,0,infoseek,0,0,0,oven_04944669,infoseek_val_00064835
Greater kudu,https://en.wikipedia.org/wiki/Greater_kudu,What is the oldest age of this animal?,What is the oldest age of this animal?,Numerical,23.5,0,0,0,infoseek,0,0,0,oven_05040859,infoseek_val_00064994
Laser printing,https://en.wikipedia.org/wiki/Laser_printing,What product does this object produce?,What product does this object produce?,String,laser print,0,0,0,infoseek,0,0,0,oven_05056704,infoseek_val_00065017
Eriogonum umbellatum,https://en.wikipedia.org/wiki/Eriogonum_umbellatum,What is the closest upper taxonomy of this plant?,What is the closest upper taxonomy of this plant?,String,Eriogonum,0,0,0,infoseek,0,0,0,oven_05036990,infoseek_val_00065078
Shinsekai,https://en.wikipedia.org/wiki/Shinsekai,What country does this place belong to?,What country does this place belong to?,String,Japan,0,0,0,infoseek,0,0,0,oven_05012323,infoseek_val_00065128
Theba pisana,https://en.wikipedia.org/wiki/Theba_pisana,What is the closest parent taxonomy of this animal?,What is the closest parent taxonomy of this animal?,String,Theba,0,0,0,infoseek,0,0,0,oven_05036936,infoseek_val_00065155
Lilium longiflorum,https://en.wikipedia.org/wiki/Lilium_longiflorum,What is the closest upper taxonomy of this plant?,What is the closest upper taxonomy of this plant?,String,Lilium,0,0,0,infoseek,0,0,0,oven_05067881,infoseek_val_00065159
Dohány Street Synagogue,https://en.wikipedia.org/wiki/Doh%C3%A1ny_Street_Synagogue,On what date did this building officially open?,On what date did this building officially open?,Time,1859 9 6,0,0,0,infoseek,0,0,0,oven_05014356,infoseek_val_00065164
Azrieli Center,https://en.wikipedia.org/wiki/Azrieli_Center,What country does this building belong to?,What country does this building belong to?,String,Israel,0,0,0,infoseek,0,0,0,oven_05016027,infoseek_val_00065181
Vorotnavank,https://en.wikipedia.org/wiki/Vorotnavank,Which diocese does this building belong to?,Which diocese does this building belong to?,String,Diocese of Syunik,0,0,0,infoseek,0,0,0,oven_05012683,infoseek_val_00065205
Photovoltaic system,https://en.wikipedia.org/wiki/Photovoltaic_system,What is the source of energy of this facility?,What is the source of energy of this facility?,String,solar energy,0,0,0,infoseek,0,0,0,oven_05060309,infoseek_val_00065223
Burgundy,https://en.wikipedia.org/wiki/Burgundy,What is this place named after?,What is this place named after?,String,Burgundians,0,0,0,infoseek,0,0,0,oven_05064293,infoseek_val_00065237
Hadada ibis,https://en.wikipedia.org/wiki/Hadada_ibis,What is the closest parent taxonomy of this bird?,What is the closest parent taxonomy of this bird?,String,Bostrychia,0,0,0,infoseek,0,0,0,oven_05044079,infoseek_val_00065239
Alnwick Castle,https://en.wikipedia.org/wiki/Alnwick_Castle,Which historic county does this building belong to?,Which historic county does this building belong to?,String,Northumberland,0,0,0,infoseek,0,0,0,oven_05023847,infoseek_val_00065247
Pseudopanax crassifolius,https://en.wikipedia.org/wiki/Pseudopanax_crassifolius,Where is this plant native to?,Where is this plant native to?,String,New Zealand,0,0,0,infoseek,0,0,0,oven_05036359,infoseek_val_00065287
Bolbitius titubans,https://en.wikipedia.org/wiki/Bolbitius_titubans,What is the closest parent taxonomy of this plant?,What is the closest parent taxonomy of this plant?,String,Bolbitius,0,0,0,infoseek,0,0,0,oven_05039802,infoseek_val_00065406
Nene (bird),https://en.wikipedia.org/wiki/Nene_(bird),What is the closest parent taxonomy of this bird?,What is the closest parent taxonomy of this bird?,String,Branta,0,0,0,infoseek,0,0,0,oven_05035008,infoseek_val_00065482
Olive-sided flycatcher,https://en.wikipedia.org/wiki/Olive-sided_flycatcher,"What is the conservation status of this bird? (The status is assigned by the international union for conservation of nature. Choose one among Endangered,Least Concern,Critically Endangered,extinct species,extinct in the wild,Vulnerable,Near Threatened,Data Deficient)","What is the conservation status of this bird? (The status is assigned by the international union for conservation of nature. Choose one among Endangered,Least Concern,Critically Endangered,extinct species,extinct in the wild,Vulnerable,Near Threatened,Data Deficient)",String,Near Threatened,0,0,0,infoseek,0,0,0,oven_05044943,infoseek_val_00065493
Nickel–cadmium battery,https://en.wikipedia.org/wiki/Nickel%E2%80%93cadmium_battery,In which year was this object invented or discovered?,In which year was this object invented or discovered?,Time,1899,0,0,0,infoseek,0,0,0,oven_05057511,infoseek_val_00065496
Konzerthaus Berlin,https://en.wikipedia.org/wiki/Konzerthaus_Berlin,In which year did this building officially open?,In which year did this building officially open?,Time,1821,0,0,0,infoseek,0,0,0,oven_05016371,infoseek_val_00065540
Malus angustifolia,https://en.wikipedia.org/wiki/Malus_angustifolia,What is the closest upper taxonomy of this plant?,What is the closest upper taxonomy of this plant?,String,Malus,0,0,0,infoseek,0,0,0,oven_05068454,infoseek_val_00065593
Rhus ovata,https://en.wikipedia.org/wiki/Rhus_ovata,What is the closest parent taxonomy of this plant?,What is the closest parent taxonomy of this plant?,String,Rhus,0,0,0,infoseek,0,0,0,oven_05041934,infoseek_val_00065773
Mountain gorilla,https://en.wikipedia.org/wiki/Mountain_gorilla,"What is the conservation status of this animal? (The status is assigned by the international union for conservation of nature. Choose one among Endangered,Least Concern,Critically Endangered,extinct species,extinct in the wild,Vulnerable,Near Threatened,Data Deficient)","What is the conservation status of this animal? (The status is assigned by the international union for conservation of nature. Choose one among Endangered,Least Concern,Critically Endangered,extinct species,extinct in the wild,Vulnerable,Near Threatened,Data Deficient)",String,Endangered,0,0,0,infoseek,0,0,0,oven_05050706,infoseek_val_00065808
Eastern chimpanzee,https://en.wikipedia.org/wiki/Eastern_chimpanzee,What is the closest parent taxonomy of this animal?,What is the closest parent taxonomy of this animal?,String,common chimpanzee,0,0,0,infoseek,0,0,0,oven_05050766,infoseek_val_00065816
Bullock's oriole,https://en.wikipedia.org/wiki/Bullock%27s_oriole,What is the closest upper taxonomy of this bird?,What is the closest upper taxonomy of this bird?,String,Icterus,0,0,0,infoseek,0,0,0,oven_05038567,infoseek_val_00065820
30 St Mary Axe,https://en.wikipedia.org/wiki/30_St_Mary_Axe,In which year did this building officially open?,In which year did this building officially open?,Time,2004,0,0,0,infoseek,0,0,0,oven_05021974,infoseek_val_00065834
Pangrapta decoralis,https://en.wikipedia.org/wiki/Pangrapta_decoralis,What is the closest upper taxonomy of this insect?,What is the closest upper taxonomy of this insect?,String,Pangrapta,0,0,0,infoseek,0,0,0,oven_05029110,infoseek_val_00065859
Sable antelope,https://en.wikipedia.org/wiki/Sable_antelope,What is the closest parent taxonomy of this animal?,What is the closest parent taxonomy of this animal?,String,Hippotragus,0,0,0,infoseek,0,0,0,oven_05050541,infoseek_val_00065887
Jungle cat,https://en.wikipedia.org/wiki/Jungle_cat,How many days does the gestation of this animal take?,How many days does the gestation of this animal take?,Numerical,65.0-67.0,0,0,0,infoseek,0,0,0,oven_05049674,infoseek_val_00065922
Hereford,https://en.wikipedia.org/wiki/Hereford,Which historic county does this building belong to?,Which historic county does this building belong to?,String,Herefordshire,0,0,0,infoseek,0,0,0,oven_04945688,infoseek_val_00065976
Torres de Serranos,https://en.wikipedia.org/wiki/Torres_de_Serranos,What is the architectural style of this building?,What is the architectural style of this building?,String,Valencian Gothic,0,0,0,infoseek,0,0,0,oven_05023019,infoseek_val_00065988
Chocolate,https://en.wikipedia.org/wiki/Chocolate,What is the source that produces this food?,What is the source that produces this food?,String,Theobroma cacao,0,0,0,infoseek,0,0,0,oven_04948750,infoseek_val_00065993
Guarda Cathedral,https://en.wikipedia.org/wiki/Guarda_Cathedral,What is the architectural style of this building?,What is the architectural style of this building?,String,Manueline,0,0,0,infoseek,0,0,0,oven_05025520,infoseek_val_00066045
Dover Castle,https://en.wikipedia.org/wiki/Dover_Castle,Who commissioned this building?,Who commissioned this building?,String,Henry II of England,0,0,0,infoseek,0,0,0,oven_05015488,infoseek_val_00066058
Oberstdorf,https://en.wikipedia.org/wiki/Oberstdorf,What country does this facility belong to?,What country does this facility belong to?,String,Germany,0,0,0,infoseek,0,0,0,oven_05017443,infoseek_val_00066110
Black phoebe,https://en.wikipedia.org/wiki/Black_phoebe,What is the closest upper taxonomy of this bird?,What is the closest upper taxonomy of this bird?,String,Sayornis,0,0,0,infoseek,0,0,0,oven_05043525,infoseek_val_00066219
Monticello,https://en.wikipedia.org/wiki/Monticello,Who is the owner of this place?,Who is the owner of this place?,String,Jefferson Monroe Levy|Thomas Jefferson Foundation|Uriah P. Levy|Thomas Jefferson,0,0,0,infoseek,0,0,0,oven_05012666,infoseek_val_00066224
Cocoi heron,https://en.wikipedia.org/wiki/Cocoi_heron,What is the length of the incubation period (in day) of this bird's egg?,What is the length of the incubation period (in day) of this bird's egg?,Numerical,27,0,0,0,infoseek,0,0,0,oven_05038101,infoseek_val_00066262
Niterói Contemporary Art Museum,https://en.wikipedia.org/wiki/Niter%C3%B3i_Contemporary_Art_Museum,Which city or region does this building locate in?,Which city or region does this building locate in?,String,Niterói,0,0,0,infoseek,0,0,0,oven_05020440,infoseek_val_00066263
Scottish National Gallery,https://en.wikipedia.org/wiki/Scottish_National_Gallery,In which year did this building officially open?,In which year did this building officially open?,Time,1859,0,0,0,infoseek,0,0,0,oven_05014532,infoseek_val_00066280
Blenheim Palace,https://en.wikipedia.org/wiki/Blenheim_Palace,What is the architectural style of this place?,What is the architectural style of this place?,String,English Baroque,0,0,0,infoseek,0,0,0,oven_05024374,infoseek_val_00066320
Hamelia patens,https://en.wikipedia.org/wiki/Hamelia_patens,What is the closest parent taxonomy of this plant?,What is the closest parent taxonomy of this plant?,String,Hamelia,0,0,0,infoseek,0,0,0,oven_05034977,infoseek_val_00066347
Ailsa Craig,https://en.wikipedia.org/wiki/Ailsa_Craig,Which historic county does this island belong to?,Which historic county does this island belong to?,String,Ayrshire,0,0,0,infoseek,0,0,0,oven_05020001,infoseek_val_00066350
Ajuga pyramidalis,https://en.wikipedia.org/wiki/Ajuga_pyramidalis,What is the closest upper taxonomy of this plant?,What is the closest upper taxonomy of this plant?,String,Ajuga,0,0,0,infoseek,0,0,0,oven_05069236,infoseek_val_00066360
Main building of Moscow State University,https://en.wikipedia.org/wiki/Main_building_of_Moscow_State_University,Who is the architect of this building?,Who is the architect of this building?,String,Lev Rudnev|Boris Iofan|Vsevolod Nasonov,0,0,0,infoseek,0,0,0,oven_05018073,infoseek_val_00066462
Chervil,https://en.wikipedia.org/wiki/Chervil,What is the closest parent taxonomy of this plant?,What is the closest parent taxonomy of this plant?,String,Anthriscus,0,0,0,infoseek,0,0,0,oven_05063621,infoseek_val_00066498
Falun Mine,https://en.wikipedia.org/wiki/Falun_Mine,What country does this place belong to?,What country does this place belong to?,String,Sweden,0,0,0,infoseek,0,0,0,oven_05026437,infoseek_val_00066523
Donauturm,https://en.wikipedia.org/wiki/Donauturm,What country does this building belong to?,What country does this building belong to?,String,Austria,0,0,0,infoseek,0,0,0,oven_05021682,infoseek_val_00066570
Hexagon,https://en.wikipedia.org/wiki/Hexagon,What is the facet of this object?,What is the facet of this object?,String,side,0,0,0,infoseek,0,0,0,oven_04950185,infoseek_val_00066591
Rundetaarn,https://en.wikipedia.org/wiki/Rundetaarn,Which city or region does this building locate in?,Which city or region does this building locate in?,String,Copenhagen Municipality,0,0,0,infoseek,0,0,0,oven_05022080,infoseek_val_00066617
Melia azedarach,https://en.wikipedia.org/wiki/Melia_azedarach,What is the closest upper taxonomy of this plant?,What is the closest upper taxonomy of this plant?,String,Melia,0,0,0,infoseek,0,0,0,oven_05033969,infoseek_val_00066622
Habrosyne scripta,https://en.wikipedia.org/wiki/Habrosyne_scripta,What is the closest parent taxonomy of this insect?,What is the closest parent taxonomy of this insect?,String,Habrosyne,0,0,0,infoseek,0,0,0,oven_05037889,infoseek_val_00066755
Tarkhany,https://en.wikipedia.org/wiki/Tarkhany,What is this building dedicated to?,What is this building dedicated to?,String,Mikhail Lermontov,0,0,0,infoseek,0,0,0,oven_05024179,infoseek_val_00066775
Manila Cathedral,https://en.wikipedia.org/wiki/Manila_Cathedral,Which diocese does this building belong to?,Which diocese does this building belong to?,String,Archdiocese of Manila,0,0,0,infoseek,0,0,0,oven_05020827,infoseek_val_00066887
Ein Avdat,https://en.wikipedia.org/wiki/Ein_Avdat,What is the location of this facility?,What is the location of this facility?,String,Nahal Zin,0,0,0,infoseek,0,0,0,oven_05012169,infoseek_val_00066914
Mammillaria heyderi,https://en.wikipedia.org/wiki/Mammillaria_heyderi,What is the closest parent taxonomy of this plant?,What is the closest parent taxonomy of this plant?,String,Mammillaria,0,0,0,infoseek,0,0,0,oven_05032932,infoseek_val_00066950
Lysimachia ciliata,https://en.wikipedia.org/wiki/Lysimachia_ciliata,What is the closest parent taxonomy of this plant?,What is the closest parent taxonomy of this plant?,String,Lysimachia,0,0,0,infoseek,0,0,0,oven_05029169,infoseek_val_00066961
Vasa Museum,https://en.wikipedia.org/wiki/Vasa_Museum,Which (geo)physical feature is the building located in or on?,Which (geo)physical feature is the building located in or on?,String,Djurgården,0,0,0,infoseek,0,0,0,oven_05023255,infoseek_val_00067045
Warsaw Uprising Monument,https://en.wikipedia.org/wiki/Warsaw_Uprising_Monument,Which city or region does this building locate in?,Which city or region does this building locate in?,String,Warsaw,0,0,0,infoseek,0,0,0,oven_05019901,infoseek_val_00067055
Jaguar XK,https://en.wikipedia.org/wiki/Jaguar_XK,What is the length in millimetre is the vehicle in the image?,What is the length in millimetre is the vehicle in the image?,Numerical,4760,0,0,0,infoseek,0,0,0,oven_05010338,infoseek_val_00067316
Old Gate (Speyer),https://en.wikipedia.org/wiki/Old_Gate_(Speyer),What country does this building belong to?,What country does this building belong to?,String,Germany,0,0,0,infoseek,0,0,0,oven_05023106,infoseek_val_00067337
Fraumünster,https://en.wikipedia.org/wiki/Fraum%C3%BCnster,What country does this building belong to?,What country does this building belong to?,String,Switzerland,0,0,0,infoseek,0,0,0,oven_05012484,infoseek_val_00067341
Enchilada,https://en.wikipedia.org/wiki/Enchilada,What country does this food belong to?,What country does this food belong to?,String,Mexico,0,0,0,infoseek,0,0,0,oven_04949420,infoseek_val_00067366
Mount Royal Chalet,https://en.wikipedia.org/wiki/Mount_Royal_Chalet,What country does this building belong to?,What country does this building belong to?,String,Canada,0,0,0,infoseek,0,0,0,oven_05022588,infoseek_val_00067378
Sumburgh Head,https://en.wikipedia.org/wiki/Sumburgh_Head,Which historic county does this island belong to?,Which historic county does this island belong to?,String,Shetland Islands,0,0,0,infoseek,0,0,0,oven_05024237,infoseek_val_00067401
Elymus hystrix,https://en.wikipedia.org/wiki/Elymus_hystrix,What is the closest upper taxonomy of this plant?,What is the closest upper taxonomy of this plant?,String,Elymus,0,0,0,infoseek,0,0,0,oven_05033618,infoseek_val_00067404
Green heron,https://en.wikipedia.org/wiki/Green_heron,What is the closest upper taxonomy of this bird?,What is the closest upper taxonomy of this bird?,String,Butorides,0,0,0,infoseek,0,0,0,oven_05045684,infoseek_val_00067485
Czocha Castle,https://en.wikipedia.org/wiki/Czocha_Castle,the building in the image participated in which conflict?,the building in the image participated in which conflict?,String,Hussite Wars,0,0,0,infoseek,0,0,0,oven_05015553,infoseek_val_00067537
"Greenwich Hospital, London","https://en.wikipedia.org/wiki/Greenwich_Hospital,_London",Which city or region does this building locate in?,Which city or region does this building locate in?,String,Royal Borough of Greenwich,0,0,0,infoseek,0,0,0,oven_05026819,infoseek_val_00067555
Golliwog,https://en.wikipedia.org/wiki/Golliwog,Who is the creator of this object?,Who is the creator of this object?,String,Florence K. Upton,0,0,0,infoseek,0,0,0,oven_05055714,infoseek_val_00067655
Loggerhead shrike,https://en.wikipedia.org/wiki/Loggerhead_shrike,What is the closest upper taxonomy of this bird?,What is the closest upper taxonomy of this bird?,String,Lanius,0,0,0,infoseek,0,0,0,oven_05038322,infoseek_val_00067683
Roman Villa Borg,https://en.wikipedia.org/wiki/Roman_Villa_Borg,Which city or region does this building locate in?,Which city or region does this building locate in?,String,Perl,0,0,0,infoseek,0,0,0,oven_05026698,infoseek_val_00067769
BMW Welt,https://en.wikipedia.org/wiki/BMW_Welt,who/what operates this building?,who/what operates this building?,String,BMW,0,0,0,infoseek,0,0,0,oven_05016735,infoseek_val_00067863
Panarea,https://en.wikipedia.org/wiki/Panarea,Which (geo)physical feature is the island located in or on?,Which (geo)physical feature is the island located in or on?,String,Aeolian Islands,0,0,0,infoseek,0,0,0,oven_05012911,infoseek_val_00067869
Whinchat,https://en.wikipedia.org/wiki/Whinchat,What is the length of the incubation period (in day) of this bird's egg?,What is the length of the incubation period (in day) of this bird's egg?,Numerical,13,0,0,0,infoseek,0,0,0,oven_05032755,infoseek_val_00068045
Nationals Park,https://en.wikipedia.org/wiki/Nationals_Park,who/what operates this park?,who/what operates this park?,String,Washington Nationals,0,0,0,infoseek,0,0,0,oven_04944543,infoseek_val_00068056
Cardamine californica,https://en.wikipedia.org/wiki/Cardamine_californica,What is the closest parent taxonomy of this plant?,What is the closest parent taxonomy of this plant?,String,Cardamine,0,0,0,infoseek,0,0,0,oven_05039890,infoseek_val_00068060
Airbus A310,https://en.wikipedia.org/wiki/Airbus_A310,what is the date this aircraft took the first flight?,what is the date this aircraft took the first flight?,Time,1982 4 3,0,0,0,infoseek,0,0,0,oven_05009559,infoseek_val_00068063
Garni Gorge,https://en.wikipedia.org/wiki/Garni_Gorge,What country does this place belong to?,What country does this place belong to?,String,Armenia,0,0,0,infoseek,0,0,0,oven_05019335,infoseek_val_00068065
Calgary,https://en.wikipedia.org/wiki/Calgary,What is the area in square kilometre occupied by this place?,What is the area in square kilometre occupied by this place?,Numerical,825.56,0,0,0,infoseek,0,0,0,oven_05019756,infoseek_val_00068201
Predjama Castle,https://en.wikipedia.org/wiki/Predjama_Castle,Which city or region does this building locate in?,Which city or region does this building locate in?,String,Municipality of Postojna,0,0,0,infoseek,0,0,0,oven_05014504,infoseek_val_00068215
Common wood-nymph,https://en.wikipedia.org/wiki/Common_wood-nymph,What is the closest parent taxonomy of this insect?,What is the closest parent taxonomy of this insect?,String,Cercyonis,0,0,0,infoseek,0,0,0,oven_05029711,infoseek_val_00068308
Calgary,https://en.wikipedia.org/wiki/Calgary,which notable activity has been held at the place presented in the image?,which notable activity has been held at the place presented in the image?,String,1988 Winter Olympics,0,0,0,infoseek,0,0,0,oven_05019731,infoseek_val_00068408
Proboscis bat,https://en.wikipedia.org/wiki/Proboscis_bat,where is this animal originally discovered?,where is this animal originally discovered?,String,Brazil,0,0,0,infoseek,0,0,0,oven_05045947,infoseek_val_00068506
Castle of Good Hope,https://en.wikipedia.org/wiki/Castle_of_Good_Hope,What country does this town belong to?,What country does this town belong to?,String,South Africa,0,0,0,infoseek,0,0,0,oven_05010785,infoseek_val_00068547
Cocoi heron,https://en.wikipedia.org/wiki/Cocoi_heron,"What is the conservation status of this bird? (The status is assigned by the international union for conservation of nature. Choose one among Endangered,Least Concern,Critically Endangered,extinct species,extinct in the wild,Vulnerable,Near Threatened,Data Deficient)","What is the conservation status of this bird? (The status is assigned by the international union for conservation of nature. Choose one among Endangered,Least Concern,Critically Endangered,extinct species,extinct in the wild,Vulnerable,Near Threatened,Data Deficient)",String,Least Concern,0,0,0,infoseek,0,0,0,oven_05038101,infoseek_val_00068549
Shinsekai,https://en.wikipedia.org/wiki/Shinsekai,In which year did this place officially open?,In which year did this place officially open?,Time,1912,0,0,0,infoseek,0,0,0,oven_05012328,infoseek_val_00068569
Vanšu Bridge,https://en.wikipedia.org/wiki/Van%C5%A1u_Bridge,What country does this bridge belong to?,What country does this bridge belong to?,String,Latvia,0,0,0,infoseek,0,0,0,oven_05019122,infoseek_val_00068658
Odonata,https://en.wikipedia.org/wiki/Odonata,What is the closest upper taxonomy of this animal?,What is the closest upper taxonomy of this animal?,String,Odonatoptera,0,0,0,infoseek,0,0,0,oven_05050085,infoseek_val_00068727
"Pieterskerk, Leiden","https://en.wikipedia.org/wiki/Pieterskerk,_Leiden",which notable activity has been held at the building presented in the image?,which notable activity has been held at the building presented in the image?,String,reconstruction,0,0,0,infoseek,0,0,0,oven_05018748,infoseek_val_00068750
"Palace of Justice, Nuremberg","https://en.wikipedia.org/wiki/Palace_of_Justice,_Nuremberg",In which year did this building officially open?,In which year did this building officially open?,Time,1916,0,0,0,infoseek,0,0,0,oven_05018991,infoseek_val_00068774
Osmunda regalis,https://en.wikipedia.org/wiki/Osmunda_regalis,What is the closest upper taxonomy of this plant?,What is the closest upper taxonomy of this plant?,String,Osmunda,0,0,0,infoseek,0,0,0,oven_05029248,infoseek_val_00068834
Thermostat,https://en.wikipedia.org/wiki/Thermostat,Who is the discoverer or inventor of this object?,Who is the discoverer or inventor of this object?,String,Warren Seymour Johnson,0,0,0,infoseek,0,0,0,oven_04948389,infoseek_val_00068868
Campo Imperatore,https://en.wikipedia.org/wiki/Campo_Imperatore,Which protected area is this place usually located in?,Which protected area is this place usually located in?,String,Gran Sasso e Monti della Laga National Park,0,0,0,infoseek,0,0,0,oven_05022917,infoseek_val_00068957
Northern waterthrush,https://en.wikipedia.org/wiki/Northern_waterthrush,What is the closest upper taxonomy of this bird?,What is the closest upper taxonomy of this bird?,String,waterthrush,0,0,0,infoseek,0,0,0,oven_05033730,infoseek_val_00069046
Spotted sandpiper,https://en.wikipedia.org/wiki/Spotted_sandpiper,how many centimetre is the wingspan of this bird?,how many centimetre is the wingspan of this bird?,Numerical,37.0-40.0,0,0,0,infoseek,0,0,0,oven_05037444,infoseek_val_00069055
Port Hercules,https://en.wikipedia.org/wiki/Port_Hercules,What country does this building belong to?,What country does this building belong to?,String,Monaco,0,0,0,infoseek,0,0,0,oven_05017870,infoseek_val_00069103
Stripe-headed sparrow,https://en.wikipedia.org/wiki/Stripe-headed_sparrow,What is the closest upper taxonomy of this bird?,What is the closest upper taxonomy of this bird?,String,Peucaea,0,0,0,infoseek,0,0,0,oven_05043067,infoseek_val_00069109
Vicuña,https://en.wikipedia.org/wiki/Vicu%C3%B1a,What is the closest upper taxonomy of this animal?,What is the closest upper taxonomy of this animal?,String,Vicugna,0,0,0,infoseek,0,0,0,oven_05050588,infoseek_val_00069132
Mont Aiguille,https://en.wikipedia.org/wiki/Mont_Aiguille,What is the sea level in metre of this mountain?,What is the sea level in metre of this mountain?,Numerical,2087,0,0,0,infoseek,0,0,0,oven_05023167,infoseek_val_00069181
Echinargus isola,https://en.wikipedia.org/wiki/Echinargus_isola,What is the closest upper taxonomy of this insect?,What is the closest upper taxonomy of this insect?,String,Echinargus,0,0,0,infoseek,0,0,0,oven_05036881,infoseek_val_00069248
Menai Suspension Bridge,https://en.wikipedia.org/wiki/Menai_Suspension_Bridge,On what date did this building officially open?,On what date did this building officially open?,Time,1826 1 30,0,0,0,infoseek,0,0,0,oven_05026567,infoseek_val_00069426
Petrorhagia dubia,https://en.wikipedia.org/wiki/Petrorhagia_dubia,What is the closest parent taxonomy of this plant?,What is the closest parent taxonomy of this plant?,String,Petrorhagia,0,0,0,infoseek,0,0,0,oven_05041950,infoseek_val_00069496
Belding's ground squirrel,https://en.wikipedia.org/wiki/Belding%27s_ground_squirrel,Which place is this animal endemic to?,Which place is this animal endemic to?,String,United States of America,0,0,0,infoseek,0,0,0,oven_05043210,infoseek_val_00069549
Kon-Tiki expedition,https://en.wikipedia.org/wiki/Kon-Tiki_expedition,where is the starting point of this event,where is the starting point of this event,String,Callao,0,0,0,infoseek,0,0,0,oven_05052274,infoseek_val_00069599
Jerusalem cricket,https://en.wikipedia.org/wiki/Jerusalem_cricket,What is the closest parent taxonomy of this animal?,What is the closest parent taxonomy of this animal?,String,Stenopelmatinae,0,0,0,infoseek,0,0,0,oven_05049981,infoseek_val_00069649
Waterbuck,https://en.wikipedia.org/wiki/Waterbuck,What is the highest observed lifespan of this animal?,What is the highest observed lifespan of this animal?,Numerical,30,0,0,0,infoseek,0,0,0,oven_05041151,infoseek_val_00069705
Yenidze,https://en.wikipedia.org/wiki/Yenidze,In which year did this building officially open?,In which year did this building officially open?,Time,1909,0,0,0,infoseek,0,0,0,oven_05011197,infoseek_val_00069812
Gutierrezia sarothrae,https://en.wikipedia.org/wiki/Gutierrezia_sarothrae,What is the closest upper taxonomy of this plant?,What is the closest upper taxonomy of this plant?,String,Gutierrezia,0,0,0,infoseek,0,0,0,oven_05029630,infoseek_val_00069847
Common eider,https://en.wikipedia.org/wiki/Common_eider,What is the weight of a male of this bird in kilogram?,What is the weight of a male of this bird in kilogram?,Numerical,2.218,0,0,0,infoseek,0,0,0,oven_05044802,infoseek_val_00069920
Bushshrike,https://en.wikipedia.org/wiki/Bushshrike,What is the closest upper taxonomy of this bird?,What is the closest upper taxonomy of this bird?,String,Malaconotoidea,0,0,0,infoseek,0,0,0,oven_05047685,infoseek_val_00069985
Cryptothecia rubrocincta,https://en.wikipedia.org/wiki/Cryptothecia_rubrocincta,What is the basionym of this plant?,What is the basionym of this plant?,String,Hypochnus rubrocinctus,0,0,0,infoseek,0,0,0,oven_05030627,infoseek_val_00070044
Beefsteak tomato,https://en.wikipedia.org/wiki/Beefsteak_tomato,What is the country of origin of this plant?,What is the country of origin of this plant?,String,Italy,0,0,0,infoseek,0,0,0,oven_05063249,infoseek_val_00070059
Maianthemum stellatum,https://en.wikipedia.org/wiki/Maianthemum_stellatum,What is the closest parent taxonomy of this plant?,What is the closest parent taxonomy of this plant?,String,Maianthemum,0,0,0,infoseek,0,0,0,oven_05046063,infoseek_val_00070070
Eurasian teal,https://en.wikipedia.org/wiki/Eurasian_teal,What is the length of the wingspan in metre of this bird?,What is the length of the wingspan in metre of this bird?,Numerical,0.59,0,0,0,infoseek,0,0,0,oven_05035747,infoseek_val_00070139
Morus (plant),https://en.wikipedia.org/wiki/Morus_(plant),What is this plant named after?,What is this plant named after?,String,Morea,0,0,0,infoseek,0,0,0,oven_05063499,infoseek_val_00070143
Southern lapwing,https://en.wikipedia.org/wiki/Southern_lapwing,Which geographic area is this bird found?,Which geographic area is this bird found?,String,Brazil,0,0,0,infoseek,0,0,0,oven_05036684,infoseek_val_00070181
Trafalgar Square,https://en.wikipedia.org/wiki/Trafalgar_Square,who/what operates this place?,who/what operates this place?,String,Greater London Authority,0,0,0,infoseek,0,0,0,oven_04944565,infoseek_val_00070323
Pyrola elliptica,https://en.wikipedia.org/wiki/Pyrola_elliptica,What is the closest parent taxonomy of this plant?,What is the closest parent taxonomy of this plant?,String,Pyrola,0,0,0,infoseek,0,0,0,oven_05035194,infoseek_val_00070351
Umeda Sky Building,https://en.wikipedia.org/wiki/Umeda_Sky_Building,How many levels does this building have?,How many levels does this building have?,Numerical,40,0,0,0,infoseek,0,0,0,oven_05011284,infoseek_val_00070355
Anıtkabir,https://en.wikipedia.org/wiki/An%C4%B1tkabir,What is this building dedicated to?,What is this building dedicated to?,String,Mustafa Kemal Atatürk,0,0,0,infoseek,0,0,0,oven_05026509,infoseek_val_00070361
Ratite,https://en.wikipedia.org/wiki/Ratite,What is the closest parent taxonomy of this bird?,What is the closest parent taxonomy of this bird?,String,Palaeognathae,0,0,0,infoseek,0,0,0,oven_05047123,infoseek_val_00070380
Viviparous lizard,https://en.wikipedia.org/wiki/Viviparous_lizard,What is the closest parent taxonomy of this animal?,What is the closest parent taxonomy of this animal?,String,Zootoca,0,0,0,infoseek,0,0,0,oven_05033550,infoseek_val_00070476
Pika,https://en.wikipedia.org/wiki/Pika,What is the closest parent taxonomy of this animal?,What is the closest parent taxonomy of this animal?,String,Ochotonidae,0,0,0,infoseek,0,0,0,oven_05050209,infoseek_val_00070494
Catalpa speciosa,https://en.wikipedia.org/wiki/Catalpa_speciosa,What is the closest parent taxonomy of this plant?,What is the closest parent taxonomy of this plant?,String,Catalpa,0,0,0,infoseek,0,0,0,oven_05040152,infoseek_val_00070525
Embraer Legacy 600,https://en.wikipedia.org/wiki/Embraer_Legacy_600,What country does this vehicle belong to?,What country does this vehicle belong to?,String,Brazil,0,0,0,infoseek,0,0,0,oven_05009600,infoseek_val_00070689
Pro Football Hall of Fame,https://en.wikipedia.org/wiki/Pro_Football_Hall_of_Fame,On what date did this building officially open?,On what date did this building officially open?,Time,1963 9 7,0,0,0,infoseek,0,0,0,oven_05019612,infoseek_val_00070737
Lamborghini Gallardo,https://en.wikipedia.org/wiki/Lamborghini_Gallardo,What is the immediately prior item that this vehicle follows in a series?,What is the immediately prior item that this vehicle follows in a series?,String,Lamborghini Jalpa,0,0,0,infoseek,0,0,0,oven_05010666,infoseek_val_00070772
Osaka Castle,https://en.wikipedia.org/wiki/Osaka_Castle,What was the building or structure prior to the existence of this building?,What was the building or structure prior to the existence of this building?,String,Ishiyama Hongan-ji,0,0,0,infoseek,0,0,0,oven_05024769,infoseek_val_00070773
Nationals Park,https://en.wikipedia.org/wiki/Nationals_Park,What is the maximum capacity of this park?,What is the maximum capacity of this park?,Numerical,41888,0,0,0,infoseek,0,0,0,oven_04944535,infoseek_val_00070910
"St. Lorenz, Nuremberg","https://en.wikipedia.org/wiki/St._Lorenz,_Nuremberg",Which city or region does this building locate in?,Which city or region does this building locate in?,String,Nuremberg,0,0,0,infoseek,0,0,0,oven_05017218,infoseek_val_00071004
Calamagrostis purpurascens,https://en.wikipedia.org/wiki/Calamagrostis_purpurascens,What is the closest upper taxonomy of this plant?,What is the closest upper taxonomy of this plant?,String,Calamagrostis,0,0,0,infoseek,0,0,0,oven_05067206,infoseek_val_00071010
Tiger snake,https://en.wikipedia.org/wiki/Tiger_snake,Which place is this animal endemic to?,Which place is this animal endemic to?,String,Australia,0,0,0,infoseek,0,0,0,oven_05048046,infoseek_val_00071116
Niterói Contemporary Art Museum,https://en.wikipedia.org/wiki/Niter%C3%B3i_Contemporary_Art_Museum,In which year did this building officially open?,In which year did this building officially open?,Time,1996,0,0,0,infoseek,0,0,0,oven_05020419,infoseek_val_00071121
Chevrolet Express,https://en.wikipedia.org/wiki/Chevrolet_Express,Which company manufactures this vehicle?,Which company manufactures this vehicle?,String,General Motors,0,0,0,infoseek,0,0,0,oven_05010152,infoseek_val_00071195
Taraxia ovata,https://en.wikipedia.org/wiki/Taraxia_ovata,What is the closest parent taxonomy of this plant?,What is the closest parent taxonomy of this plant?,String,Taraxia,0,0,0,infoseek,0,0,0,oven_05032042,infoseek_val_00071291
Illicium verum,https://en.wikipedia.org/wiki/Illicium_verum,What is the closest parent taxonomy of this plant?,What is the closest parent taxonomy of this plant?,String,Illicium,0,0,0,infoseek,0,0,0,oven_05063944,infoseek_val_00071296
Normandy American Cemetery and Memorial,https://en.wikipedia.org/wiki/Normandy_American_Cemetery_and_Memorial,What country does this facility belong to?,What country does this facility belong to?,String,France,0,0,0,infoseek,0,0,0,oven_05020444,infoseek_val_00071311
Dryocampa rubicunda,https://en.wikipedia.org/wiki/Dryocampa_rubicunda,What is the closest parent taxonomy of this insect?,What is the closest parent taxonomy of this insect?,String,Dryocampa,0,0,0,infoseek,0,0,0,oven_05045161,infoseek_val_00071314
Yellow-bellied slider,https://en.wikipedia.org/wiki/Yellow-bellied_slider,Which place is this animal endemic to?,Which place is this animal endemic to?,String,United States of America,0,0,0,infoseek,0,0,0,oven_05036027,infoseek_val_00071328
Neotibicen superbus,https://en.wikipedia.org/wiki/Neotibicen_superbus,What is the closest parent taxonomy of this insect?,What is the closest parent taxonomy of this insect?,String,Neotibicen,0,0,0,infoseek,0,0,0,oven_05035231,infoseek_val_00071350
Oberstdorf,https://en.wikipedia.org/wiki/Oberstdorf,What is the sea level in metre of this facility?,What is the sea level in metre of this facility?,Numerical,812.0-814.0,0,0,0,infoseek,0,0,0,oven_05017455,infoseek_val_00071358
Kyffhäuser Monument,https://en.wikipedia.org/wiki/Kyffh%C3%A4user_Monument,Who is the creator of this building?,Who is the creator of this building?,String,Bruno Schmitz|Emil Hundrieser,0,0,0,infoseek,0,0,0,oven_05023558,infoseek_val_00071386
Kratochvíle,https://en.wikipedia.org/wiki/Kratochv%C3%ADle,What is the architectural style of this building?,What is the architectural style of this building?,String,Renaissance architecture,0,0,0,infoseek,0,0,0,oven_05013660,infoseek_val_00071401
Pedra da Boca State Park,https://en.wikipedia.org/wiki/Pedra_da_Boca_State_Park,Which government has executive power of this facility?,Which government has executive power of this facility?,String,state,0,0,0,infoseek,0,0,0,oven_05017359,infoseek_val_00071476
Zamia,https://en.wikipedia.org/wiki/Zamia,What is the closest upper taxonomy of this plant?,What is the closest upper taxonomy of this plant?,String,Zamiaceae,0,0,0,infoseek,0,0,0,oven_05065422,infoseek_val_00071498
Canada jay,https://en.wikipedia.org/wiki/Canada_jay,where is this bird originally discovered?,where is this bird originally discovered?,String,Oregon,0,0,0,infoseek,0,0,0,oven_05041753,infoseek_val_00071512
Fokker 100,https://en.wikipedia.org/wiki/Fokker_100,What equipment or engine is used by this aircraft to provide power?,What equipment or engine is used by this aircraft to provide power?,String,Rolls-Royce RB.183 Tay,0,0,0,infoseek,0,0,0,oven_05009880,infoseek_val_00071548
"Prem Mandir, Vrindavan","https://en.wikipedia.org/wiki/Prem_Mandir,_Vrindavan",On what date did this building officially open?,On what date did this building officially open?,Time,2012 2 17,0,0,0,infoseek,0,0,0,oven_05022249,infoseek_val_00071582
Bradybaena similaris,https://en.wikipedia.org/wiki/Asian_trampsnail,What is the closest parent taxonomy of this animal?,What is the closest parent taxonomy of this animal?,String,Bradybaena,0,0,0,infoseek,0,0,0,oven_05036318,infoseek_val_00071678
Polemonium occidentale,https://en.wikipedia.org/wiki/Polemonium_occidentale,What is the closest parent taxonomy of this plant?,What is the closest parent taxonomy of this plant?,String,Polemonium,0,0,0,infoseek,0,0,0,oven_05030164,infoseek_val_00071737
Nan Lian Garden,https://en.wikipedia.org/wiki/Nan_Lian_Garden,Which city or region does this garden locate in?,Which city or region does this garden locate in?,String,Hong Kong,0,0,0,infoseek,0,0,0,oven_05018949,infoseek_val_00071872
Iris xiphium,https://en.wikipedia.org/wiki/Iris_xiphium,What is the closest parent taxonomy of this plant?,What is the closest parent taxonomy of this plant?,String,Iris,0,0,0,infoseek,0,0,0,oven_05067846,infoseek_val_00071875
Acacia melanoxylon,https://en.wikipedia.org/wiki/Acacia_melanoxylon,What is the closest parent taxonomy of this plant?,What is the closest parent taxonomy of this plant?,String,Acacia,0,0,0,infoseek,0,0,0,oven_05065947,infoseek_val_00071879
Northern beardless tyrannulet,https://en.wikipedia.org/wiki/Northern_beardless_tyrannulet,What is the closest parent taxonomy of this bird?,What is the closest parent taxonomy of this bird?,String,Camptostoma,0,0,0,infoseek,0,0,0,oven_05034108,infoseek_val_00071900
Ilinden (memorial),https://en.wikipedia.org/wiki/Ilinden_(memorial),What country does this building belong to?,What country does this building belong to?,String,North Macedonia,0,0,0,infoseek,0,0,0,oven_05017180,infoseek_val_00071937
Dornier Flugzeugwerke,https://en.wikipedia.org/wiki/Dornier_Flugzeugwerke,What country does this aircraft belong to?,What country does this aircraft belong to?,String,Germany,0,0,0,infoseek,0,0,0,oven_05009954,infoseek_val_00072043
Puffbird,https://en.wikipedia.org/wiki/Puffbird,What is the closest parent taxonomy of this bird?,What is the closest parent taxonomy of this bird?,String,Galbuli,0,0,0,infoseek,0,0,0,oven_05048321,infoseek_val_00072069
"Saint James's Church, Stockholm","https://en.wikipedia.org/wiki/Saint_James%27s_Church,_Stockholm",Which city or region does this building locate in?,Which city or region does this building locate in?,String,Stockholm Municipality,0,0,0,infoseek,0,0,0,oven_05026043,infoseek_val_00072096
Tradescantia pallida,https://en.wikipedia.org/wiki/Tradescantia_pallida,What is the closest parent taxonomy of this plant?,What is the closest parent taxonomy of this plant?,String,Tradescantia,0,0,0,infoseek,0,0,0,oven_05030445,infoseek_val_00072126
Casa de les Punxes,https://en.wikipedia.org/wiki/Casa_de_les_Punxes,In which year was this building first mentioned in writing?,In which year was this building first mentioned in writing?,Time,1903,0,0,0,infoseek,0,0,0,oven_05019022,infoseek_val_00072173
Microcentrum rhombifolium,https://en.wikipedia.org/wiki/Microcentrum_rhombifolium,What is the closest parent taxonomy of this insect?,What is the closest parent taxonomy of this insect?,String,Microcentrum,0,0,0,infoseek,0,0,0,oven_05036730,infoseek_val_00072212
Lysimachia latifolia,https://en.wikipedia.org/wiki/Lysimachia_latifolia,What is the closest parent taxonomy of this plant?,What is the closest parent taxonomy of this plant?,String,Lysimachia,0,0,0,infoseek,0,0,0,oven_05029379,infoseek_val_00072220
Brassica juncea,https://en.wikipedia.org/wiki/Brassica_juncea,What is the closest upper taxonomy of this plant?,What is the closest upper taxonomy of this plant?,String,Brassica,0,0,0,infoseek,0,0,0,oven_05063068,infoseek_val_00072221
Anatinae,https://en.wikipedia.org/wiki/Anatinae,Which geographic area is this bird found?,Which geographic area is this bird found?,String,Brazil,0,0,0,infoseek,0,0,0,oven_05048427,infoseek_val_00072229
Hydrophyllum tenuipes,https://en.wikipedia.org/wiki/Hydrophyllum_tenuipes,What is the closest parent taxonomy of this plant?,What is the closest parent taxonomy of this plant?,String,Hydrophyllum,0,0,0,infoseek,0,0,0,oven_05034804,infoseek_val_00072354
Calystegia sepium,https://en.wikipedia.org/wiki/Calystegia_sepium,What is the closest upper taxonomy of this plant?,What is the closest upper taxonomy of this plant?,String,Calystegia,0,0,0,infoseek,0,0,0,oven_05040475,infoseek_val_00072431
Wat Phra That Doi Suthep,https://en.wikipedia.org/wiki/Wat_Phra_That_Doi_Suthep,What is this building named after?,What is this building named after?,String,Doi Suthep,0,0,0,infoseek,0,0,0,oven_05020300,infoseek_val_00072631
Alnus rubra,https://en.wikipedia.org/wiki/Alnus_rubra,Which geographic area is this plant found?,Which geographic area is this plant found?,String,British Columbia Coast,0,0,0,infoseek,0,0,0,oven_05031378,infoseek_val_00072692
Mission San Carlos Borromeo de Carmelo,https://en.wikipedia.org/wiki/Mission_San_Carlos_Borromeo_de_Carmelo,What is this facility named after?,What is this facility named after?,String,Carmel River,0,0,0,infoseek,0,0,0,oven_05025741,infoseek_val_00072717
Muscovy duck,https://en.wikipedia.org/wiki/Muscovy_duck,What is the closest parent taxonomy of this bird?,What is the closest parent taxonomy of this bird?,String,Cairina,0,0,0,infoseek,0,0,0,oven_05038069,infoseek_val_00072775
Old Orhei,https://en.wikipedia.org/wiki/Old_Orhei,Which city or region does this building locate in?,Which city or region does this building locate in?,String,Orhei District,0,0,0,infoseek,0,0,0,oven_05021214,infoseek_val_00072819
Schneeberg (Alps),https://en.wikipedia.org/wiki/Schneeberg_(Alps),What country does this place belong to?,What country does this place belong to?,String,Austria,0,0,0,infoseek,0,0,0,oven_05012115,infoseek_val_00072947
Scaphiopus holbrookii,https://en.wikipedia.org/wiki/Scaphiopus_holbrookii,Where is this animal native to?,Where is this animal native to?,String,United States of America,0,0,0,infoseek,0,0,0,oven_05044043,infoseek_val_00072985
Craigmillar Castle,https://en.wikipedia.org/wiki/Craigmillar_Castle,Which historic county does this building belong to?,Which historic county does this building belong to?,String,Midlothian,0,0,0,infoseek,0,0,0,oven_05024009,infoseek_val_00073040
Calopteryx aequabilis,https://en.wikipedia.org/wiki/Calopteryx_aequabilis,What is the closest upper taxonomy of this insect?,What is the closest upper taxonomy of this insect?,String,Calopteryx,0,0,0,infoseek,0,0,0,oven_05035079,infoseek_val_00073067
Jadera haematoloma,https://en.wikipedia.org/wiki/Jadera_haematoloma,What is the closest upper taxonomy of this insect?,What is the closest upper taxonomy of this insect?,String,Jadera,0,0,0,infoseek,0,0,0,oven_05035349,infoseek_val_00073087
Liometopum occidentale,https://en.wikipedia.org/wiki/Liometopum_occidentale,What is the closest parent taxonomy of this insect?,What is the closest parent taxonomy of this insect?,String,Liometopum,0,0,0,infoseek,0,0,0,oven_05036924,infoseek_val_00073136
Psychomorpha,https://en.wikipedia.org/wiki/Psychomorpha,What is the closest upper taxonomy of this insect?,What is the closest upper taxonomy of this insect?,String,Noctuidae,0,0,0,infoseek,0,0,0,oven_05036244,infoseek_val_00073268
Frogfish,https://en.wikipedia.org/wiki/Frogfish,What is the closest upper taxonomy of this animal?,What is the closest upper taxonomy of this animal?,String,Lophiiformes,0,0,0,infoseek,0,0,0,oven_05051077,infoseek_val_00073294
Hedgehog,https://en.wikipedia.org/wiki/Hedgehog,What are the locomotion methods of this animal?,What are the locomotion methods of this animal?,String,rolling,0,0,0,infoseek,0,0,0,oven_04945478,infoseek_val_00073306
Allis shad,https://en.wikipedia.org/wiki/Allis_shad,What is the closest parent taxonomy of this animal?,What is the closest parent taxonomy of this animal?,String,Alosa,0,0,0,infoseek,0,0,0,oven_05050910,infoseek_val_00073522
Niebla homalea,https://en.wikipedia.org/wiki/Niebla_homalea,What is the closest upper taxonomy of this plant?,What is the closest upper taxonomy of this plant?,String,Niebla,0,0,0,infoseek,0,0,0,oven_05032653,infoseek_val_00073559
Austroblechnum lanceolatum,https://en.wikipedia.org/wiki/Austroblechnum_lanceolatum,What is the closest parent taxonomy of this plant?,What is the closest parent taxonomy of this plant?,String,Blechnum,0,0,0,infoseek,0,0,0,oven_05030756,infoseek_val_00073567
